hour,q_in_m3s,h_down_m,q_xs1_0.0km_m3s,h_xs1_0.0km_m,q_xs2_0.5km_m3s,h_xs2_0.5km_m,q_xs3_1.0km_m3s,h_xs3_1.0km_m,q_xs4_1.5km_m3s,h_xs4_1.5km_m,q_xs5_2.0km_m3s,h_xs5_2.0km_m,q_xs6_2.5km_m3s,h_xs6_2.5km_m,q_xs7_3.0km_m3s,h_xs7_3.0km_m,q_xs8_3.5km_m3s,h_xs8_3.5km_m,q_xs9_4.0km_m3s,h_xs9_4.0km_m,q_xs10_4.5km_m3s,h_xs10_4.5km_m,q_xs11_5.0km_m3s,h_xs11_5.0km_m,q_xs12_5.5km_m3s,h_xs12_5.5km_m,q_xs13_6.0km_m3s,h_xs13_6.0km_m,q_xs14_6.5km_m3s,h_xs14_6.5km_m,q_xs15_7.0km_m3s,h_xs15_7.0km_m,q_xs16_7.5km_m3s,h_xs16_7.5km_m,q_xs17_8.0km_m3s,h_xs17_8.0km_m,q_xs18_8.5km_m3s,h_xs18_8.5km_m,q_xs19_9.0km_m3s,h_xs19_9.0km_m,q_xs20_9.5km_m3s,h_xs20_9.5km_m,q_xs21_10.0km_m3s,h_xs21_10.0km_m,q_xs22_10.5km_m3s,h_xs22_10.5km_m,q_xs23_11.0km_m3s,h_xs23_11.0km_m,q_xs24_11.5km_m3s,h_xs24_11.5km_m,q_xs25_12.0km_m3s,h_xs25_12.0km_m,q_xs26_12.5km_m3s,h_xs26_12.5km_m,q_xs27_13.0km_m3s,h_xs27_13.0km_m,q_xs28_13.5km_m3s,h_xs28_13.5km_m,q_xs29_14.0km_m3s,h_xs29_14.0km_m,q_xs30_14.5km_m3s,h_xs30_14.5km_m,q_xs31_15.0km_m3s,h_xs31_15.0km_m,q_xs32_15.5km_m3s,h_xs32_15.5km_m,q_xs33_16.0km_m3s,h_xs33_16.0km_m,q_xs34_16.5km_m3s,h_xs34_16.5km_m,q_xs35_17.0km_m3s,h_xs35_17.0km_m,q_xs36_17.5km_m3s,h_xs36_17.5km_m,q_xs37_18.0km_m3s,h_xs37_18.0km_m,q_xs38_18.5km_m3s,h_xs38_18.5km_m,q_xs39_19.0km_m3s,h_xs39_19.0km_m,q_xs40_19.5km_m3s,h_xs40_19.5km_m,q_xs41_20.0km_m3s,h_xs41_20.0km_m,q_xs42_20.5km_m3s,h_xs42_20.5km_m,q_xs43_21.0km_m3s,h_xs43_21.0km_m,q_xs44_21.5km_m3s,h_xs44_21.5km_m,q_xs45_22.0km_m3s,h_xs45_22.0km_m,q_xs46_22.5km_m3s,h_xs46_22.5km_m,q_xs47_23.0km_m3s,h_xs47_23.0km_m,q_xs48_23.5km_m3s,h_xs48_23.5km_m,q_xs49_24.0km_m3s,h_xs49_24.0km_m,q_xs50_24.5km_m3s,h_xs50_24.5km_m,q_xs51_25.0km_m3s,h_xs51_25.0km_m,q_xs52_25.5km_m3s,h_xs52_25.5km_m,q_xs53_26.0km_m3s,h_xs53_26.0km_m,q_xs54_26.5km_m3s,h_xs54_26.5km_m,q_xs55_27.0km_m3s,h_xs55_27.0km_m,q_xs56_27.5km_m3s,h_xs56_27.5km_m,q_xs57_28.0km_m3s,h_xs57_28.0km_m,q_xs58_28.5km_m3s,h_xs58_28.5km_m,q_xs59_29.0km_m3s,h_xs59_29.0km_m,q_xs60_29.5km_m3s,h_xs60_29.5km_m,q_xs61_30.0km_m3s,h_xs61_30.0km_m,q_xs62_30.5km_m3s,h_xs62_30.5km_m,q_xs63_31.0km_m3s,h_xs63_31.0km_m,q_xs64_31.4km_m3s,h_xs64_31.4km_m,q_xs65_31.9km_m3s,h_xs65_31.9km_m,q_xs66_32.4km_m3s,h_xs66_32.4km_m,q_xs67_32.9km_m3s,h_xs67_32.9km_m,q_xs68_33.4km_m3s,h_xs68_33.4km_m,q_xs69_33.9km_m3s,h_xs69_33.9km_m,q_xs70_34.4km_m3s,h_xs70_34.4km_m,q_xs71_34.9km_m3s,h_xs71_34.9km_m,q_xs72_35.4km_m3s,h_xs72_35.4km_m,q_xs73_35.9km_m3s,h_xs73_35.9km_m,q_xs74_36.4km_m3s,h_xs74_36.4km_m,q_xs75_36.9km_m3s,h_xs75_36.9km_m,q_xs76_37.4km_m3s,h_xs76_37.4km_m,q_xs77_37.9km_m3s,h_xs77_37.9km_m,q_xs78_38.4km_m3s,h_xs78_38.4km_m,q_xs79_38.9km_m3s,h_xs79_38.9km_m,q_xs80_39.4km_m3s,h_xs80_39.4km_m,q_xs81_39.9km_m3s,h_xs81_39.9km_m,q_xs82_40.4km_m3s,h_xs82_40.4km_m,q_xs83_40.9km_m3s,h_xs83_40.9km_m,q_xs84_41.4km_m3s,h_xs84_41.4km_m,q_xs85_41.9km_m3s,h_xs85_41.9km_m,q_xs86_42.4km_m3s,h_xs86_42.4km_m,q_xs87_42.9km_m3s,h_xs87_42.9km_m,q_xs88_43.4km_m3s,h_xs88_43.4km_m,q_xs89_43.9km_m3s,h_xs89_43.9km_m,q_xs90_44.4km_m3s,h_xs90_44.4km_m,q_xs91_44.9km_m3s,h_xs91_44.9km_m,q_xs92_45.4km_m3s,h_xs92_45.4km_m,q_xs93_45.9km_m3s,h_xs93_45.9km_m,q_xs94_46.4km_m3s,h_xs94_46.4km_m,q_xs95_46.9km_m3s,h_xs95_46.9km_m,q_xs96_47.4km_m3s,h_xs96_47.4km_m,q_xs97_47.9km_m3s,h_xs97_47.9km_m,q_xs98_48.4km_m3s,h_xs98_48.4km_m,q_xs99_48.9km_m3s,h_xs99_48.9km_m,q_xs100_49.4km_m3s,h_xs100_49.4km_m,q_xs101_49.9km_m3s,h_xs101_49.9km_m,q_xs102_50.4km_m3s,h_xs102_50.4km_m,q_xs103_50.9km_m3s,h_xs103_50.9km_m,q_xs104_51.4km_m3s,h_xs104_51.4km_m,q_xs105_51.9km_m3s,h_xs105_51.9km_m,q_xs106_52.4km_m3s,h_xs106_52.4km_m,q_xs107_52.9km_m3s,h_xs107_52.9km_m
0,431.4323,8.8279,431.4323,8.8304,431.4323,8.8303,431.4323,8.8303,431.4323,8.8303,431.4323,8.8303,431.4323,8.8303,431.4323,8.8303,431.4323,8.8303,431.4323,8.8303,431.4323,8.8302,431.4323,8.8302,431.4323,8.8302,431.4323,8.8302,431.4323,8.8302,431.4323,8.8302,431.4323,8.8301,431.4323,8.8301,431.4323,8.8301,431.4323,8.8301,431.4323,8.8301,431.4323,8.8301,431.4323,8.8301,431.4323,8.8301,431.4323,8.8301,431.4323,8.83,431.4323,8.83,431.4323,8.83,431.4323,8.83,431.4323,8.83,431.4323,8.83,431.4323,8.83,431.4323,8.83,431.4323,8.83,431.4323,8.8299,431.4323,8.8299,431.4323,8.8299,431.4323,8.8299,431.4323,8.8299,431.4323,8.8298,431.4323,8.8298,431.4323,8.8298,431.4323,8.8298,431.4323,8.8297,431.4323,8.8297,431.4323,8.8297,431.4323,8.8296,431.4323,8.8296,431.4323,8.8296,431.4323,8.8296,431.4323,8.8295,431.4323,8.8295,431.4323,8.8295,431.4323,8.8294,431.4323,8.8294,431.4323,8.8294,431.4323,8.8293,431.4323,8.8293,431.4323,8.8292,431.4323,8.8292,431.4323,8.8292,431.4323,8.8291,431.4323,8.8291,431.4323,8.8291,431.4323,8.829,431.4323,8.829,431.4323,8.8289,431.4323,8.8289,431.4323,8.8289,431.4323,8.8288,431.4323,8.8288,431.4323,8.8288,431.4323,8.8287,431.4323,8.8287,431.4323,8.8287,431.4323,8.8287,431.4323,8.8286,431.4323,8.8286,431.4323,8.8286,431.4323,8.8285,431.4323,8.8285,431.4323,8.8285,431.4323,8.8285,431.4323,8.8285,431.4323,8.8285,431.4323,8.8284,431.4323,8.8284,431.4323,8.8284,431.4323,8.8284,431.4323,8.8283,431.4323,8.8283,431.4323,8.8283,431.4323,8.8283,431.4323,8.8283,431.4323,8.8283,431.4323,8.8282,431.4323,8.8282,431.4323,8.8282,431.4323,8.8281,431.4323,8.8281,431.4323,8.828,431.4323,8.828,431.4323,8.828,431.4323,8.8279,431.4323,8.8279,431.4323,8.8279,431.4323,8.8279,431.4323,8.8279
1,429.9989,8.9386,429.9989,8.9386,4910.0056,8.9386,5210.6395,8.9386,5563.878,8.9386,5882.0851,8.9386,6116.3054,8.9386,6252.0557,8.9386,6301.758,8.9386,6298.046,8.9442,6253.146,8.9544,6163.9938,8.9609,6070.3232,8.9543,6045.0897,8.939,6123.9495,8.9386,6288.0016,8.9386,6491.8267,8.9386,6677.5295,8.9386,6796.4945,8.9386,6842.7486,8.9405,6843.9866,8.9494,6812.2015,8.963,6731.624,8.9752,6607.4745,8.9799,6497.1219,8.9702,6480.6395,8.9467,6614.7833,8.9386,6886.6879,8.948,7182.5985,8.9917,7339.979,9.0526,7263.6187,9.1144,6988.8021,9.1656,6644.5577,9.2015,6362.0333,9.2106,6195.1399,9.1999,6121.3638,9.1813,6104.9897,9.1645,6116.5956,9.1607,6112.4411,9.1649,6048.8052,9.1716,5910.346,9.1724,5726.1938,9.1836,5561.0824,9.1731,5466.5353,9.1519,5449.9575,9.1381,5482.1912,9.1375,5505.5143,9.1493,5457.1631,9.1647,5317.7816,9.1782,5141.8688,9.1818,5012.8239,9.1656,4951.8132,9.1485,4916.2417,9.135,4879.8526,9.1178,4847.7081,9.1013,4818.6547,9.0887,4783.9939,9.0766,4741.3504,9.0621,4695.2025,9.0425,4655.3817,9.0228,4629.5456,9.0108,4608.5164,9.0052,4572.7053,9.0046,4524.0194,9.0001,4486.2175,8.9815,4468.8141,8.9627,4463.9165,8.9475,4471.4574,8.9386,4512.0318,8.9386,4615.3829,8.9386,4772.8686,8.9386,4926.5798,8.9386,5031.1307,8.9386,5076.2517,8.9386,5069.5077,8.939,5051.0436,8.9386,5077.6228,8.9386,5170.1212,8.9386,5306.9217,8.9386,5450.6562,8.9386,5575.8037,8.9386,5684.2565,8.9386,5773.0834,8.9448,5801.8817,8.9659,5739.0375,8.9838,5624.0087,8.9934,5531.3077,8.987,5483.7123,8.9738,5480.3714,8.9567,5589.4891,8.9386,5862.4466,8.9386,6169.5929,8.9479,6289.1727,8.9945,6154.5904,9.0421,5909.8463,9.0756,5734.5438,9.072,5674.1558,9.0529,5659.8259,9.0389,5639.8968,9.0187,5609.6378,8.9936,5564.0495,8.9711,5542.5003,8.9391,5680.0963,8.9386,6095.4053,8.9386,6735.1139,8.9386,7374.2824,8.9386,7743.4462,8.9386,7708.0438,8.9386
2,428.5704,9.0418,428.5704,9.0418,5009.463,9.0418,5313.7382,9.0418,5670.5817,9.0418,5990.7148,9.0418,6224.6708,9.0418,6358.2237,9.0418,6404.5152,9.0418,6397.5207,9.0488,6350.3204,9.0594,6259.32,9.0663,6163.1327,9.0598,6133.6958,9.0444,6205.6439,9.0418,6359.1473,9.0418,6548.0659,9.0418,6714.666,9.0418,6813.214,9.042,6842.7328,9.053,6833.4497,9.0669,6795.0297,9.0854,6706.5104,9.1022,6569.5516,9.1107,6446.4132,9.1042,6427.697,9.0834,6572.0607,9.0739,6859.0071,9.0937,7169.2776,9.1429,7338.4839,9.2085,7269.2567,9.2746,6995.6144,9.33,6647.2067,9.3701,6356.48,9.3838,6182.0392,9.376,6110.1754,9.3584,6107.9695,9.3419,6139.524,9.3383,6156.9297,9.343,6117.0681,9.3506,6002.0182,9.3532,5836.967,9.3662,5688.9305,9.3582,5615.7535,9.3385,5626.0894,9.3247,5685.9753,9.3239,5734.3413,9.335,5709.9077,9.3498,5596.5669,9.3617,5448.8019,9.3638,5345.4355,9.3461,5304.3165,9.327,5284.1687,9.3127,5261.1283,9.2935,5241.6851,9.2752,5225.4558,9.2613,5203.7921,9.2475,5175.433,9.2305,5145.8944,9.2082,5119.5484,9.1865,5098.1327,9.1718,5081.634,9.1614,5063.297,9.155,5037.9356,9.1458,5014.6476,9.1226,5003.5439,9.1011,5000.0146,9.0839,4988.6703,9.0723,4970.4338,9.0608,4982.8482,9.0418,5049.1756,9.0418,5133.2297,9.0418,5189.4044,9.0418,5200.8811,9.0418,5171.2613,9.0457,5137.6886,9.0421,5154.473,9.0418,5240.9346,9.0418,5374.2452,9.0418,5516.1606,9.0418,5640.8305,9.0418,5750.0223,9.0418,5840.3226,9.0484,5870.2619,9.0694,5807.3274,9.0874,5691.4092,9.0968,5598.2613,9.09,5551.1593,9.0767,5549.1024,9.0596,5660.2396,9.0418,5935.6749,9.0418,6244.857,9.0517,6364.7569,9.0983,6228.4165,9.1456,5981.4368,9.1786,5805.2819,9.1746,5745.438,9.1555,5732.35,9.1413,5714.3406,9.1213,5686.0346,9.0969,5640.9573,9.0747,5619.1876,9.0423,5759.8133,9.0418,6184.4472,9.0418,6837.8329,9.0418,7489.6381,9.0418,7865.6279,9.0418,7829.5409,9.0418
3,427.1465,9.1304,427.1465,9.1304,5057.0783,9.1304,5381.3859,9.1304,5750.4099,9.1304,6074.4688,9.1304,6308.2978,9.1304,6439.6282,9.1304,6482.7592,9.1307,6474.1518,9.1389,6429.4929,9.15,6344.9725,9.1573,6253.769,9.1512,6220.5285,9.1356,6278.9183,9.1304,6414.0991,9.1304,6583.0648,9.1304,6729.3978,9.1304,6811.1151,9.1378,6830.9378,9.152,6818.9762,9.1689,6782.3763,9.1904,6697.2941,9.2102,6562.7392,9.2209,6440.7773,9.2157,6423.4614,9.1955,6567.5438,9.187,6849.5429,9.2088,7153.1883,9.2607,7321.0921,9.3291,7259.6297,9.3979,7001.1484,9.4555,6670.4866,9.4976,6395.0922,9.5129,6231.0616,9.506,6164.0776,9.4887,6160.3143,9.4718,6186.9449,9.4669,6205.6341,9.4691,6178.4386,9.4744,6081.8253,9.4762,5934.4465,9.4892,5801.6468,9.4817,5740.2036,9.4625,5757.5566,9.4487,5820.9056,9.4476,5872.6596,9.4583,5855.5173,9.4726,5755.3091,9.4838,5623.8352,9.4852,5534.279,9.4663,5501.7746,9.4458,5486.7772,9.4311,5467.8183,9.411,5452.3371,9.3918,5439.9438,9.3773,5422.0373,9.3623,5397.9423,9.3438,5373.7177,9.3197,5353.012,9.2969,5335.7074,9.2815,5322.1883,9.2703,5308.3424,9.2628,5288.3301,9.2527,5268.2311,9.2278,5258.2082,9.2047,5256.7301,9.1861,5249.9432,9.1737,5230.5506,9.1623,5221.6961,9.1406,5246.5247,9.1304,5285.2854,9.1304,5305.7032,9.1304,5293.7995,9.1356,5250.6984,9.1403,5209.0497,9.1338,5219.5868,9.1304,5300.7262,9.1304,5429.8974,9.1304,5568.6948,9.1304,5690.6243,9.1304,5796.8487,9.1304,5884.4388,9.1374,5913.795,9.1588,5853.8869,9.177,5744.2005,9.1864,5658.2193,9.1791,5615.9764,9.1655,5614.1798,9.1482,5720.2198,9.1304,5985.351,9.1304,6282.3913,9.1411,6395.7487,9.1882,6263.7678,9.2363,6029.7564,9.2691,5867.424,9.2644,5815.4593,9.2445,5803.9709,9.2299,5786.1658,9.21,5759.7941,9.1862,5716.706,9.1645,5693.9037,9.1317,5830.5051,9.1304,6253.115,9.1304,6911.8384,9.1304,7574.1493,9.1304,7957.5822,9.1304,7920.841,9.1304
4,425.7275,9.1984,425.7275,9.1984,5076.884,9.1984,5422.2957,9.1984,5805.3085,9.1984,6134.746,9.1984,6369.2597,9.1984,6499.6051,9.1984,6542.0638,9.1999,6534.8483,9.2084,6494.8199,9.2196,6417.5668,9.2272,6332.0338,9.2216,6296.7866,9.2064,6343.6238,9.1984,6460.9724,9.1984,6609.3208,9.1984,6735.5288,9.1984,6802.333,9.2123,6815.1418,9.2293,6802.4233,9.2486,6768.4998,9.2723,6686.8598,9.2943,6553.3429,9.3065,6430.4441,9.3025,6414.2289,9.2837,6560.18,9.2771,6839.6967,9.3009,7137.9758,9.3543,7304.2707,9.4238,7248.6104,9.4937,7002.0432,9.5524,6685.0948,9.5956,6420.4956,9.6128,6262.6539,9.6073,6198.132,9.5908,6192.3081,9.5737,6213.504,9.5676,6231.6006,9.5671,6214.2606,9.5698,6132.6006,9.5712,5997.7685,9.5834,5873.6091,9.5768,5818.7575,9.5581,5841.7737,9.5447,5909.6002,9.5438,5964.9936,9.5546,5952.3502,9.569,5858.4695,9.58,5734.2713,9.5813,5651.3189,9.5624,5623.7486,9.5416,5612.052,9.5267,5595.428,9.5062,5581.8681,9.4867,5571.1005,9.4719,5554.7597,9.4562,5532.5975,9.4367,5510.6828,9.4119,5492.1548,9.3886,5476.3026,9.3729,5463.9469,9.3614,5452.0063,9.3534,5433.9826,9.3427,5414.7755,9.317,5405.1459,9.2933,5404.3214,9.2741,5398.7854,9.2611,5381.3576,9.2493,5371.2304,9.2279,5385.469,9.216,5406.1562,9.2145,5409.9872,9.2155,5387.9867,9.2204,5339.3882,9.2227,5292.5642,9.2122,5295.3975,9.1984,5366.8359,9.1984,5486.7371,9.1984,5618.0389,9.1984,5734.0916,9.1984,5835.7582,9.1984,5920.6058,9.207,5950.0769,9.2281,5893.2814,9.246,5788.1836,9.2547,5706.7026,9.2468,5668.4258,9.2337,5668.3859,9.2168,5770.3341,9.1984,6024.9896,9.1984,6310.82,9.2122,6419.308,9.2584,6290.7014,9.3052,6064.03,9.3367,5908.2532,9.3328,5861.6912,9.3139,5855.9897,9.2992,5844.578,9.2794,5824.5279,9.256,5785.6652,9.2342,5762.1685,9.2007,5893.4239,9.1984,6311.03,9.1984,6970.3815,9.1984,7638.3653,9.1984,8026.569,9.1984,7989.4442,9.1984
5,424.3131,9.2412,424.3131,9.2412,5080.6013,9.2412,5441.6966,9.2412,5835.6282,9.2412,6169.2765,9.2412,6403.8421,9.2412,6533.001,9.2412,6575.3053,9.2442,6570.3237,9.2531,6535.3848,9.2644,6465.3976,9.2723,6385.3306,9.2676,6347.1587,9.2527,6379.4906,9.2414,6473.9422,9.2412,6598.1168,9.2412,6706.4114,9.2485,6764.908,9.2659,6776.6262,9.2854,6766.2295,9.3069,6736.1177,9.3328,6657.6305,9.3569,6523.0078,9.3706,6396.5067,9.3681,6381.5848,9.3516,6533.1859,9.3474,6814.8603,9.3734,7111.1504,9.4282,7277.2023,9.4984,7226.3007,9.5688,6988.5432,9.6283,6681.0799,9.6726,6422.7911,9.692,6267.5255,9.6884,6204.5721,9.6728,6199.5762,9.6556,6220.1118,9.6486,6240.4812,9.6462,6232.209,9.6472,6162.4504,9.6485,6036.4254,9.6601,5917.3298,9.6544,5867.12,9.6365,5896.3878,9.6236,5970.6987,9.623,6031.4469,9.6341,6023.9715,9.6485,5936.0932,9.6594,5818.5471,9.6607,5742.3043,9.6421,5720.8228,9.6211,5714.1022,9.6061,5701.5079,9.5853,5691.4812,9.5655,5683.9956,9.5504,5671.1468,9.5338,5653.2837,9.5133,5636.5249,9.488,5623.6028,9.4642,5613.2408,9.4481,5606.124,9.4361,5599.2592,9.4275,5585.1029,9.4161,5567.8829,9.3892,5559.7882,9.3648,5561.1333,9.3449,5558.2378,9.331,5543.9558,9.3187,5535.7211,9.2972,5547.492,9.2844,5563.0479,9.2809,5565.386,9.2782,5550.9203,9.2784,5518.7639,9.2772,5483.5425,9.2654,5473.7671,9.2483,5509.9797,9.2412,5592.3468,9.2412,5695.6839,9.2412,5792.3455,9.2412,5880.8804,9.2412,5958.504,9.2529,5986.3493,9.2737,5932.0227,9.2909,5831.1121,9.2984,5754.0851,9.2898,5720.0798,9.2773,5721.2967,9.2609,5817.0225,9.2412,6059.1356,9.2412,6333.6615,9.2587,6437.9577,9.304,6311.7586,9.3492,6089.4351,9.3791,5936.8494,9.376,5893.9834,9.3584,5894.755,9.3439,5891.7407,9.3242,5880.0129,9.301,5847.0926,9.2789,5824.1382,9.2447,5949.9087,9.2412,6360.1,9.2412,7015.3443,9.2412,7683.611,9.2412,8073.2969,9.2412,8036.0956,9.2412
6,422.9034,9.2558,422.9034,9.2558,5213.9554,9.2558,5523.8401,9.2558,5887.784,9.2558,6211.9743,9.2558,6445.0629,9.2558,6575.0983,9.2558,6619.0741,9.2608,6614.2106,9.2708,6575.2155,9.2829,6497.6099,9.2915,6411.8067,9.2871,6373.0368,9.2727,6405.1701,9.2609,6496.3066,9.2558,6619.1548,9.2597,6732.7521,9.2731,6800.3468,9.2936,6819.8322,9.3156,6812.9478,9.3394,6779.7354,9.3676,6689.2627,9.3941,6536.2866,9.4099,6396.4183,9.4098,6388.8535,9.3959,6577.2215,9.3941,6918.2239,9.4224,7275.3248,9.4792,7478.7497,9.5514,7426.7141,9.6236,7152.3906,9.6845,6790.8759,9.7304,6482.0968,9.7508,6293.7128,9.7479,6218.0056,9.7327,6215.1574,9.7151,6245.3575,9.7073,6278.9187,9.7041,6285.5818,9.7043,6227.6412,9.7052,6104.0416,9.7172,5980.8585,9.7116,5931.8879,9.694,5974.2473,9.6809,6068.686,9.6802,6146.7257,9.691,6146.1818,9.7052,6054.6395,9.7157,5929.4881,9.7165,5848.6921,9.6975,5827.6228,9.676,5824.0168,9.6608,5814.9046,9.6395,5808.3231,9.6189,5804.4896,9.6032,5795.3711,9.5858,5781.5156,9.5644,5769.7384,9.5384,5763.2905,9.5138,5760.6581,9.4971,5761.19,9.4847,5759.8196,9.4756,5747.8712,9.4637,5730.9296,9.4355,5723.632,9.4098,5726.9967,9.389,5726.8748,9.3744,5716.3482,9.3615,5711.212,9.3394,5721.9469,9.3253,5733.7406,9.3195,5736.0124,9.3127,5729.5003,9.3081,5711.9496,9.3036,5689.6536,9.2907,5677.5072,9.2744,5688.6466,9.2606,5733.1201,9.2558,5803.5027,9.2558,5880.9308,9.2558,5963.2417,9.2566,6042.344,9.2717,6070.539,9.2926,6009.3309,9.3094,5897.3394,9.3162,5812.5616,9.3066,5776.9651,9.2936,5780.9299,9.2773,5885.1855,9.2558,6146.317,9.2558,6445.1032,9.2755,6559.7454,9.3218,6417.6975,9.3675,6164.5624,9.3976,5986.5764,9.3932,5931.6859,9.3748,5930.0029,9.3603,5929.4153,9.3408,5921.8367,9.3175,5892.5506,9.2952,5874.5541,9.2607,6012.4211,9.2558,6441.3557,9.2558,7110.4349,9.2558,7780.6424,9.2558,8167.3148,9.2558,8130.1736,9.2558
7,421.4984,9.2412,421.4984,9.2412,5189.2722,9.2412,5495.1085,9.2412,5851.7885,9.2412,6165.7967,9.2412,6387.1082,9.2412,6506.1118,9.243,6542.3325,9.2533,6533.5744,9.2669,6492.1789,9.2826,6410.2755,9.294,6318.8315,9.2913,6279.3436,9.2773,6319.5537,9.2658,6422.8114,9.2619,6555.3726,9.2675,6675.2096,9.2827,6747.4753,9.3051,6771.2272,9.3288,6768.4805,9.3542,6739.4457,9.3842,6653.3649,9.4126,6504.8292,9.4301,6368.8148,9.4318,6363.7692,9.4199,6553.0482,9.4196,6893.9644,9.4497,7251.3089,9.5082,7456.565,9.5821,7408.2942,9.6558,7138.9641,9.718,6782.4279,9.765,6477.5497,9.7862,6292.0483,9.7836,6219.6115,9.7684,6221.8276,9.7506,6258.8211,9.7427,6299.372,9.7399,6311.7802,9.7404,6258.5935,9.7413,6140.2736,9.7539,6023.5301,9.7484,5980.7365,9.7307,6027.2326,9.7175,6124.1105,9.7164,6204.9785,9.7267,6209.6164,9.7404,6126.613,9.7502,6012.1345,9.7504,5940.7045,9.7307,5925.6568,9.7087,5925.8163,9.6932,5919.8625,9.6713,5916.4619,9.6499,5916.0067,9.6337,5910.6054,9.6156,5900.9086,9.5933,5893.7475,9.5665,5892.3547,9.5411,5895.0371,9.5238,5900.6026,9.5109,5903.2457,9.5014,5893.8998,9.489,5878.5435,9.4594,5872.5485,9.4326,5877.3298,9.4107,5879.1747,9.3954,5871.3674,9.382,5867.2527,9.3592,5873.5716,9.3439,5877.2124,9.3363,5875.573,9.3259,5875.3981,9.3171,5871.6542,9.3096,5862.6017,9.2952,5856.0797,9.2791,5857.5695,9.2654,5873.7627,9.2529,5907.7387,9.2466,5955.3956,9.2477,6019.5562,9.2537,6089.8756,9.2676,6115.9476,9.2871,6057.9785,9.3025,5954.4017,9.3076,5881.5711,9.2958,5855.2088,9.2824,5856.7647,9.2663,5943.8923,9.2412,6181.3067,9.2412,6461.4983,9.2646,6567.607,9.312,6425.6657,9.3581,6178.3008,9.3883,6007.6972,9.3825,5957.4524,9.3633,5957.292,9.3487,5958.7769,9.3291,5956.4365,9.3055,5934.0997,9.2829,5919.1675,9.2485,6051.1716,9.2412,6467.8113,9.2412,7125.3569,9.2412,7788.4157,9.2412,8172.0358,9.2412,8135.2247,9.2412
8,420.0981,9.1984,420.0981,9.1984,5139.6017,9.1984,5437.3148,9.1984,5782.6239,9.1984,6083.4789,9.1984,6292.533,9.1984,6403.3999,9.2063,6437.0065,9.2196,6429.6323,9.2363,6390.8089,9.2553,6310.4979,9.2698,6220.2013,9.2699,6184.5464,9.2584,6232.1767,9.2493,6343.3699,9.2478,6482.0321,9.2555,6606.6277,9.2725,6683.3067,9.2966,6711.3872,9.3219,6712.7967,9.349,6687.6423,9.3806,6605.1483,9.4107,6459.9319,9.4298,6326.9787,9.4334,6324.7774,9.4238,6516.8122,9.4256,6860.565,9.4575,7220.9285,9.5175,7429.3187,9.5927,7384.0244,9.6674,7117.129,9.7305,6762.0002,9.7785,6457.1274,9.8007,6271.2633,9.7987,6200.7457,9.7838,6208.4259,9.766,6252.608,9.7582,6299.6236,9.7559,6316.9329,9.7567,6267.4728,9.758,6152.3644,9.7708,6038.9859,9.7656,6000.0658,9.7481,6050.5344,9.7348,6150.9388,9.7335,6235.0861,9.7435,6243.5026,9.7569,6165.4274,9.7663,6056.7203,9.7662,5990.4958,9.7462,5979.1489,9.7239,5981.8942,9.7083,5978.1198,9.686,5976.8656,9.6642,5978.7,9.6476,5975.8031,9.6292,5968.8648,9.6063,5964.7885,9.5791,5966.8727,9.5532,5973.3264,9.5355,5982.542,9.5223,5988.0616,9.5125,5980.426,9.4998,5965.9857,9.4694,5960.8769,9.4418,5966.8434,9.4194,5970.0552,9.4036,5964.094,9.3898,5962.7979,9.3665,5971.5518,9.3507,5975.2089,9.3428,5973.073,9.3315,5975.4717,9.3214,5976.073,9.3131,5969.8466,9.2982,5964.6779,9.2816,5965.2263,9.2677,5975.0963,9.2545,5999.1125,9.2459,6038.9208,9.2432,6099.4842,9.2448,6169.1565,9.2546,6197.1926,9.2706,6145.3481,9.2829,6052.8605,9.285,5993.4408,9.2702,5977.5282,9.2562,5978.7006,9.2404,6047.9992,9.2128,6256.3549,9.2029,6511.9887,9.2344,6605.8287,9.2814,6461.7234,9.3263,6218.8869,9.3546,6055.8376,9.347,6011.6028,9.3272,6014.4816,9.3124,6018.7348,9.2923,6021.9989,9.2678,6007.5083,9.2443,5994.7496,9.21,6114.2743,9.1984,6506.8325,9.1984,7140.5656,9.1984,7787.3288,9.1984,8163.3817,9.1984,8127.361,9.1984
9,418.7024,9.1305,418.7024,9.1305,5068.541,9.1305,5357.0325,9.1305,5689.6265,9.1305,5976.1722,9.1305,6172.168,9.1305,6274.4577,9.1443,6305.4014,9.1607,6299.7301,9.1805,6264.5662,9.2031,6188.6784,9.221,6103.2879,9.2244,6072.6843,9.2162,6125.0244,9.21,6240.4094,9.2113,6382.9963,9.2213,6511.5962,9.2405,6592.5464,9.2665,6625.1544,9.2936,6631.1632,9.3224,6610.4763,9.3559,6532.3003,9.388,6391.2964,9.4088,6262.2262,9.4146,6263.1676,9.4076,6457.4613,9.4118,6802.905,9.4459,7164.9718,9.5076,7375.61,9.5843,7333.2684,9.6603,7069.5962,9.7246,6716.8578,9.7738,6412.4177,9.7971,6226.0359,9.7959,6157.5215,9.7813,6171.3172,9.7638,6223.1379,9.7563,6276.4173,9.7547,6298.2112,9.7561,6252.1182,9.758,6139.7535,9.7713,6029.1542,9.7664,5993.7391,9.749,6048.2926,9.7357,6152.6567,9.7344,6240.504,9.7443,6252.8918,9.7576,6179.5832,9.7668,6076.2157,9.7665,6014.8241,9.7463,6007.0553,9.7237,6012.4427,9.708,6010.9758,9.6855,6011.9855,9.6634,6016.2021,9.6467,6015.9138,9.6281,6011.8402,9.6049,6010.9452,9.5773,6016.5926,9.5509,6026.8657,9.533,6039.7348,9.5195,6048.1509,9.5094,6042.3468,9.4964,6029.0015,9.4653,6024.87,9.4372,6032.0282,9.4143,6036.6729,9.3981,6032.5741,9.384,6033.9615,9.3602,6046.0604,9.3439,6052.9234,9.3359,6053.4206,9.3241,6057.938,9.3137,6060.0156,9.3052,6054.8826,9.2897,6051.1491,9.2726,6052.0089,9.2586,6057.7402,9.2448,6073.6457,9.2343,6106.1769,9.2283,6163.3545,9.2261,6233.3292,9.2324,6265.6842,9.2455,6223.6102,9.2556,6143.9807,9.2558,6094.1502,9.2399,6081.6243,9.2258,6080.5343,9.2097,6141.9175,9.1801,6339.9294,9.1668,6588.8986,9.195,6682.4438,9.2391,6544.5594,9.2807,6314.7643,9.3047,6167.9584,9.2931,6135.3237,9.2721,6142.4106,9.2571,6148.7694,9.2358,6158.2906,9.2094,6153.8572,9.1845,6141.7322,9.1504,6237.2354,9.1305,6586.5435,9.1305,7178.1989,9.1305,7796.3022,9.1305,8159.0537,9.1305,8124.4222,9.1305
10,417.3114,9.042,417.3114,9.042,4971.4682,9.042,5248.4696,9.042,5566.8533,9.042,5839.8999,9.042,6026.4743,9.0467,6125.016,9.0637,6156.9542,9.0826,6154.6548,9.1053,6123.3876,9.131,6051.4709,9.1521,5970.3861,9.1588,5944.3407,9.1537,6000.9773,9.1504,6120.1131,9.1545,6266.1289,9.1668,6398.2104,9.188,6482.9171,9.2159,6519.6097,9.2449,6529.8855,9.2755,6513.3892,9.3109,6439.2678,9.345,6302.2969,9.3677,6177.0763,9.3758,6181.2432,9.3719,6377.9442,9.3789,6725.2285,9.4154,7089.0407,9.4789,7301.7994,9.5571,7262.1794,9.6344,7001.465,9.6999,6650.667,9.7504,6345.779,9.7752,6157.9035,9.7748,6091.2855,9.7607,6112.1154,9.7438,6172.4314,9.7368,6232.1802,9.7361,6258.5114,9.7381,6215.9796,9.7406,6106.4516,9.7544,5998.6274,9.75,5966.9739,9.7328,6026.2754,9.7193,6135.4957,9.718,6227.9832,9.7278,6245.1961,9.7411,6177.3824,9.7501,6080.0529,9.7495,6024.226,9.7291,6020.7393,9.7062,6029.4106,9.6904,6030.8613,9.6676,6034.7209,9.6454,6041.9071,9.6285,6044.8465,9.6098,6044.2913,9.5864,6047.3387,9.5583,6057.4881,9.5315,6072.6398,9.5132,6090.1892,9.4994,6102.2981,9.489,6098.8008,9.4757,6086.8257,9.4439,6083.9377,9.415,6092.6432,9.3917,6099.143,9.375,6097.3858,9.3605,6102.082,9.3362,6118.2945,9.3193,6129.1142,9.311,6132.8287,9.2988,6139.8709,9.2881,6143.7894,9.2792,6139.7978,9.2633,6137.1352,9.2456,6139.6382,9.2311,6145.3393,9.2171,6155.9055,9.2061,6179.4837,9.1981,6229.941,9.1924,6298.2264,9.1949,6334.2847,9.2049,6302.1842,9.2124,6236.0702,9.2106,6196.4273,9.1935,6187.5961,9.1794,6184.4737,9.1628,6237.922,9.131,6424.7413,9.114,6665.713,9.1385,6758.1243,9.1792,6626.2381,9.2171,6409.4397,9.2365,6278.9465,9.2207,6258.1765,9.1984,6269.6426,9.1831,6277.8507,9.1605,6293.0927,9.1318,6297.995,9.1053,6285.1032,9.0714,6354.0418,9.042,6656.5035,9.042,7202.0007,9.042,7787.8965,9.042,8135.4366,9.042,8102.3849,9.042
11,415.9249,8.9391,415.9249,8.9391,4863.5759,8.9391,5128.4098,8.9391,5433.3427,8.9391,5695.0324,8.9391,5874.6049,8.9485,5971.0198,8.9678,6004.4701,8.9888,6005.2147,9.014,5976.9246,9.0426,5907.6934,9.0665,5829.6828,9.0761,5807.4689,9.0741,5868.3223,9.0736,5991.5867,9.0802,6141.5916,9.0947,6277.6656,9.1177,6366.3853,9.1474,6407.0358,9.1781,6421.0777,9.2104,6407.9384,9.2476,6336.7174,9.2837,6202.4937,9.3081,6080.2225,9.3185,6087.7325,9.3181,6288.28,9.3282,6639.7767,9.3672,7007.6065,9.4324,7223.5482,9.5116,7185.9905,9.5899,6926.1306,9.6563,6574.3427,9.7079,6265.7937,9.7342,6073.7888,9.735,6008.1631,9.7216,6036.7545,9.7053,6106.3576,9.6991,6172.635,9.6992,6203.4319,9.7018,6164.5414,9.7049,6057.5744,9.7189,5951.8506,9.7151,5923.624,9.698,5988.1119,9.6845,6103.0852,9.6831,6201.0206,9.6927,6223.3524,9.7058,6160.7219,9.7145,6068.8848,9.7136,6018.331,9.6929,6019.1972,9.6697,6031.3552,9.6538,6035.8781,9.6306,6042.6767,9.6084,6052.881,9.5916,6059.0279,9.5728,6061.8913,9.5493,6068.8211,9.5208,6083.5562,9.4935,6103.8047,9.4748,6126.3133,9.4607,6142.2762,9.45,6140.9903,9.4363,6130.1697,9.4036,6128.4623,9.3743,6138.8731,9.3504,6147.3991,9.3333,6148.0185,9.3185,6156.0706,9.2935,6176.6004,9.2759,6191.642,9.2673,6198.8333,9.2547,6208.6632,9.2436,6214.5751,9.2345,6211.7267,9.2179,6210.1475,9.1996,6214.5376,9.1848,6220.9603,9.1706,6227.2331,9.159,6242.3202,9.1491,6285.8148,9.1399,6352.2795,9.1388,6392.2377,9.1454,6370.2722,9.1502,6317.7106,9.1462,6288.0218,9.1279,6283.3231,9.1137,6282.7869,9.0967,6337.0615,9.0634,6518.1641,9.0447,6749.4162,9.0669,6837.2986,9.1042,6711.4013,9.1382,6508.0808,9.1534,6389.9248,9.1347,6374.918,9.1117,6387.7735,9.0959,6397.359,9.0719,6417.5135,9.0406,6430.1417,9.0123,6414.9146,8.9783,6456.6937,8.9391,6712.3279,8.9391,7211.0148,8.9391,7763.3571,8.9391,8094.745,8.9391,8063.3599,8.9391
12,414.5431,8.8302,414.5431,8.8302,4758.0747,8.8302,5012.1213,8.8302,5305.8878,8.8302,5559.2332,8.8302,5734.3639,8.8429,5829.6923,8.8637,5864.2987,8.8861,5866.9853,8.9131,5840.178,8.9438,5771.9188,8.9698,5695.3457,8.9817,5675.7429,8.9821,5740.1328,8.984,5867.2616,8.9927,6021.2383,9.0089,6161.4227,9.0334,6254.1993,9.0645,6298.4196,9.0966,6315.2505,9.1305,6304.1262,9.1692,6234.3903,9.2067,6101.6493,9.2325,5981.5386,9.2449,5992.4507,9.2479,6197.8911,9.2612,6555.3194,9.3023,6928.8337,9.3687,7148.8331,9.4483,7113.1646,9.5268,6853.33,9.5936,6499.8396,9.6457,6187.5025,9.6735,5991.5188,9.6756,5927.5987,9.6631,5966.8828,9.6476,6050.3909,9.6426,6125.2085,9.6443,6157.4803,9.6483,6117.0854,9.6525,6008.9483,9.6662,5903.5347,9.6628,5877.6514,9.6458,5946.055,9.6322,6065.4017,9.6305,6167.752,9.6396,6194.6343,9.652,6137.0268,9.66,6050.8545,9.6588,6005.8252,9.6377,6011.14,9.6142,6026.6933,9.5981,6034.0834,9.5744,6043.6284,9.5521,6056.7362,9.5353,6065.9116,9.5166,6071.8053,9.493,6082.159,9.464,6101.161,9.4362,6126.3338,9.417,6153.6862,9.4026,6173.3314,9.3916,6173.9305,9.3774,6163.8805,9.3439,6163.1452,9.3141,6175.2733,9.2897,6185.8077,9.272,6188.5313,9.2568,6199.5131,9.231,6223.9598,9.2128,6242.8401,9.2038,6253.1518,9.1907,6265.4734,9.1793,6273.0506,9.1698,6271.0151,9.1527,6269.9771,9.1339,6275.3802,9.1185,6283.3933,9.1039,6289.4009,9.0922,6299.2614,9.0818,6334.6467,9.071,6395.8698,9.0668,6436.7663,9.0703,6422.3683,9.0724,6381.0398,9.0664,6359.8179,9.0472,6358.0513,9.0327,6358.0211,9.0153,6411.4211,8.9807,6588.0043,8.961,6812.905,8.9814,6898.3909,9.0152,6776.6497,9.0459,6580.8199,9.0581,6468.7906,9.0395,6457.6668,9.0168,6473.5803,9.0003,6485.6526,8.9747,6508.6849,8.941,6525.8065,8.9107,6512.0576,8.8753,6540.9608,8.8324,6763.3798,8.8302,7218.7278,8.8302,7735.3261,8.8302,8049.1083,8.8302,8019.5891,8.8302
13,413.2644,8.7248,413.2644,8.7248,4564.9757,8.7248,4849.5983,8.7248,5151.5985,8.7248,5392.2631,8.7248,5549.4242,8.738,5633.4683,8.7593,5666.4592,8.7823,5674.8391,8.8102,5659.5369,8.842,5607.4937,8.8694,5546.3015,8.8827,5532.9496,8.8846,5590.5052,8.8876,5700.5395,8.8975,5833.5531,8.9146,5955.5527,8.9401,6037.4009,8.9722,6078.4277,9.0053,6097.9812,9.0402,6095.8255,9.08,6043.8336,9.1187,5935.5328,9.1456,5834.7788,9.1591,5843.8082,9.1631,6017.7235,9.1773,6321.386,9.2196,6640.3607,9.2873,6830.1806,9.3682,6803.662,9.448,6588.6443,9.5157,6296.9537,9.5687,6041.845,9.597,5884.9645,9.5994,5841.0245,9.5869,5888.9742,9.5721,5976.182,9.5685,6049.4576,9.5728,6074.2949,9.5794,6027.4519,9.5849,5923.7694,9.5996,5832.3134,9.5963,5816.023,9.5789,5880.0528,9.5649,5985.8229,9.5627,6077.8012,9.5713,6106.9594,9.5833,6065.1195,9.5909,6000.1589,9.5891,5971.2426,9.5673,5983.8165,9.5433,6001.6824,9.5271,6010.5586,9.5031,6021.729,9.4805,6036.8215,9.4635,6048.5363,9.4451,6057.099,9.4219,6069.9433,9.3924,6091.1359,9.3641,6117.8656,9.3447,6146.264,9.33,6167.3926,9.3188,6170.6181,9.3044,6163.5248,9.2704,6164.5484,9.2401,6177.2023,9.2153,6188.4144,9.1974,6192.6619,9.182,6205.4816,9.1554,6231.5633,9.1365,6251.9644,9.1274,6263.6967,9.1139,6277.176,9.1022,6286.0406,9.0925,6285.7741,9.0751,6286.351,9.0559,6292.838,9.0403,6302.1368,9.0253,6308.7001,9.0135,6314.5455,9.0028,6339.843,8.9908,6389.9778,8.9848,6426.8703,8.9867,6419.4924,8.9874,6391.4872,8.9802,6380.9118,8.9601,6383.8628,8.9455,6383.3001,8.9278,6424.7682,8.8919,6572.1083,8.8707,6763.5557,8.8901,6837.1655,8.9233,6735.528,8.9532,6575.3955,8.9644,6489.794,8.9445,6486.9567,8.921,6501.298,8.9042,6510.6357,8.8776,6532.5491,8.8419,6551.7676,8.81,6540.4115,8.774,6558.4109,8.7312,6746.8284,8.7248,7157.7518,8.7248,7641.0016,8.7248,7940.3593,8.7248,7912.5232,8.7248
14,412.3087,8.6322,412.3087,8.6322,4516.2884,8.6322,4784.8732,8.6322,5077.9306,8.6322,5318.2706,8.6322,5478.7438,8.6435,5565.4224,8.6642,5599.3506,8.6869,5607.4197,8.7145,5590.8774,8.7464,5536.8033,8.774,5473.0138,8.7876,5457.3646,8.7898,5514.2878,8.7929,5625.8651,8.803,5761.7837,8.8203,5886.7938,8.8461,5970.8357,8.8785,6012.9321,8.9119,6032.4787,8.9472,6029.0436,8.9874,5974.3361,9.0266,5862.8577,9.0541,5760.6261,9.0681,5771.9764,9.072,5952.8001,9.086,6266.5566,9.1287,6595.2437,9.1972,6790.3793,9.2792,6762.7585,9.3599,6541.1949,9.4283,6240.3018,9.482,5976.1812,9.5101,5812.9786,9.512,5768.6303,9.4993,5824.8054,9.4847,5925.2382,9.4825,6006.4476,9.4898,6028.5051,9.4996,5973.6141,9.5061,5863.9549,9.5221,5770.5179,9.5187,5754.5169,9.5007,5819.2486,9.4862,5926.0386,9.4835,6019.8302,9.4916,6051.1587,9.5033,6011.7662,9.5105,5949.6808,9.5082,5923.0906,9.4857,5936.7309,9.4614,5955.1471,9.4452,5964.7811,9.4209,5976.9107,9.3981,5993.1204,9.381,6005.9764,9.3629,6015.4527,9.3401,6029.1578,9.3107,6051.5414,9.2822,6079.7198,9.2625,6109.4046,9.2476,6131.5096,9.2362,6135.6049,9.2218,6129.2986,9.1875,6130.7612,9.157,6143.5117,9.132,6154.9703,9.114,6159.8742,9.0985,6173.3037,9.0719,6199.6873,9.053,6220.4992,9.0438,6232.7904,9.03,6246.5577,9.0182,6255.5667,9.0085,6255.6462,8.9911,6256.5535,8.9717,6263.0983,8.9559,6272.6644,8.9409,6280.2267,8.929,6286.909,8.9183,6311.4954,8.9059,6359.8581,8.8995,6395.6255,8.9011,6388.575,8.9015,6361.8038,8.8939,6352.1463,8.8735,6355.5704,8.8589,6356.3591,8.8412,6400.1214,8.8045,6549.1124,8.782,6740.8941,8.8013,6813.9293,8.8353,6711.5331,8.8659,6550.8691,8.8774,6463.7027,8.8562,6457.2915,8.8319,6467.3902,8.8152,6473.0441,8.7883,6492.0263,8.7513,6509.9679,8.7186,6499.3718,8.683,6517.1072,8.6398,6699.632,8.6322,7098.6983,8.6322,7569.294,8.6322,7861.334,8.6322,7834.2063,8.6322
15,412.0711,8.5579,412.0711,8.5579,4490.4565,8.5579,4745.6276,8.5579,5034.8753,8.5579,5280.693,8.5579,5448.6937,8.5657,5539.7782,8.5848,5574.5168,8.6062,5581.2085,8.6325,5561.8927,8.6633,5503.8503,8.6899,5435.3616,8.7029,5415.6885,8.7045,5471.0068,8.7069,5583.7889,8.7164,5722.4845,8.7331,5850.161,8.7583,5935.5619,8.7903,5977.4499,8.8233,5995.5288,8.8583,5989.1805,8.8982,5929.6292,8.9372,5812.2845,8.9645,5706.05,8.9786,5718.5966,8.9822,5907.3481,8.9959,6233.8177,9.0386,6574.7752,9.107,6775.9544,9.189,6745.3287,9.2695,6513.143,9.3377,6198.0421,9.3914,5920.35,9.4192,5747.5251,9.4209,5700.5428,9.4081,5762.9087,9.3939,5874.2586,9.3927,5961.639,9.4023,5980.624,9.4143,5917.9803,9.4216,5801.361,9.4384,5703.504,9.4348,5685.742,9.4164,5750.8887,9.4016,5859.543,9.3985,5955.5908,9.4061,5988.0636,9.4174,5948.4104,9.4242,5885.7228,9.4215,5858.6499,9.399,5871.762,9.375,5889.8961,9.359,5899.6763,9.3346,5912.0522,9.3118,5928.4737,9.2948,5941.4569,9.277,5950.6554,9.255,5963.6877,9.2261,5985.576,9.1976,6013.7454,9.1777,6043.5475,9.1627,6065.5506,9.1513,6069.4498,9.1369,6063.025,9.1029,6064.2992,9.0724,6076.6103,9.0475,6087.6816,9.0295,6092.4638,9.014,6105.3258,8.9883,6130.4763,8.9699,6150.4588,8.9606,6162.6158,8.9467,6176.1564,8.9349,6184.7254,8.9255,6184.4959,8.9081,6185.1248,8.8889,6191.2631,8.8732,6200.4706,8.8582,6208.0228,8.8466,6215.471,8.8359,6241.8821,8.8234,6292.2864,8.8173,6328.5008,8.8195,6319.3478,8.8203,6289.012,8.8131,6276.3372,8.793,6278.208,8.7787,6279.0331,8.7611,6325.5574,8.7245,6480.8625,8.7019,6679.5759,8.7215,6754.5432,8.7567,6646.6775,8.7884,6476.6297,8.801,6381.3569,8.7795,6370.1103,8.7551,6377.3394,8.739,6380.1865,8.7121,6395.9134,8.6747,6411.0145,8.642,6399.2308,8.6074,6418.7685,8.564,6605.637,8.5579,7007.7814,8.5579,7477.703,8.5579,7767.8851,8.5579,7740.8495,8.5579
16,413.13,8.5086,413.13,8.5086,4483.0464,8.5086,4732.645,8.5086,5024.6913,8.5086,5280.5491,8.5086,5459.3813,8.5114,5556.9272,8.5278,5592.8649,8.5469,5597.2653,8.571,5573.6033,8.5992,5509.6936,8.6236,5434.6568,8.6349,5409.6111,8.6351,5462.5916,8.6363,5576.2196,8.6443,5717.392,8.6597,5847.2306,8.6837,5933.1372,8.7143,5973.7136,8.7462,5989.1756,8.7801,5978.7067,8.8189,5912.8298,8.8566,5787.7986,8.8829,5675.8239,8.8963,5688.7102,8.9003,5885.9069,8.9145,6226.6003,8.9567,6581.2609,9.0236,6788.7926,9.1036,6753.9714,9.1822,6508.8492,9.2489,6176.9754,9.3013,5883.8044,9.3291,5700.2161,9.3313,5649.7579,9.3192,5717.7306,9.3059,5839.4811,9.306,5931.8299,9.3172,5945.749,9.3307,5872.9279,9.3389,5746.1034,9.3551,5639.7928,9.3516,5617.1809,9.3332,5681.8813,9.3183,5792.6996,9.315,5890.7188,9.3221,5922.6089,9.3328,5879.3101,9.3392,5811.8178,9.3364,5781.118,9.3142,5792.3758,9.291,5809.596,9.2749,5818.638,9.2507,5830.2299,9.2281,5845.8132,9.2113,5857.7643,9.1939,5865.4424,9.1725,5876.5177,9.1443,5896.6535,9.116,5923.7734,9.0962,5952.9177,9.0813,5973.9867,9.07,5976.4786,9.0556,5968.6458,9.022,5969.0392,8.9923,5980.8484,8.9677,5991.3353,8.9498,5995.1967,8.9345,6006.4577,8.9098,6029.4725,8.8922,6047.7759,8.8829,6059.1211,8.8691,6072.0961,8.8575,6079.749,8.8482,6078.2706,8.8311,6077.8424,8.8123,6083.2111,8.7971,6091.0923,8.7824,6097.3034,8.7708,6106.6348,8.7605,6139.358,8.7494,6196.1917,8.745,6233.4487,8.7484,6218.2882,8.7502,6178.3245,8.7441,6158.1083,8.7251,6155.9728,8.7111,6154.1868,8.6938,6202.4522,8.6581,6368.8367,8.6379,6582.3929,8.6585,6662.1797,8.6937,6541.9118,8.7257,6349.7482,8.7394,6238.3301,8.7204,6223.7479,8.6974,6233.1548,8.6818,6235.6824,8.6556,6247.8191,8.6188,6257.6895,8.587,6241.6204,8.5533,6264.5818,8.5111,6466.5304,8.5086,6887.4694,8.5086,7369.4424,8.5086,7663.7346,8.5086,7636.1374,8.5086
17,415.6273,8.4902,415.6273,8.4902,4403.3868,8.4902,4692.7738,8.4902,5011.6396,8.4902,5279.3045,8.4902,5460.4336,8.4902,5555.0035,8.5008,5586.9523,8.5167,5589.6569,8.5375,5568.3152,8.5623,5510.4882,8.5833,5441.2064,8.5914,5415.3909,8.5885,5457.7927,8.5871,5552.6491,8.5924,5671.4693,8.6057,5780.5773,8.6278,5851.145,8.6566,5882.6841,8.6869,5894.5304,8.7193,5886.1842,8.7566,5829.8121,8.7927,5719.79,8.8176,5618.9658,8.8294,5626.2037,8.8313,5794.0359,8.8438,6087.4321,8.8845,6394.1041,8.9503,6573.2344,9.0292,6541.7271,9.107,6328.882,9.173,6043.5776,9.2244,5794.388,9.2515,5640.7048,9.253,5601.6663,9.2406,5665.0635,9.2277,5774.3395,9.2286,5854.3888,9.2407,5859.4628,9.2551,5783.0988,9.2637,5660.8184,9.2798,5563.9349,9.2762,5545.4042,9.2573,5603.0196,9.2422,5700.0822,9.2387,5786.6175,9.2458,5815.3917,9.2565,5777.1357,9.263,5717.3474,9.2604,5691.2815,9.2384,5702.7397,9.2156,5718.146,9.1997,5725.4112,9.1758,5735.2317,9.1535,5748.8449,9.137,5759.1663,9.1199,5765.4608,9.0992,5774.4352,9.0717,5791.2717,9.0437,5814.216,9.0242,5839.0835,9.0095,5857.1625,8.9985,5858.9709,8.9845,5851.7885,8.9516,5852.1331,8.9227,5862.5978,8.8987,5871.5064,8.8813,5873.9955,8.8663,5882.9698,8.8424,5902.4482,8.8255,5917.4004,8.8163,5926.33,8.8028,5937.4364,8.7916,5943.9474,8.7825,5942.2738,8.766,5941.9402,8.7479,5946.6457,8.7331,5952.738,8.7188,5958.2941,8.7074,5970.4713,8.6977,6006.289,8.6887,6061.8452,8.6872,6094.4915,8.6933,6073.8216,8.6975,6028.2503,8.6932,6004.6668,8.6756,6001.8035,8.6619,5996.7244,8.645,6034.5058,8.6103,6184.7363,8.5917,6383.3976,8.6145,6457.8394,8.652,6342.9641,8.687,6159.6177,8.7037,6055.0064,8.6876,6044.3532,8.6654,6053.8419,8.6502,6052.4126,8.6251,6057.9677,8.5899,6060.7608,8.5598,6040.8204,8.527,6067.2922,8.4902,6281.469,8.4902,6720.2049,8.4902,7219.0157,8.4902,7522.6667,8.4902,7494.1588,8.4902
18,419.2203,8.5048,419.2203,8.5048,4463.2662,8.5048,4746.0746,8.5048,5068.6379,8.5048,5350.5701,8.5048,5549.8036,8.5048,5657.9612,8.5077,5694.8053,8.5196,5695.4559,8.5364,5668.265,8.5571,5602.5126,8.5742,5524.7756,8.5781,5491.9935,8.5709,5530.2516,8.5656,5623.5459,8.5677,5741.9739,8.5783,5850.219,8.598,5918.3574,8.6248,5945.8012,8.6531,5952.3502,8.6836,5937.4584,8.719,5872.8609,8.7532,5753.7914,8.7765,5645.9503,8.7861,5651.4436,8.7845,5824.1015,8.7938,6126.8631,8.8321,6442.4544,8.8967,6624.519,8.975,6587.1101,9.0522,6360.9552,9.1176,6059.3888,9.1683,5795.7856,9.1936,5632.1343,9.1935,5587.1722,9.1799,5647.1853,9.1664,5754.2966,9.1669,5831.7257,9.179,5832.6227,9.1933,5750.9312,9.201,5622.9863,9.2175,5520.5783,9.213,5496.8295,9.1936,5549.8998,9.1781,5643.7877,9.1745,5727.9311,9.1815,5753.1076,9.1924,5709.1373,9.1992,5642.6407,9.1966,5610.5373,9.1746,5617.4239,9.1522,5629.5827,9.1365,5634.4182,9.1129,5642.0711,9.091,5653.4164,9.0748,5661.3356,9.0581,5664.9971,9.038,5670.8516,9.0112,5684.1438,8.9837,5703.3468,8.9645,5724.4423,8.9502,5739.3608,8.9395,5739.3665,8.9259,5731.3744,8.8941,5730.7527,8.8659,5739.6293,8.8425,5746.8157,8.8256,5747.5693,8.8111,5753.9767,8.788,5769.9053,8.7718,5781.4116,8.7628,5787.5326,8.7498,5796.2244,8.7389,5800.982,8.7303,5798.554,8.7145,5797.625,8.697,5800.986,8.6828,5807.3877,8.6686,5818.8039,8.6578,5840.7475,8.6504,5884.3027,8.6452,5942.3799,8.648,5971.2536,8.658,5939.3869,8.6653,5878.6843,8.6635,5844.1004,8.6471,5837.1083,8.6336,5831.211,8.6174,5872.3811,8.5835,6034.2242,8.5658,6247.8578,8.5911,6329.218,8.6331,6207.6695,8.6734,6006.99,8.6963,5882.008,8.6839,5856.0374,8.6623,5857.2928,8.6477,5849.7508,8.624,5845.6314,8.5912,5836.8469,8.563,5818.4753,8.5311,5874.6053,8.5048,6138.022,8.5048,6621.9851,8.5048,7149.3185,8.5048,7465.1919,8.5048,7435.3455,8.5048
19,422.9113,8.5462,422.9113,8.5462,4533.1592,8.5462,4813.315,8.5462,5141.1178,8.5462,5435.5927,8.5462,5650.7631,8.5462,5773.4402,8.5462,5818.879,8.5521,5820.9231,8.5645,5789.7454,8.5807,5716.9789,8.5933,5631.491,8.5929,5592.4439,8.5812,5627.006,8.5722,5718.6996,8.5707,5836.3299,8.5784,5943.2272,8.5956,6008.5816,8.62,6031.7789,8.646,6033.0959,8.6742,6012.0093,8.7073,5939.8254,8.7391,5812.2931,8.7603,5697.4478,8.7674,5700.4092,8.7626,5876.4212,8.7689,6186.7074,8.8048,6509.5536,8.8672,6693.7589,8.9438,6650.9884,9.0194,6413.2685,9.0832,6098.3555,9.1325,5825.3437,9.1559,5658.0564,9.1544,5610.1804,9.1399,5663.6609,9.1257,5762.9405,9.1256,5834.0859,9.1368,5829.5848,9.1504,5742.4123,9.1571,5608.7864,9.1731,5500.5167,9.1678,5470.936,9.1479,5518.7396,9.1324,5608.4921,9.1285,5689.0545,9.1354,5709.5299,9.1461,5658.8936,9.153,5584.7935,9.1505,5546.0209,9.1287,5548.0885,9.1067,5556.7944,9.0911,5558.772,9.068,5563.7608,9.0463,5572.3952,9.0304,5577.3841,9.0141,5577.7432,8.9945,5579.7761,8.9684,5588.8255,8.9414,5603.6429,8.9226,5620.4977,8.9086,5631.8412,8.8983,5629.4399,8.8851,5619.9801,8.8543,5618.0678,8.8268,5625.3863,8.8041,5630.8201,8.7878,5629.5275,8.7737,5633.0392,8.7513,5645.2563,8.7358,5653.1634,8.7271,5656.3242,8.7145,5662.5939,8.7041,5665.5784,8.6958,5662.0029,8.6806,5659.7418,8.6639,5661.7318,8.65,5670.053,8.6363,5689.3904,8.6269,5721.8373,8.6227,5772.662,8.622,5832.5301,8.6292,5856.7517,8.6429,5812.3169,8.6532,5734.7373,8.6539,5687.3321,8.6389,5674.7871,8.6255,5669.2894,8.6098,5719.0939,8.5784,5897.9451,8.5648,6127.759,8.5942,6214.0752,8.6405,6083.1722,8.6853,5861.8913,8.7143,5713.2594,8.7066,5670.9017,8.6863,5665.5996,8.6722,5654.4746,8.6501,5642.2772,8.6199,5621.7777,8.5936,5604.2125,8.562,5691.3909,8.5462,6007.9839,8.5462,6541.0984,8.5462,7099.4148,8.5462,7428.6426,8.5462,7397.3463,8.5462
20,432.9455,8.6087,432.9455,8.6087,4608.9851,8.6087,4890.8192,8.6087,5225.1184,8.6087,5530.171,8.6087,5758.3411,8.6087,5894.0491,8.6087,5948.8239,8.6087,5954.3139,8.6168,5922.2361,8.6289,5847.5868,8.6378,5760.13,8.634,5717.5789,8.6196,5748.892,8.6087,5841.0763,8.6087,5961.2915,8.6087,6068.5213,8.6221,6130.6647,8.6433,6148.289,8.6664,6142.9463,8.6918,6114.6554,8.722,6034.6241,8.7507,5898.8692,8.7693,5776.9161,8.7734,5775.9564,8.7648,5952.2043,8.7679,6265.6603,8.8006,6591.5915,8.8604,6775.6191,8.9345,6727.9784,9.0079,6481.8497,9.0699,6158.1269,9.1173,5879.2221,9.1389,5709.2693,9.1364,5658.3594,9.1217,5705.746,9.1073,5797.3475,9.1067,5861.4333,9.1168,5850.8221,9.1291,5758.2314,9.1345,5619.7144,9.1497,5506.6718,9.1436,5471.8408,9.1234,5513.9002,9.1078,5598.218,9.1037,5673.858,9.1104,5688.9315,9.1207,5631.6243,9.1275,5550.1509,9.1252,5504.7615,9.1036,5501.7811,9.0819,5506.5655,9.0664,5505.0521,9.0436,5506.6918,9.0222,5511.9238,9.0065,5513.2384,8.9906,5509.4878,8.9715,5506.786,8.946,5510.4359,8.9195,5519.5076,8.9011,5530.8452,8.8875,5537.6071,8.8776,5532.0073,8.8648,5520.4275,8.8349,5516.7126,8.8084,5522.0234,8.7863,5525.0817,8.7706,5520.7497,8.757,5520.0405,8.7353,5527.0256,8.7205,5529.7234,8.712,5528.4216,8.7,5531.1156,8.6901,5531.5667,8.6821,5525.958,8.6677,5521.3741,8.6518,5523.5521,8.6381,5539.0111,8.6253,5570.0911,8.619,5611.7784,8.6199,5666.6306,8.625,5726.3647,8.6376,5745.6921,8.6559,5689.0218,8.6701,5591.696,8.6752,5522.1781,8.6646,5492.5887,8.6519,5484.6374,8.6359,5555.1796,8.6087,5770.6863,8.6087,6031.8056,8.6299,6131.3167,8.6777,5996.5673,8.7251,5759.562,8.7581,5591.4921,8.7545,5535.9598,8.7356,5526.1655,8.7218,5512.8281,8.7008,5493.9588,8.6729,5462.6713,8.6483,5443.9878,8.6162,5556.1329,8.6087,5918.1682,8.6087,6494.7872,8.6087,7081.5907,8.6087,7423.5413,8.6087,7390.89,8.6087
21,441.9357,8.6805,441.9357,8.6805,4670.6236,8.6805,4958.3176,8.6805,5297.5527,8.6805,5605.6191,8.6805,5835.1578,8.6805,5970.8968,8.6805,6024.4711,8.6805,6027.8075,8.6879,5992.8178,8.6995,5914.8746,8.7078,5826.1891,8.7032,5788.4928,8.6883,5832.3412,8.6805,5942.2646,8.6805,6080.3424,8.6805,6200.2301,8.6856,6267.6578,8.7032,6284.99,8.7232,6276.625,8.7457,6244.4894,8.7728,6160.6662,8.7983,6021.2257,8.8138,5895.3123,8.814,5889.6079,8.8002,6059.9158,8.7985,6366.3751,8.8273,6685.1401,8.8841,6863.0064,8.956,6811.0511,9.0274,6562.8434,9.0874,6239.8411,9.1327,5965.0134,9.152,5799.6735,9.1478,5746.945,9.1324,5783.053,9.1175,5859.5235,9.1161,5911.0948,9.1249,5891.5378,9.1359,5792.0633,9.14,5647.9931,9.1545,5529.4358,9.1475,5487.0787,9.1269,5519.5128,9.1114,5593.8329,9.1077,5659.8984,9.1147,5665.1115,9.1256,5596.498,9.1332,5502.3672,9.1315,5445.1512,9.1106,5432.9755,9.0896,5430.691,9.0744,5422.9755,9.0524,5418.5967,9.0318,5417.6485,9.0166,5412.4711,9.0012,5401.7777,8.9828,5391.1973,8.9583,5385.507,8.9329,5384.0088,8.9154,5384.918,8.9025,5383.4051,8.8933,5372.7674,8.8814,5358.3167,8.8535,5351.8445,8.8285,5353.577,8.8077,5352.3783,8.7932,5342.7347,8.7806,5335.6412,8.7598,5338.2214,8.7462,5341.8151,8.7392,5342.4888,8.7307,5338.2728,8.7258,5320.5795,8.722,5294.0705,8.71,5279.1058,8.6932,5296.6249,8.6805,5355.6524,8.6805,5438.7572,8.6805,5519.9641,8.6805,5597.0022,8.6805,5666.1314,8.6934,5687.0504,8.7143,5626.7679,8.7313,5521.0863,8.7395,5439.7993,8.7319,5400.8924,8.719,5396.3659,8.7025,5488.3114,8.6805,5733.6223,8.6805,6017.5904,8.6956,6128.1125,8.7432,5997.0657,8.7914,5760.7395,8.8254,5592.0034,8.8223,5535.0485,8.8032,5523.312,8.7893,5507.589,8.7687,5485.3114,8.7419,5449.6216,8.718,5429.6426,8.6859,5549.3484,8.6805,5927.6023,8.6805,6522.973,8.6805,7124.991,8.6805,7474.809,8.6805,7441.3679,8.6805
22,447.4041,8.7581,447.4041,8.7581,4721.328,8.7581,5022.7401,8.7581,5371.098,8.7581,5682.7675,8.7581,5912.6822,8.7581,6046.9048,8.7581,6097.7341,8.7581,6098.2131,8.7656,6061.329,8.777,5982.8272,8.7849,5895.232,8.7797,5860.9606,8.7645,5911.1823,8.7581,6030.1133,8.7581,6177.3648,8.7581,6303.0648,8.7588,6371.8531,8.7742,6387.8571,8.7925,6377.487,8.8132,6343.9727,8.8386,6260.3494,8.8621,6122.6975,8.8758,5997.7675,8.8735,5988.2798,8.8562,6148.64,8.8515,6441.6659,8.8776,6747.6916,8.9328,6917.1903,9.0034,6863.2369,9.0738,6618.8726,9.1329,6303.4749,9.177,6037.6231,9.1949,5878.8806,9.1897,5825.406,9.1736,5852.4043,9.1582,5916.7346,9.1564,5958.7701,9.1645,5933.066,9.1748,5829.1848,9.1784,5681.6048,9.1927,5559.3213,9.1854,5511.5512,9.1649,5537.1668,9.1497,5604.3574,9.1465,5663.3061,9.1544,5661.3882,9.1661,5585.0952,9.1747,5482.4995,9.1738,5417.4901,9.1536,5399.5452,9.133,5392.9977,9.1181,5381.5194,9.0967,5373.467,9.0767,5368.7558,9.0618,5359.6739,9.0468,5344.9648,9.0287,5329.9893,9.0047,5319.0193,8.9802,5311.3814,8.9634,5306.2798,8.951,5300.2545,8.9422,5287.1752,8.9308,5271.5544,8.9042,5263.9626,8.88,5264.2145,8.8601,5261.0333,8.8463,5248.896,8.8342,5241.4729,8.8138,5249.1495,8.8013,5260.097,8.7965,5262.9232,8.792,5251.8356,8.7915,5220.7276,8.7904,5184.8484,8.7786,5177.9197,8.7611,5221.6124,8.7581,5311.801,8.7581,5420.0464,8.7581,5518.4927,8.7581,5606.3346,8.7581,5681.2184,8.7686,5704.8273,8.7896,5646.1014,8.8072,5541.5092,8.816,5460.5922,8.8087,5421.3312,8.7958,5416.931,8.779,5510.5372,8.7581,5757.3359,8.7581,6040.6096,8.7718,6150.3678,8.8192,6022.0819,8.8677,5791.9375,8.9016,5629.4276,8.8985,5575.7645,8.8793,5564.096,8.8651,5546.9256,8.8446,5522.8987,8.8184,5485.364,8.7951,5464.2592,8.7629,5585.211,8.7581,5968.8015,8.7581,6574.1128,8.7581,7187.4818,8.7581,7544.2611,8.7581,7510.1708,8.7581
23,447.7728,8.8388,447.7728,8.8388,4762.8913,8.8388,5083.1628,8.8388,5444.208,8.8388,5760.8541,8.8388,5991.2673,8.8388,6123.767,8.8388,6171.7977,8.8388,6169.7387,8.8465,6131.6817,8.8578,6053.4324,8.8654,5967.0552,8.8599,5934.7125,8.8447,5987.6418,8.8388,6110.1865,8.8388,6261.1941,8.8388,6389.1229,8.8388,6457.8569,8.8519,6472.4644,8.869,6460.8442,8.8887,6427.4371,8.9128,6346.5417,8.9352,6214.7455,8.9477,6094.8132,8.944,6082.2336,8.9256,6230.0297,8.9199,6506.9719,8.9447,6799.2288,8.9985,6960.6236,9.0678,6905.9495,9.1372,6667.3722,9.1955,6361.259,9.2386,6104.6909,9.256,5951.8869,9.2506,5898.4779,9.2343,5919.862,9.2186,5976.459,9.2165,6012.5423,9.2239,5983.6014,9.2335,5878.0267,9.2373,5729.2824,9.2508,5605.301,9.2438,5554.5008,9.2236,5576.2052,9.2088,5639.0369,9.2061,5693.2608,9.2146,5686.7879,9.2269,5606.0786,9.236,5498.803,9.2358,5429.6245,9.2161,5408.8241,9.1958,5400.1479,9.1809,5386.5078,9.1599,5376.2158,9.1402,5369.2308,9.1255,5357.7186,9.1106,5340.4353,9.0926,5322.7153,9.0687,5308.499,9.0448,5297.0885,9.0284,5288.416,9.0163,5279.779,9.0078,5265.111,8.9966,5248.4932,8.9705,5240.1436,8.947,5239.7139,8.9275,5235.3863,8.914,5221.2184,8.9021,5212.6879,8.8819,5222.5129,8.8699,5236.9485,8.8665,5240.0565,8.8643,5223.7611,8.8662,5183.8431,8.8665,5143.2736,8.8547,5143.797,8.8388,5204.5611,8.8388,5311.8399,8.8388,5432.3499,8.8388,5538.8306,8.8388,5631.4664,8.8388,5708.6482,8.8483,5733.5308,8.8692,5676.2682,8.8868,5573.0559,8.8955,5492.7467,8.8883,5453.8002,8.8758,5450.2857,8.8591,5544.6287,8.8388,5790.0162,8.8388,6069.8417,8.8524,6177.7952,8.8988,6052.2522,8.9463,5827.581,8.9791,5669.899,8.9767,5619.8282,8.9582,5611.202,8.9439,5596.13,8.9235,5572.5571,8.8979,5533.804,8.8748,5510.9995,8.8423,5631.7761,8.8388,6018.5237,8.8388,6631.2798,8.8388,7254.2335,8.8388,7617.3205,8.8388,7582.6692,8.8388
24,445.5631,8.9247,445.5631,8.9247,4801.3649,8.9247,5141.8771,8.9247,5517.2894,8.9247,5840.1386,8.9247,6071.7765,8.9247,6203.145,8.9247,6248.9409,8.9247,6244.7332,8.9326,6205.4548,8.9436,6126.8123,8.9509,6040.7542,8.9452,6009.7227,8.9302,6064.7502,8.9247,6189.6933,8.9247,6343.2285,8.9247,6473.2711,8.9247,6542.7238,8.9361,6556.575,8.9522,6543.9935,8.9709,6511.0111,8.9939,6432.3443,9.0152,6302.9148,9.0269,6183.2075,9.0229,6167.4289,9.0054,6307.6242,9.0002,6572.9397,9.0245,6853.2704,9.0771,7007.2986,9.1447,6952.1777,9.2127,6719.1188,9.2699,6421.3729,9.3119,6172.2794,9.3294,6023.3599,9.3245,5969.5126,9.3084,5986.7752,9.2927,6037.5303,9.2901,6069.2317,9.2966,6039.0515,9.3054,5934.0966,9.3093,5785.6692,9.3219,5660.5149,9.3153,5607.5653,9.2958,5627.3108,9.2815,5687.9999,9.2794,5739.2108,9.2883,5729.6412,9.3008,5646.181,9.3101,5536.1165,9.3103,5464.6927,9.2913,5442.8279,9.2712,5433.4968,9.2563,5418.7872,9.2354,5407.1988,9.2159,5398.9135,9.2011,5385.8524,9.1863,5366.7602,9.1682,5347.2049,9.1443,5330.9887,9.1207,5317.337,9.1046,5306.6557,9.0927,5296.5452,9.0842,5280.6826,9.0731,5263.0217,9.0473,5254.0725,9.0241,5253.4848,9.0049,5248.4803,8.9915,5232.3855,8.9797,5222.3114,8.9593,5233.0748,8.9476,5249.6419,8.945,5253.407,8.9441,5235.6393,8.9473,5192.6254,8.9486,5149.9511,8.9379,5153.6496,8.9247,5222.4386,8.9247,5337.5165,8.9247,5463.038,8.9247,5572.5112,8.9247,5666.8347,8.9247,5744.7698,8.9339,5770.2959,8.9543,5714.0062,8.9715,5611.2197,8.9799,5530.207,8.9727,5490.8494,8.9608,5488.4626,8.9445,5583.9368,8.9247,5828.0898,8.9247,6104.8883,8.9388,6211.4451,8.9834,6087.9121,9.0289,5866.1273,9.0601,5709.9236,9.0587,5662.0318,9.0418,5658.0831,9.0277,5647.7897,9.0074,5626.3981,8.9823,5587.3859,8.9593,5563.5869,8.9263,5684.1238,8.9247,6072.9738,8.9247,6691.7339,8.9247,7323.0767,8.9247,7691.8569,8.9247,7656.7044,8.9247
25,443.1302,9.0103,443.1302,9.0103,4985.7444,9.0103,5286.136,9.0103,5639.7467,9.0103,5957.6242,9.0103,6189.8982,9.0103,6322.3316,9.0103,6368.4328,9.0104,6362.2972,9.0186,6317.0495,9.0298,6229.1206,9.0372,6134.7439,9.0313,6100.7566,9.0159,6159.1479,9.0103,6291.8965,9.0103,6456.0726,9.0103,6598.588,9.0103,6679.6962,9.0214,6701.0361,9.0375,6690.1385,9.056,6652.0833,9.0792,6561.1257,9.1005,6415.7521,9.1122,6284.6793,9.1082,6271.7308,9.0895,6436.3828,9.083,6745.7786,9.1068,7073.3127,9.1597,7255.2359,9.2284,7195.1572,9.2972,6927.1779,9.3551,6580.9073,9.3978,6288.9696,9.4145,6113.694,9.4089,6048.3333,9.3924,6061.3045,9.3762,6110.5177,9.3726,6144.016,9.3773,6119.4305,9.3847,6018.9872,9.3873,5867.3521,9.4007,5733.0962,9.3937,5675.2113,9.3743,5700.4656,9.3602,5773.4157,9.3584,5834.5026,9.368,5824.9819,9.3812,5730.677,9.3912,5604.8126,9.3918,5520.7884,9.3726,5492.9091,9.3521,5481.7091,9.3373,5466.1596,9.3166,5453.8861,9.2971,5444.8925,9.2823,5430.6476,9.2673,5410.0772,9.2489,5389.4832,9.2248,5372.9627,9.2014,5359.5976,9.1854,5349.3056,9.1736,5338.8197,9.1653,5321.6505,9.1545,5302.6081,9.1288,5292.8839,9.1053,5292.0882,9.0862,5286.8792,9.0731,5270.6376,9.0614,5262.4225,9.0402,5278.4399,9.0282,5301.1641,9.0261,5307.7156,9.0261,5287.5271,9.0303,5238.7056,9.0325,5191.1865,9.0223,5194.7088,9.0103,5267.8662,9.0103,5389.225,9.0103,5521.5699,9.0103,5639.1996,9.0103,5743.851,9.0103,5832.0083,9.0186,5861.6524,9.0397,5799.4195,9.0574,5684.5711,9.0663,5592.9089,9.0592,5547.796,9.0462,5546.5602,9.0293,5655.3102,9.0103,5926.635,9.0103,6233.3483,9.0223,6352.8893,9.0687,6216.3743,9.1157,5968.2855,9.1483,5790.7961,9.1447,5730.9961,9.1259,5720.0161,9.1119,5705.6784,9.0918,5681.7866,9.0673,5639.9599,9.0448,5617.8831,9.0116,5754.6044,9.0103,6173.5547,9.0103,6820.7627,9.0103,7467.1368,9.0103,7840.1461,9.0103,7804.3536,9.0103
26,441.1697,9.0914,441.1697,9.0914,5036.287,9.0914,5352.2059,9.0914,5715.319,9.0914,6036.4304,9.0914,6268.9433,9.0914,6400.0189,9.0914,6443.8893,9.092,6436.4904,9.1004,6392.8701,9.1117,6309.2112,9.1192,6218.3377,9.1134,6183.2363,9.0979,6236.1604,9.0914,6362.4164,9.0914,6520.2491,9.0914,6655.7677,9.0914,6730.1636,9.1036,6747.182,9.1202,6735.0666,9.1392,6698.4906,9.1628,6611.5536,9.1847,6472.2846,9.1969,6346.2396,9.1929,6332.0034,9.1734,6487.1856,9.1662,6782.5863,9.1898,7097.3802,9.2434,7272.8414,9.3134,7214.9529,9.3834,6956.4179,9.4422,6623.0887,9.4857,6343.6468,9.5022,6176.8249,9.4962,6112.3,9.4794,6117.2642,9.4628,6154.8648,9.4582,6182.3269,9.4612,6160.7192,9.4671,6067.5939,9.469,5922.7873,9.4828,5793.2119,9.4758,5737.0586,9.4567,5761.3253,9.4427,5831.7825,9.4413,5890.2313,9.4516,5879.5295,9.4654,5786.0695,9.476,5661.7731,9.4769,5578.6553,9.4575,5550.869,9.4367,5539.3466,9.4218,5523.4046,9.4013,5510.7893,9.3816,5501.3032,9.3668,5486.4312,9.3516,5465.494,9.3326,5444.7838,9.308,5427.915,9.2846,5413.8694,9.2688,5402.8809,9.2571,5391.9175,9.249,5374.7385,9.2383,5356.1085,9.2126,5346.6496,9.1888,5345.8755,9.1696,5340.8127,9.1566,5324.5731,9.1451,5315.799,9.1231,5330.7856,9.1107,5352.0478,9.1089,5356.9237,9.1092,5335.6311,9.1138,5286.5696,9.116,5238.7838,9.1052,5241.1927,9.0914,5312.8394,9.0914,5433.1439,9.0914,5564.9194,9.0914,5681.7919,9.0914,5784.8616,9.0914,5871.03,9.0994,5899.9847,9.1208,5839.8574,9.139,5729.9361,9.1482,5644.0774,9.1407,5602.3415,9.1271,5600.431,9.1099,5705.1344,9.0914,5969.2054,9.0914,6266.838,9.1029,6381.0441,9.1503,6248.1044,9.1984,6011.4872,9.2315,5846.5556,9.2267,5793.1657,9.2067,5781.5976,9.1923,5764.7697,9.1723,5740.0211,9.1483,5698.3518,9.1264,5675.7872,9.0936,5811.315,9.0914,6231.4436,9.0914,6885.6656,9.0914,7542.5195,9.0914,7922.4897,9.0914,7886.0668,9.0914
27,439.4837,9.162,439.4837,9.162,5065.3451,9.162,5400.2879,9.162,5775.7828,9.162,6101.6557,9.162,6334.9407,9.162,6465.1169,9.162,6507.7862,9.1634,6500.4993,9.1719,6459.6159,9.1833,6380.8932,9.1909,6293.9265,9.1853,6257.599,9.17,6303.3892,9.162,6419.2894,9.162,6565.9827,9.162,6691.0972,9.1626,6757.7214,9.1776,6770.8259,9.1952,6758.2158,9.2151,6723.5942,9.2396,6640.0167,9.2623,6503.7593,9.2751,6379.0811,9.2714,6364.1904,9.2526,6515.2338,9.246,6802.1187,9.2704,7107.4299,9.3246,7278.0556,9.3951,7222.8758,9.4657,6973.3809,9.5251,6651.622,9.569,6382.067,9.5866,6220.883,9.5812,6156.6154,9.5647,6155.5792,9.5478,6183.8424,9.5423,6206.9397,9.543,6190.424,9.5468,6106.9553,9.5484,5970.0765,9.5617,5845.1776,9.5553,5791.7005,9.5366,5817.9112,9.523,5889.6972,9.522,5948.8986,9.5328,5939.4003,9.5472,5848.1164,9.5582,5726.3824,9.5594,5645.7192,9.5401,5620.059,9.5191,5610.0662,9.5042,5595.1385,9.4836,5583.3265,9.4639,5574.4938,9.449,5560.2902,9.4333,5540.3733,9.4138,5521.0104,9.3889,5505.4494,9.3653,5492.4391,9.3495,5482.4559,9.3377,5472.7596,9.3295,5456.7422,9.3185,5438.7911,9.2924,5429.861,9.2685,5429.7369,9.249,5425.3485,9.2357,5409.7473,9.2239,5401.0391,9.2021,5414.6469,9.1897,5433.4535,9.1874,5436.5893,9.1868,5416.599,9.1899,5373.0093,9.1907,5330.0718,9.1789,5328.4032,9.162,5387.3068,9.162,5494.6075,9.162,5617.4793,9.162,5728.2486,9.162,5826.6102,9.162,5909.5901,9.171,5937.817,9.1922,5879.7915,9.2102,5773.7247,9.219,5691.8901,9.2111,5653.2843,9.1978,5652.3123,9.1807,5753.5896,9.162,6009.2309,9.162,6297.1912,9.1752,6406.6445,9.2221,6276.6476,9.2696,6047.5912,9.3017,5889.9835,9.2974,5841.7314,9.2779,5833.7458,9.2632,5819.9757,9.2433,5798.2317,9.2197,5758.6297,9.1979,5735.4338,9.1647,5867.6411,9.162,6285.4944,9.162,6942.8816,9.162,7607.2183,9.162,7992.7703,9.162,7955.8719,9.162
28,437.9707,9.2185,437.9707,9.2185,5080.521,9.2185,5432.8499,9.2185,5820.3924,9.2185,6151.2262,9.2185,6385.2833,9.2185,6514.6811,9.2185,6556.7864,9.2208,6550.4989,9.2296,6512.9546,9.2409,6439.3835,9.2487,6356.3147,9.2436,6318.1804,9.2286,6354.714,9.2185,6456.306,9.2185,6588.0136,9.2185,6701.7054,9.2235,6762.4122,9.2402,6773.9507,9.2592,6762.1675,9.2803,6729.9176,9.3059,6649.1429,9.3297,6513.6311,9.3432,6387.6974,9.3403,6372.763,9.3228,6524.1161,9.3177,6807.6776,9.3433,7107.3483,9.3981,7275.3649,9.4687,7223.4811,9.5395,6982.2153,9.5992,6670.3017,9.6435,6408.4792,9.6624,6251.4696,9.6582,6188.4051,9.6424,6184.954,9.6253,6208.0055,9.6187,6229.3096,9.6173,6218.7227,9.619,6144.8955,9.6203,6015.545,9.6327,5894.8634,9.6269,5844.2412,9.6088,5873.4186,9.5956,5947.8394,9.5949,6008.9277,9.606,6001.5569,9.6205,5913.3063,9.6314,5795.1274,9.6327,5718.0931,9.6138,5695.7355,9.5928,5688.3094,9.5778,5675.2794,9.557,5664.9915,9.5373,5657.3836,9.5222,5644.4367,9.5059,5626.3042,9.4856,5609.1304,9.4604,5595.7428,9.4366,5584.7832,9.4206,5576.9261,9.4086,5569.4583,9.4001,5555.1089,9.3888,5537.9296,9.3621,5529.6728,9.3378,5530.5981,9.3179,5527.3055,9.3042,5512.7182,9.292,5504.2996,9.2704,5516.2609,9.2576,5532.2471,9.2545,5534.4664,9.2522,5518.443,9.2532,5483.2884,9.2524,5445.8168,9.2407,5437.5577,9.2234,5479.0368,9.2185,5567.5329,9.2185,5675.8621,9.2185,5776.203,9.2185,5867.249,9.2185,5946.0212,9.2293,5973.4351,9.2502,5917.4269,9.2677,5814.5374,9.2757,5735.7751,9.2673,5700.0132,9.2544,5700.225,9.2378,5797.752,9.2185,6044.4581,9.2185,6323.3114,9.2344,6428.9445,9.2802,6301.1973,9.3264,6076.6591,9.3571,5922.6108,9.3536,5877.9159,9.3353,5875.1658,9.3206,5867.5222,9.3008,5851.3187,9.2776,5815.1716,9.2557,5791.5428,9.2218,5919.6587,9.2185,6333.479,9.2185,6990.9722,9.2185,7659.3053,9.2185,8048.3467,9.2185,8011.1728,9.2185
29,436.7057,9.2542,436.7057,9.2542,5216.8214,9.2542,5526.1908,9.2542,5890.1773,9.2542,6215.1192,9.2542,6449.478,9.2542,6580.8258,9.2542,6625.3541,9.2579,6619.5992,9.2673,6578.2162,9.2789,6496.5696,9.2871,6404.7084,9.2826,6361.1429,9.2679,6396.3935,9.2562,6499.1963,9.2542,6634.9658,9.2542,6756.913,9.2648,6827.7811,9.2836,6847.117,9.3043,6838.2916,9.327,6802.2571,9.354,6708.3824,9.3793,6551.802,9.3941,6408.9201,9.3929,6399.844,9.3783,6588.5906,9.3759,6931.2536,9.4033,7289.8463,9.459,7493.1025,9.5299,7438.6147,9.601,7160.0829,9.661,6793.7508,9.706,6480.5396,9.7263,6288.6573,9.7234,6210.5582,9.7082,6205.9435,9.6909,6233.9766,9.6833,6264.5403,9.6801,6267.8771,9.6802,6206.488,9.6812,6078.7488,9.693,5950.9542,9.6876,5898.7537,9.6701,5940.537,9.6572,6035.8887,9.6568,6114.208,9.6678,6111.9743,9.6822,6016.3472,9.6928,5885.6846,9.694,5800.1843,9.6753,5776.4365,9.6542,5771.3995,9.6391,5761.0449,9.618,5753.109,9.5979,5747.8027,9.5825,5736.9994,9.5655,5721.1473,9.5444,5707.0897,9.5188,5698.1472,9.4947,5692.926,9.4783,5691.0332,9.4661,5687.6513,9.4572,5674.1719,9.4455,5656.0885,9.4179,5647.9393,9.3929,5650.5756,9.3726,5649.2808,9.3583,5636.9296,9.3457,5631.2189,9.3239,5644.8302,9.3105,5661.0969,9.3059,5664.6286,9.301,5653.46,9.2987,5626.576,9.2958,5594.5244,9.2837,5579.5148,9.267,5601.3159,9.2542,5666.8379,9.2542,5757.9906,9.2542,5850.2275,9.2542,5942.1087,9.2542,6026.6284,9.2676,6056.4666,9.2882,5993.6116,9.3051,5877.1072,9.3122,5786.1469,9.3033,5745.9139,9.2907,5750.5998,9.2745,5861.7129,9.2542,6132.4366,9.2542,6438.9855,9.2728,6556.961,9.3179,6413.3601,9.3627,6154.698,9.3923,5970.1814,9.3892,5911.7257,9.3717,5909.7545,9.3573,5908.4433,9.3377,5897.368,9.3145,5863.3677,9.2923,5843.2703,9.258,5984.0899,9.2542,6418.9572,9.2542,7093.006,9.2542,7765.8342,9.2542,8153.4729,9.2542,8116.2215,9.2542
30,435.6336,9.2675,435.6336,9.2675,5222.4561,9.2675,5532.9737,9.2675,5896.839,9.2675,6220.0142,9.2675,6451.2456,9.2675,6578.8977,9.2675,6620.5941,9.2734,6614.1126,9.284,6574.093,9.2968,6495.5001,9.3058,6408.5445,9.3017,6369.0127,9.2873,6401.204,9.2755,6492.7528,9.2706,6615.7064,9.2749,6729.075,9.2887,6796.4575,9.3097,6815.9399,9.3322,6809.2974,9.3564,6776.6828,9.3852,6687.2712,9.4122,6535.6381,9.4286,6396.8762,9.4291,6389.5799,9.4155,6577.0987,9.4139,6916.5128,9.4427,7272.2553,9.5001,7475.5409,9.5732,7424.9505,9.646,7153.2628,9.7075,6794.828,9.7539,6488.9189,9.7745,6302.7626,9.7716,6228.5508,9.7563,6227.0431,9.7385,6259.1754,9.7305,6294.9518,9.7275,6303.0944,9.7277,6245.801,9.7284,6122.9632,9.7411,6001.2634,9.7356,5954.1215,9.718,5997.9724,9.7049,6093.3981,9.7042,6172.3977,9.715,6173.5202,9.7292,6084.7747,9.7396,5963.0693,9.7403,5885.2011,9.7211,5865.9417,9.6995,5863.4233,9.6842,5855.2081,9.6628,5849.5323,9.6419,5846.6672,9.626,5838.6536,9.6084,5826.0893,9.5866,5815.7125,9.5604,5810.6841,9.5356,5809.4417,9.5187,5811.2384,9.5062,5810.9242,9.497,5799.8017,9.485,5783.467,9.4564,5776.5745,9.4303,5780.2218,9.4092,5780.5743,9.3944,5770.8336,9.3814,5765.7776,9.3591,5774.711,9.3446,5783.7734,9.3383,5784.904,9.3304,5780.2613,9.3246,5766.8778,9.3192,5748.9637,9.3059,5738.0317,9.2898,5743.7313,9.2759,5777.1566,9.2675,5836.2659,9.2675,5905.5371,9.2675,5982.6637,9.2698,6058.8576,9.2848,6086.0062,9.3056,6025.3097,9.3223,5915.2559,9.329,5833.1824,9.319,5799.2887,9.3057,5802.3083,9.2893,5903.0128,9.2675,6159.4539,9.2675,6454.1629,9.2872,6566.6978,9.3341,6425.163,9.3803,6174.8772,9.4108,6000.3273,9.4057,5946.9683,9.3867,5944.4855,9.3722,5942.7243,9.3526,5934.9476,9.3294,5906.0702,9.3072,5888.1371,9.2728,6025.3292,9.2675,6453.6131,9.2675,7123.0021,9.2675,7794.2197,9.2675,8181.6218,9.2675,8144.4144,9.2675
31,434.6948,9.2567,434.6948,9.2567,5201.5767,9.2567,5508.8691,9.2567,5866.4918,9.2567,6180.6885,9.2567,6401.527,9.2567,6519.5917,9.2585,6554.7836,9.2689,6545.3063,9.2826,6503.6632,9.2984,6421.8782,9.3099,6330.6117,9.3072,6290.9926,9.2932,6330.6113,9.2816,6432.966,9.2778,6564.5442,9.2835,6683.505,9.2988,6755.1272,9.3213,6778.4751,9.3452,6775.5279,9.3708,6746.5766,9.4009,6660.9565,9.4295,6513.1148,9.4472,6377.6129,9.4491,6372.4148,9.4371,6560.6348,9.4367,6899.8682,9.4669,7255.6782,9.5256,7460.3565,9.6,7412.7907,9.674,7145.1857,9.7364,6790.881,9.7838,6488.2741,9.8049,6304.5602,9.8022,6232.9331,9.7869,6235.2527,9.7688,6272.5393,9.7607,6313.6862,9.758,6326.2368,9.7584,6272.5524,9.7592,6153.7593,9.7723,6037.0466,9.7669,5994.6808,9.7493,6041.689,9.7361,6138.9104,9.7351,6219.9655,9.7455,6224.952,9.7593,6142.655,9.7692,6029.0123,9.7694,5958.1874,9.7497,5943.4281,9.7276,5943.7066,9.7122,5937.8296,9.6903,5934.5168,9.6688,5934.1818,9.6525,5928.9662,9.6343,5919.536,9.6118,5912.6372,9.585,5911.4182,9.5596,5914.1842,9.5423,5919.7821,9.5294,5922.507,9.5198,5913.3599,9.5075,5898.2285,9.4779,5892.3341,9.4509,5897.0709,9.429,5898.8829,9.4136,5891.1877,9.4003,5887.2316,9.3774,5893.5187,9.3621,5896.8372,9.3545,5894.8097,9.3441,5894.5862,9.3351,5891.2258,9.3275,5882.6741,9.313,5876.4972,9.2969,5877.8914,9.2832,5893.2059,9.2705,5925.7803,9.264,5972.1981,9.2648,6035.5156,9.2703,6105.2934,9.2841,6131.179,9.3034,6073.5533,9.3186,5970.9902,9.3237,5899.5146,9.3117,5873.8456,9.298,5874.636,9.2818,5959.657,9.2567,6194.2809,9.2567,6471.8575,9.2798,6576.4656,9.3276,6434.7354,9.374,6189.1694,9.4044,6020.7582,9.3982,5971.3647,9.3786,5970.3234,9.3639,5970.3948,9.3443,5966.9886,9.3209,5943.9245,9.2984,5928.543,9.264,6060.5921,9.2567,6478.1614,9.2567,7137.6149,9.2567,7802.8228,9.2567,8187.7218,9.2567,8150.7883,9.2567
32,433.6249,9.2199,433.6249,9.2199,5157.8764,9.2199,5458.1611,9.2199,5805.7461,9.2199,6108.1793,9.2199,6318.0182,9.2199,6428.8426,9.2271,6461.8336,9.2402,6453.769,9.2566,6414.5579,9.2754,6334.148,9.2896,6243.6749,9.2894,6207.3885,9.2776,6253.8587,9.2681,6363.5534,9.2664,6500.6271,9.274,6623.7738,9.2909,6699.3013,9.315,6726.5281,9.3403,6727.3318,9.3672,6701.9107,9.3988,6619.6056,9.4289,6474.8717,9.448,6342.1914,9.4515,6339.4452,9.4414,6529.797,9.4428,6871.0488,9.4745,7229.0225,9.5346,7436.145,9.61,7391.1721,9.685,7125.9423,9.7483,6773.2518,9.7965,6471.0419,9.8184,6287.2737,9.8163,6217.3324,9.8011,6224.2087,9.7831,6267.5014,9.7751,6314.0672,9.7727,6330.6881,9.7735,6280.0443,9.7746,6163.8752,9.788,6049.9554,9.7828,6010.8236,9.7654,6061.1543,9.752,6161.3359,9.7509,6245.1761,9.7611,6253.451,9.7747,6175.5228,9.7843,6067.0303,9.7843,6000.8738,9.7643,5989.4678,9.742,5992.1233,9.7265,5988.2689,9.7043,5986.9552,9.6824,5988.7596,9.6657,5985.8945,9.6472,5979.06,9.6243,5975.0656,9.5971,5977.1214,9.5712,5983.4314,9.5536,5992.4448,9.5404,5997.8667,9.5306,5990.3598,9.5179,5976.1449,9.4876,5971.1136,9.4599,5976.9597,9.4375,5980.0554,9.4218,5974.1184,9.408,5972.8355,9.3848,5981.4736,9.369,5985.0199,9.3612,5982.8241,9.3498,5985.1113,9.3398,5985.6397,9.3315,5979.5384,9.3166,5974.5991,9.3,5975.2492,9.2861,5984.985,9.2729,6008.6997,9.2643,6048.1312,9.2616,6108.2569,9.2632,6177.502,9.2732,6205.2998,9.2894,6153.5305,9.3019,6061.386,9.3041,6002.3418,9.2893,5986.5613,9.2751,5987.4716,9.2593,6055.9007,9.2318,6262.6048,9.2218,6516.3182,9.2535,6609.0161,9.3012,6465.1439,9.3467,6223.6451,9.3755,6061.9695,9.3677,6017.8709,9.3475,6019.5159,9.3328,6022.1486,9.3127,6023.8934,9.2885,6007.955,9.2652,5994.6808,9.231,6115.9467,9.2199,6512.5519,9.2199,7151.3156,9.2199,7802.4408,9.2199,8180.8316,9.2199,8144.5794,9.2199
33,432.5848,9.1589,432.5848,9.1589,5093.5668,9.1589,5385.4785,9.1589,5721.3927,9.1589,6010.5391,9.1589,6208.1559,9.1589,6310.9813,9.1716,6341.5922,9.1875,6335.2375,9.2069,6299.5248,9.2289,6223.3032,9.2462,6137.452,9.2491,6105.9026,9.2404,6156.7813,9.2336,6270.4066,9.2344,6411.1682,9.2441,6538.0742,9.2629,6617.6008,9.2888,6649.0519,9.3157,6654.1277,9.3442,6632.8404,9.3775,6554.523,9.4094,6413.672,9.43,6284.5576,9.4354,6284.6813,9.4278,6477.0776,9.4313,6819.8439,9.4649,7179.3463,9.5265,7388.5127,9.6033,7346.2509,9.6795,7084.0038,9.7438,6733.5747,9.793,6431.8994,9.816,6247.818,9.8145,6179.7612,9.7997,6192.1135,9.7819,6242.2121,9.7742,6294.379,9.7725,6315.0288,9.7738,6267.4236,9.7753,6153.771,9.7891,6042.4387,9.7843,6006.5223,9.7669,6060.5116,9.7536,6164.1885,9.7524,6251.307,9.7625,6263.1612,9.776,6189.5879,9.7854,6085.995,9.7852,6024.2598,9.765,6016.101,9.7424,6021.1353,9.7268,6019.3536,9.7044,6020.0751,9.6823,6024.023,9.6654,6023.5043,9.6468,6019.2416,9.6235,6018.0954,9.596,6023.3327,9.5698,6033.046,9.5518,6045.3124,9.5384,6053.3121,9.5284,6047.4298,9.5155,6034.1791,9.4845,6030.0104,9.4563,6036.9132,9.4335,6041.2722,9.4173,6036.9644,9.4033,6038.0299,9.3796,6049.5845,9.3634,6055.8666,9.3554,6055.8667,9.3438,6059.9549,9.3334,6061.7649,9.3249,6056.5793,9.3095,6052.7742,9.2925,6053.3094,9.2785,6058.8256,9.2647,6075.2222,9.2543,6108.6536,9.2486,6166.2764,9.2468,6236.0426,9.2535,6267.8217,9.2672,6224.8891,9.2776,6144.3058,9.2782,6093.8446,9.2623,6081.1146,9.2482,6080.0828,9.232,6141.4936,9.2028,6338.9323,9.1897,6586.6574,9.2185,6679.1257,9.2634,6540.9251,9.3059,6311.2268,9.3308,6164.198,9.3193,6130.6061,9.2981,6136.2328,9.2831,6141.0554,9.2621,6148.7686,9.236,6142.2501,9.2115,6129.7718,9.1776,6229.2057,9.1589,6586.3007,9.1589,7186.6306,9.1589,7811.6306,9.1589,8177.918,9.1589,8142.9306,9.1589
34,431.8879,9.0781,431.8879,9.0781,5007.8714,9.0781,5289.3041,9.0781,5611.8081,9.0781,5887.6323,9.0781,6075.2804,9.0813,6173.4181,9.0977,6204.1567,9.1161,6200.5797,9.1381,6168.4037,9.1631,6095.9227,9.1835,6014.1689,9.1893,5986.9373,9.1835,6041.8562,9.1795,6158.9919,9.1829,6302.9616,9.1947,6433.1347,9.2154,6516.2026,9.243,6551.5146,9.2716,6560.6231,9.3019,6543.3002,9.3369,6468.8366,9.3707,6331.8285,9.393,6206.359,9.4006,6209.4782,9.3958,6404.023,9.4018,6748.351,9.4377,7109.3335,9.501,7320.4086,9.5792,7280.7294,9.6566,7021.3857,9.722,6672.9871,9.7725,6371.1772,9.7968,6185.9729,9.7961,6119.7847,9.7817,6138.5806,9.7644,6196.4211,9.7571,6254.5035,9.7562,6279.3043,9.7581,6234.9413,9.7602,6123.8904,9.7745,6015.1434,9.7701,5982.7125,9.7529,6041.0461,9.7394,6149.1312,9.7382,6240.4646,9.7483,6256.7391,9.7617,6188.2375,9.7709,6090.2231,9.7705,6033.611,9.7501,6029.3743,9.7273,6037.4095,9.7116,6038.3004,9.6888,6041.6388,9.6666,6048.3156,9.6497,6050.772,9.6309,6049.7639,9.6074,6052.2564,9.5795,6061.6264,9.5528,6075.809,9.5346,6092.3644,9.5209,6103.7521,9.5106,6099.9946,9.4974,6088.0146,9.4657,6084.9954,9.4369,6093.3192,9.4136,6099.3839,9.3971,6097.2465,9.3827,6101.3958,9.3585,6116.7965,9.3417,6126.7998,9.3335,6129.8519,9.3214,6136.3494,9.3107,6139.9214,9.302,6135.8473,9.2861,6133.1646,9.2685,6135.4965,9.2541,6141.1949,9.2402,6152.4899,9.2292,6177.2501,9.2215,6228.4154,9.2164,6296.5662,9.2197,6331.7564,9.2304,6298.0161,9.2385,6229.859,9.2371,6188.7156,9.2201,6179.1966,9.206,6175.6878,9.1895,6229.0263,9.1581,6416.1887,9.1417,6657.4136,9.167,6749.5671,9.2089,6617.1581,9.2479,6399.5258,9.2686,6267.5453,9.2531,6244.8652,9.2307,6254.5881,9.2155,6261.2784,9.1933,6274.4665,9.1652,6276.8061,9.1392,6263.8605,9.1054,6338.8156,9.0781,6652.493,9.0781,7210.0369,9.0781,7805.2346,9.0781,8157.467,9.0781,8123.94,9.0781
35,431.8361,8.9883,431.8361,8.9883,4915.3327,8.9883,5185.9168,8.9883,5496.8001,8.9883,5763.0099,8.9883,5944.771,8.9952,6041.0692,9.0135,6072.8948,9.0335,6071.5628,9.0576,6041.4949,9.085,5970.8428,9.1077,5891.283,9.116,5866.9951,9.1128,5925.3081,9.1111,6045.8442,9.1167,6193.1053,9.1303,6326.5068,9.1527,6412.7558,9.1818,6451.269,9.2119,6463.5804,9.2436,6449.1804,9.2802,6377.1685,9.3157,6242.3889,9.3396,6119.3445,9.3492,6125.3933,9.3475,6323.5488,9.3563,6671.9981,9.3944,7036.9517,9.4592,7251.0942,9.5384,7213.2252,9.6166,6954.3863,9.6829,6604.7568,9.7343,6299.4194,9.76,6110.4356,9.7603,6045.1228,9.7466,6070.8266,9.7299,6136.9362,9.7234,6200.8454,9.7232,6229.6292,9.7256,6188.4646,9.7283,6079.5484,9.7428,5972.4737,9.7389,5943.013,9.7218,6006.0896,9.7083,6119.5298,9.707,6215.8945,9.7169,6236.7575,9.7302,6172.7357,9.7392,6079.3838,9.7385,6027.2708,9.7179,6026.81,9.6948,6037.9155,9.679,6041.5243,9.656,6047.4597,9.6337,6056.7996,9.6168,6062.0824,9.598,6064.0787,9.5745,6069.9664,9.5461,6083.3298,9.5191,6101.9407,9.5005,6122.7959,9.4866,6137.5119,9.476,6135.6476,9.4624,6124.6386,9.4301,6122.6104,9.4009,6132.3758,9.3771,6140.1478,9.3602,6139.9952,9.3455,6146.9426,9.3208,6165.9417,9.3034,6179.4461,9.295,6185.355,9.2825,6194.1241,9.2715,6199.2987,9.2625,6196.0881,9.2462,6194.1584,9.2281,6197.7581,9.2134,6203.4361,9.1993,6210.5118,9.1879,6228.2729,9.1785,6274.3902,9.1705,6341.6066,9.1707,6380.074,9.1786,6354.4293,9.1844,6297.0512,9.1812,6263.8047,9.1633,6257.6115,9.1491,6256.0437,9.1322,6309.2727,9.0994,6490.5894,9.0811,6723.0215,9.1041,6810.7974,9.1429,6682.1194,9.1786,6474.56,9.1953,6353.1279,9.1769,6336.2923,9.1537,6347.5579,9.1382,6355.1057,9.1148,6371.9638,9.0846,6380.4489,9.0572,6365.701,9.0234,6418.6528,8.9883,6693.9485,8.9883,7212.6592,8.9883,7779.6661,8.9883,8118.2105,8.9883,8086.0904,8.9883
36,437.3563,8.8975,437.3563,8.8975,4829.4135,8.8975,5090.8812,8.8975,5393.0078,8.8975,5653.1938,8.8975,5832.0883,8.9066,5927.8995,8.9258,5960.5733,8.9468,5960.3418,8.9722,5930.7635,9.0011,5860.0472,9.0254,5780.8337,9.0354,5758.0954,9.034,5819.0526,9.0342,5942.7563,9.0415,6093.3553,9.0564,6230.117,9.08,6319.4954,9.1101,6360.6,9.1413,6374.8113,9.1743,6361.5812,9.2121,6290.0949,9.2488,6155.6737,9.2739,6033.679,9.2853,6042.3398,9.2865,6245.0935,9.2982,6599.5535,9.3383,6970.2889,9.4041,7188.1904,9.4835,7151.236,9.562,6890.7498,9.6286,6537.2009,9.6805,6225.7013,9.7076,6030.9866,9.709,5966.0769,9.6959,5999.6505,9.6799,6075.0341,9.6742,6144.4611,9.6747,6175.6207,9.6775,6135.6333,9.6808,6026.9265,9.695,5919.8151,9.6917,5892.1309,9.6747,5959.4585,9.6613,6078.2187,9.6598,6179.6089,9.6694,6204.6927,9.6824,6144.2863,9.6909,6054.5539,9.69,6006.221,9.6692,6009.2793,9.6459,6023.3867,9.63,6029.5997,9.6066,6037.9558,9.5845,6049.742,9.5677,6057.5439,9.549,6062.1146,9.5255,6070.9458,9.4968,6087.9394,9.4693,6110.7324,9.4504,6135.7388,9.4362,6153.6037,9.4254,6153.2917,9.4115,6142.8585,9.3785,6141.6133,9.349,6152.8349,9.3249,6162.3016,9.3076,6163.8926,9.2926,6173.2712,9.2673,6195.5458,9.2495,6212.2715,9.2408,6220.8086,9.228,6231.6952,9.2167,6238.2831,9.2074,6235.709,9.1907,6234.2615,9.1722,6238.9372,9.1572,6245.828,9.1428,6251.8962,9.1312,6265.0093,9.1211,6305.472,9.1114,6369.8468,9.109,6409.7795,9.1144,6389.9823,9.1181,6340.8073,9.1134,6313.5669,9.0948,6309.3034,9.0805,6308.0646,9.0633,6361.1259,9.0296,6540.2667,9.0107,6769.2708,9.0323,6855.7298,9.0683,6729.5295,9.1011,6526.4068,9.1152,6408.6441,9.0969,6394.4696,9.0741,6408.1131,9.0582,6417.5079,9.0336,6436.9859,9.0015,6449.3848,8.9727,6432.7296,8.9384,6468.4815,8.8975,6712.7793,8.8975,7198.2679,8.8975,7739.9955,8.8975,8066.0571,8.8975,8035.223,8.8975
37,459.6986,8.8146,459.6986,8.8146,4654.3215,8.8146,4951.7279,8.8146,5267.6097,8.8146,5519.6772,8.8146,5682.8531,8.8237,5766.9462,8.8428,5796.2452,8.8641,5799.8271,8.8899,5779.7336,8.9193,5723.0353,8.9441,5657.6648,8.9547,5640.9323,8.9539,5695.4805,8.9549,5802.2204,8.9628,5931.4631,8.9783,6049.3402,9.0024,6126.9367,9.0332,6163.9537,9.065,6180.1123,9.0987,6175.2532,9.1372,6120.9631,9.1746,6010.3505,9.2003,5907.0601,9.2125,5913.3613,9.215,6084.3912,9.2278,6385.0869,9.2688,6701.3088,9.3353,6888.9207,9.4152,6860.8063,9.494,6644.6946,9.561,6352.4028,9.6131,6097.3957,9.6407,5941.224,9.6425,5896.5651,9.6297,5939.2717,9.6144,6017.7001,9.6099,6083.9611,9.6125,6105.7904,9.6172,6056.9333,9.6211,5949.6185,9.6361,5853.5484,9.6331,5833.7249,9.6159,5896.451,9.6023,6002.062,9.6005,6093.127,9.6097,6119.7707,9.6223,6073.6151,9.6304,6003.1858,9.6292,5969.5635,9.608,5979.3353,9.5845,5995.5491,9.5684,6002.9558,9.5448,6012.5346,9.5225,6025.8033,9.5058,6035.6028,9.4873,6042.3342,9.4641,6053.0994,9.4351,6071.6314,9.4074,6095.3729,9.3883,6120.9537,9.3739,6139.8351,9.363,6141.5398,9.3488,6133.4433,9.3155,6133.6018,9.2858,6145.2398,9.2615,6155.1949,9.244,6157.8304,9.2289,6168.3586,9.203,6191.5435,9.1847,6209.1256,9.1759,6218.5613,9.1628,6230.2569,9.1514,6237.78,9.142,6236.4823,9.125,6236.218,9.1063,6241.7074,9.0911,6249.3072,9.0765,6254.8164,9.0649,6263.2466,9.0546,6294.3576,9.0441,6349.0443,9.0405,6385.5474,9.0446,6371.8863,9.0473,6334.3507,9.0417,6316.6258,9.0228,6316.6048,9.0084,6313.8767,8.9911,6354.137,8.9564,6504.9807,8.9368,6702.5968,8.9579,6777.7863,8.9929,6669.3531,9.0247,6497.8973,9.0379,6404.3232,9.0196,6399.546,8.9967,6413.7291,8.9804,6421.4182,8.9551,6440.2707,8.9217,6454.4735,8.892,6436.8372,8.8574,6457.1145,8.8146,6668.7016,8.8146,7118.5776,8.8146,7636.7382,8.8146,7953.4702,8.8146,7923.7696,8.8146
38,496.2044,8.7487,496.2044,8.7487,4637.6989,8.7487,4920.5459,8.7487,5229.0613,8.7487,5482.0774,8.7487,5649.1189,8.755,5735.551,8.773,5764.9114,8.7934,5767.0772,8.8184,5744.6041,8.8473,5684.7951,8.8716,5615.94,8.8817,5596.2727,8.8804,5649.6417,8.8807,5757.3005,8.8882,5888.758,8.9035,6008.9959,8.9275,6088.1872,8.9582,6125.5489,8.99,6140.7388,9.0238,6133.6002,9.0624,6075.7979,9.1,5961.3937,9.1259,5856.0294,9.1381,5863.9365,9.1397,6040.9601,9.1516,6350.6855,9.1925,6675.6205,9.2594,6867.8386,9.3402,6838.2614,9.4198,6615.5246,9.4873,6314.3244,9.5398,6051.3002,9.5669,5890.1411,9.568,5844.9707,9.5547,5892.9933,9.5395,5980.2248,9.536,6050.9905,9.5409,6068.1078,9.5477,6009.3511,9.5518,5893.5785,9.5687,5793.1376,9.5659,5772.2263,9.5483,5835.4737,9.5341,5942.4281,9.5321,6035.2918,9.5411,6063.3753,9.5537,6018.0999,9.5618,5948.4025,9.5603,5915.2126,9.5386,5924.9591,9.5148,5941.1615,9.4988,5948.855,9.4751,5958.9283,9.4528,5972.9111,9.436,5983.4186,9.4181,5990.5147,9.3955,6001.5908,9.3665,6020.7531,9.3386,6045.1661,9.3195,6071.1215,9.305,6090.2793,9.2941,6092.5071,9.2801,6085.0268,9.2468,6085.4418,9.2171,6097.0184,9.1927,6107.0298,9.1753,6109.9228,9.1603,6120.6892,9.1341,6144.029,9.1156,6161.724,9.1067,6171.1568,9.0935,6182.707,9.0821,6190.2028,9.0728,6189.1742,9.056,6189.1996,9.0373,6194.8165,9.022,6202.6864,9.0075,6208.7896,8.9959,6217.9246,8.9855,6249.7263,8.9749,6304.9179,8.9714,6341.2047,8.976,6326.3834,8.9791,6287.3346,8.9737,6268.5001,8.9547,6268.2299,8.9404,6266.5231,8.9231,6309.0984,8.8879,6462.7495,8.8675,6662.359,8.8889,6737.3819,8.9255,6626.5613,8.9589,6451.9348,8.9731,6354.8673,8.9538,6345.6538,8.93,6354.8928,8.914,6357.9536,8.8887,6372.735,8.8548,6384.1184,8.8251,6365.9659,8.7912,6387.8715,8.7487,6601.2581,8.7487,7050.7691,8.7487,7566.2919,8.7487,7880.7106,8.7487,7851.1872,8.7487
39,550.8036,8.7069,550.8036,8.7069,4651.1827,8.7069,4921.6658,8.7069,5227.4342,8.7069,5486.8138,8.7069,5661.842,8.7084,5752.4666,8.7243,5781.7349,8.7429,5781.1599,8.766,5754.3534,8.7929,5689.0639,8.8154,5614.3725,8.8239,5590.0273,8.8209,5641.2739,8.8197,5749.4089,8.8259,5882.6882,8.84,6004.5462,8.863,6084.0787,8.8929,6120.2915,8.9239,6133.1479,8.9569,6122.3639,8.9948,6059.2006,9.0317,5938.5686,9.057,5828.7855,9.0685,5837.1647,9.0688,6020.9304,9.0795,6341.8601,9.1196,6677.6829,9.1861,6875.1455,9.2667,6842.4848,9.3461,6609.6246,9.4132,6295.4221,9.4655,6021.3243,9.4916,5853.7172,9.4918,5807.1552,9.478,5859.3863,9.4629,5954.1165,9.4603,6027.6292,9.4673,6037.5843,9.4761,5965.9365,9.4796,5838.0195,9.4987,5729.1249,9.496,5704.2146,9.4781,5767.2917,9.4637,5876.1379,9.4615,5970.918,9.4704,5999.2969,9.483,5952.4537,9.491,5880.3969,9.4895,5845.0703,9.4677,5853.3009,9.444,5868.6549,9.4282,5875.9336,9.4046,5885.7173,9.3823,5899.4282,9.3657,5909.5445,9.3482,5915.9068,9.3262,5925.9636,9.2976,5944.1305,9.27,5967.7017,9.2509,5992.8272,9.2365,6011.2039,9.2257,6012.9906,9.2119,6005.3676,9.179,6005.4849,9.1496,6016.404,9.1255,6025.7564,9.1083,6028.1229,9.0935,6037.8377,9.0679,6059.4412,9.0499,6075.6159,9.0411,6084.0545,9.028,6094.667,9.0167,6101.3283,9.0076,6099.8222,8.9911,6099.5187,8.9727,6104.6206,8.9577,6111.8445,8.9434,6118.3924,8.9319,6130.6201,8.9217,6167.2471,8.9119,6225.8378,8.91,6261.5858,8.9162,6241.6803,8.9205,6195.1844,8.9162,6170.5876,8.8978,6167.8357,8.8837,6165.8872,8.8667,6211.3283,8.8317,6372.5001,8.8115,6580.6816,8.8339,6657.9481,8.8727,6539.9525,8.9084,6353.3097,8.9247,6246.0338,8.905,6230.5005,8.881,6235.4226,8.8657,6234.1269,8.841,6243.3125,8.8076,6248.8719,8.7786,6230.1092,8.7458,6262.4315,8.7069,6494.6908,8.7069,6961.4061,8.7069,7486.0973,8.7069,7803.2938,8.7069,7773.379,8.7069
40,618.7174,8.6911,618.7174,8.6911,4681.6368,8.6911,4944.701,8.6911,5251.6296,8.6911,5520.4146,8.6911,5707.3615,8.6911,5806.5642,8.7017,5838.5002,8.7174,5835.834,8.7376,5804.1207,8.7614,5732.2409,8.781,5650.5365,8.7867,5620.6046,8.7813,5669.0595,8.7778,5777.0143,8.7818,5911.3361,8.7941,6033.8747,8.8153,6112.6411,8.8436,6146.4988,8.8731,6155.8465,8.9047,6140.325,8.9411,6070.6886,8.9764,5942.5243,9.0004,5826.8594,9.0107,5834.4512,9.0097,6024.2164,9.0193,6356.0066,9.0581,6702.3464,9.1231,6904.3181,9.2021,6867.4616,9.2799,6623.1828,9.3456,6294.6204,9.3967,6008.0672,9.4219,5832.8662,9.4216,5783.9901,9.4075,5838.6045,9.3926,5937.4495,9.3905,6010.4516,9.3983,6012.0208,9.4077,5927.5124,9.4104,5786.3848,9.4306,5666.3443,9.4282,5635.0659,9.4103,5697.4033,9.3958,5808.5977,9.3936,5905.3421,9.4025,5932.9196,9.415,5882.0617,9.4231,5804.5269,9.4216,5764.7231,9.4002,5770.4613,9.3772,5784.6289,9.3616,5791.0975,9.3382,5800.049,9.3162,5812.888,9.2999,5821.9839,9.2828,5826.8867,9.2616,5835.0615,9.2339,5851.3877,9.2067,5873.4998,9.1878,5897.4126,9.1736,5914.5997,9.1628,5915.2634,9.1492,5906.7357,9.1171,5906.1631,9.0883,5916.4023,9.0647,5925.0074,9.0478,5926.5079,9.0332,5934.7602,9.0086,5954.3036,8.9913,5968.759,8.9826,5976.1675,8.9698,5985.9077,8.9587,5991.6451,8.9499,5989.3634,8.9337,5988.334,8.9158,5992.2655,8.9013,5998.6501,8.8871,6007.6387,8.876,6026.7979,8.8672,6071.2923,8.8598,6134.1328,8.8605,6168.2227,8.8688,6140.1891,8.8748,6082.1073,8.8719,6048.6396,8.8545,6041.7857,8.8407,6038.0594,8.8242,6086.0809,8.7901,6258.6279,8.7714,6482.0626,8.7952,6565.6886,8.8354,6437.3235,8.8732,6228.8743,8.8928,6103.1571,8.8766,6081.2837,8.8541,6086.783,8.8393,6084.4989,8.8154,6087.8123,8.7832,6085.2638,8.7551,6067.1101,8.7226,6119.1464,8.6911,6383.3261,8.6911,6876.7648,8.6911,7415.6844,8.6911,7737.9863,8.6911,7707.4651,8.6911
41,696.402,8.703,696.402,8.703,4726.994,8.703,4990.1072,8.703,5302.5973,8.703,5582.319,8.703,5782.333,8.703,5892.0772,8.7072,5928.6911,8.7194,5924.9453,8.736,5888.3502,8.7557,5809.5125,8.7714,5720.4689,8.7737,5684.7392,8.765,5730.1051,8.7589,5837.3537,8.76,5972.0161,8.7698,6094.4697,8.7888,6171.7434,8.8147,6202.6003,8.8422,6207.8436,8.8718,6187.0781,8.906,6110.6623,8.9389,5974.8137,8.9608,5853.0066,8.9689,5859.139,8.9666,6053.6431,8.9753,6394.552,9.0122,6749.6478,9.0747,6954.9499,9.1506,6913.6971,9.2257,6658.8685,9.2892,6317.4793,9.338,6019.4897,9.3625,5836.3946,9.3622,5784.215,9.3484,5840.0207,9.3337,5941.2031,9.3319,6011.6466,9.3396,6003.395,9.3486,5905.1828,9.3508,5749.6773,9.3705,5616.6101,9.3688,5577.2115,9.3511,5637.8434,9.3369,5750.6546,9.3347,5848.2631,9.3435,5873.5731,9.3557,5816.821,9.3637,5731.6315,9.3625,5685.6246,9.3418,5688.01,9.3196,5700.4403,9.304,5705.3545,9.281,5712.6591,9.2594,5723.8545,9.2433,5731.0717,9.2268,5733.5183,9.2064,5738.7193,9.1795,5752.037,9.1528,5771.5499,9.1343,5793.2967,9.1203,5808.468,9.1098,5807.1015,9.0963,5796.7749,9.0649,5794.9994,9.0372,5804.4286,9.0142,5812.0116,8.9977,5811.8995,8.9834,5817.7417,8.9599,5834.3336,8.9435,5846.1709,8.9349,5851.7639,8.9224,5860.1497,8.9118,5864.5279,8.9031,5860.8139,8.8874,5858.1225,8.8703,5860.045,8.8562,5866.8032,8.8423,5882.511,8.8319,5912.7003,8.8254,5966.0207,8.8218,6032.1327,8.826,6062.8593,8.8368,6023.392,8.8448,5949.1624,8.8436,5903.375,8.8279,5891.047,8.8146,5885.4899,8.7986,5938.0033,8.7663,6126.2425,8.7515,6369.1004,8.7778,6461.7567,8.8189,6325.8651,8.8582,6095.7542,8.881,5944.2611,8.8714,5906.8431,8.8519,5910.1918,8.8374,5908.5599,8.8146,5906.276,8.7843,5893.7311,8.7574,5875.975,8.7244,5953.328,8.703,6259.6391,8.703,6790.0508,8.703,7350.8774,8.703,7682.2626,8.703,7650.7494,8.703
42,770.6338,8.7381,770.6338,8.7381,4688.9039,8.7381,4994.806,8.7381,5336.4906,8.7381,5631.3557,8.7381,5839.3442,8.7381,5951.8509,8.7381,5987.6537,8.7457,5983.5799,8.7585,5950.6172,8.7743,5879.4212,8.7861,5797.5725,8.7843,5761.9292,8.7714,5796.3505,8.7616,5883.0058,8.7593,5992.6102,8.7664,6091.6611,8.783,6151.5255,8.8067,6171.9364,8.832,6172.8481,8.8595,6154.4744,8.8915,6088.9241,8.9221,5969.9321,8.9419,5860.3074,8.9472,5859.4949,8.9411,6020.1996,8.9463,6307.06,8.9803,6607.5223,9.0409,6780.6204,9.1154,6743.1865,9.1892,6525.045,9.2515,6237.2918,9.2988,5991.8541,9.3214,5845.9605,9.3197,5806.9277,9.3051,5854.0809,9.29,5937.8055,9.2881,5992.3629,9.2957,5969.1721,9.3042,5856.7518,9.3047,5696.2277,9.3255,5568.8879,9.3238,5532.6173,9.3057,5583.7373,9.2913,5678.908,9.289,5761.5451,9.2979,5781.9938,9.3104,5730.463,9.3188,5654.107,9.3178,5613.5687,9.2974,5616.1662,9.2756,5626.2693,9.2602,5628.8143,9.2375,5633.8043,9.2164,5642.4989,9.2006,5647.5939,9.1843,5648.2873,9.1645,5651.0987,9.1382,5660.6768,9.112,5675.3144,9.0938,5692.0481,9.0801,5703.7796,9.0699,5701.6863,9.0569,5692.1728,9.0264,5690.3697,8.9994,5698.2316,8.977,5704.018,8.9609,5702.471,8.9471,5705.9203,8.9244,5718.7056,8.9088,5726.9084,8.9004,5729.8474,8.8883,5736.1725,8.878,5739.4947,8.8697,5735.8399,8.8546,5733.0082,8.8381,5734.7834,8.8243,5743.8574,8.8109,5763.9074,8.8022,5795.4119,8.799,5843.6005,8.7996,5900.8904,8.8079,5924.3061,8.8222,5880.4842,8.833,5803.6223,8.834,5757.2231,8.8196,5746.0559,8.8063,5740.3462,8.7906,5785.6492,8.7603,5954.4661,8.749,6172.4566,8.7793,6253.6271,8.8244,6128.2308,8.8682,5917.0139,8.8962,5775.8855,8.891,5739.0309,8.8726,5739.9995,8.8582,5734.9073,8.8367,5725.9239,8.8086,5704.7106,8.7833,5685.689,8.7506,5777.1084,8.7381,6107.7795,8.7381,6664.2082,8.7381,7248.1111,8.7381,7593.1114,8.7381,7560.3679,8.7381
43,824.8239,8.7927,824.8239,8.7927,4768.4653,8.7927,5074.3008,8.7927,5420.422,8.7927,5724.5618,8.7927,5945.526,8.7927,6071.7931,8.7927,6117.4415,8.7944,6117.0025,8.8032,6084.197,8.8151,6013.9031,8.8237,5932.9334,8.8193,5893.9111,8.8044,5922.9936,8.7933,6008.6932,8.7927,6120.546,8.7927,6219.4808,8.8052,6275.4802,8.8258,6289.8973,8.8483,6283.9971,8.8729,6258.4827,8.9022,6185.4134,8.9298,6058.8448,8.947,5942.8514,8.949,5938.306,8.9381,6098.3364,8.9389,6386.5368,8.9696,6688.1691,9.0278,6859.9473,9.1007,6817.6271,9.1731,6592.025,9.234,6297.1857,9.2796,6048.4038,9.2999,5902.3862,9.2966,5860.8416,9.2812,5900.0531,9.2657,5973.8443,9.2632,6019.3388,9.2701,5986.9296,9.2776,5864.6494,9.2759,5695.1497,9.2976,5560.6082,9.2955,5518.1189,9.2769,5563.3793,9.2623,5653.5214,9.26,5731.8454,9.2691,5747.3525,9.2818,5689.3139,9.2906,5605.5221,9.2899,5558.175,9.2696,5555.5054,9.2482,5561.6538,9.233,5560.9415,9.2107,5562.8546,9.19,5568.3454,9.1745,5570.0729,9.1586,5567.1271,9.1392,5565.6892,9.1136,5570.2479,9.088,5579.3179,9.0702,5590.5271,9.0569,5597.7996,9.0471,5593.0459,9.0346,5582.117,9.0052,5578.8605,8.979,5584.6586,8.9574,5588.0891,8.9419,5583.8314,8.9286,5583.301,8.9067,5590.9192,8.8918,5594.6417,8.8837,5594.5283,8.8722,5597.7922,8.8627,5597.8399,8.855,5591.6392,8.8408,5586.6068,8.8249,5588.4208,8.8113,5603.9146,8.7988,5634.7866,8.7933,5674.6668,8.7952,5726.1622,8.8019,5782.8951,8.8161,5801.8646,8.8355,5747.8502,8.851,5654.0288,8.8569,5586.8309,8.847,5558.5607,8.8344,5551.8465,8.8183,5622.3585,8.7927,5833.506,8.7927,6086.9105,8.8131,6183.5576,8.8598,6057.4765,8.9065,5836.9479,8.9382,5684.1886,8.9353,5638.3029,8.917,5633.6311,8.9027,5623.5084,8.8821,5606.9426,8.8557,5576.2107,8.8319,5556.1617,8.7992,5667.5557,8.7927,6035.1596,8.7927,6628.3962,8.7927,7237.7203,8.7927,7594.4748,8.7927,7560.4913,8.7927
44,858.031,8.8587,858.031,8.8587,4823.7421,8.8587,5136.8946,8.8587,5488.95,8.8587,5796.4683,8.8587,6018.9396,8.8587,6145.386,8.8587,6189.8461,8.8597,6187.0877,8.868,6151.1807,8.8794,6077.2628,8.8873,5994.3008,8.8822,5959.1516,8.8672,6000.466,8.8587,6105.1685,8.8587,6237.3494,8.8587,6350.8595,8.8634,6412.4464,8.8801,6426.012,8.8995,6416.7194,8.9212,6387.3656,8.9472,6310.6369,8.9715,6180.4685,8.9857,6060.5034,8.9839,6051.1233,8.9683,6205.0772,8.9651,6486.0814,8.9919,6780.2367,9.047,6945.449,9.1171,6898.4277,9.187,6670.4136,9.2458,6375.7166,9.2891,6129.7128,9.3073,5986.5792,9.3027,5942.3968,9.2868,5971.094,9.2708,6031.0152,9.2676,6064.244,9.2731,6021.4285,9.2791,5889.2577,9.2761,5710.4604,9.2973,5567.1146,9.2947,5515.5371,9.2761,5551.6833,9.2617,5633.1997,9.2599,5702.8588,9.2696,5708.7089,9.2829,5639.0443,9.2925,5542.0367,9.2927,5482.6516,9.2733,5471.1525,9.2527,5470.7139,9.2378,5464.0471,9.2164,5460.0659,9.1965,5459.4758,9.1815,5454.7053,9.1663,5444.6611,9.1478,5435.0975,9.1233,5430.084,9.0989,5428.4638,9.0821,5429.2319,9.0696,5428.198,9.0606,5418.2378,9.0489,5404.2019,9.0215,5398.1305,8.9971,5400.5628,8.9768,5399.7344,8.9626,5389.6897,8.9502,5383.7399,8.9293,5391.3021,8.916,5400.7093,8.9104,5403.1409,8.9042,5396.1915,8.9013,5374.198,8.8986,5344.8113,8.8867,5330.8598,8.8698,5354.1438,8.8587,5421.2303,8.8587,5510.9162,8.8587,5595.5638,8.8587,5673.2021,8.8587,5741.6916,8.8714,5763.5719,8.8921,5707.3832,8.9092,5607.3554,8.917,5531.0482,8.9091,5495.6911,8.8968,5492.2287,8.8804,5579.9485,8.8587,5814.1002,8.8587,6084.3544,8.875,6188.4746,8.9209,6064.2234,8.9675,5842.7509,8.9993,5687.8054,8.9973,5640.4517,8.9796,5635.6425,8.9653,5625.1947,8.9449,5606.3772,8.9193,5571.5465,8.896,5549.5065,8.8631,5666.3582,8.8587,6046.9258,8.8587,6655.5159,8.8587,7277.5758,8.8587,7641.0737,8.8587,7606.4247,8.8587
45,863.9641,8.9314,863.9641,8.9314,4863.5368,8.9314,5190.7543,8.9314,5553.2515,8.9314,5865.6488,8.9314,6089.3805,8.9314,6215.2899,8.9314,6258.2545,8.9323,6253.7699,8.9405,6216.3447,8.9514,6141.089,8.9589,6058.0265,8.9534,6026.3411,8.9384,6075.669,8.9314,6191.5123,8.9314,6334.8901,8.9314,6455.9926,8.9317,6520.0381,8.9461,6532.7029,8.9634,6521.7653,8.9831,6491.6522,9.0069,6415.9316,9.0289,6288.3542,9.0411,6169.735,9.0375,6156.2514,9.0206,6299.9338,9.0161,6567.9837,9.0408,6850.2682,9.0935,7007.1953,9.161,6956.8732,9.2287,6730.2218,9.2856,6439.7218,9.3272,6198.3564,9.3446,6057.5964,9.3398,6010.8054,9.3238,6031.1141,9.3077,6079.8781,9.304,6103.8328,9.308,6055.1572,9.3127,5918.5693,9.3097,5734.8589,9.3294,5585.4455,9.3269,5527.2383,9.3087,5557.4825,9.2949,5633.5556,9.2937,5697.0233,9.304,5695.8349,9.3178,5618.1231,9.3281,5512.1512,9.329,5445.0265,9.3106,5428.6421,9.2905,5424.9544,9.2759,5415.0908,9.2551,5407.793,9.2357,5403.8428,9.2211,5395.4303,9.2063,5381.4051,9.1882,5367.5314,9.1643,5357.6927,9.1408,5350.8516,9.1247,5346.7217,9.1126,5341.8808,9.104,5329.3958,9.0927,5313.7171,9.0665,5306.4476,9.0431,5307.8527,9.0237,5305.2843,9.0101,5292.2222,8.9981,5285.0587,8.9776,5297.051,8.9653,5313.432,8.9618,5317.887,8.9592,5303.722,8.9603,5267.2715,8.9599,5228.7754,8.9483,5226.4486,8.9316,5279.841,8.9314,5378.7713,8.9314,5492.2587,8.9314,5593.2553,8.9314,5681.7839,8.9314,5756.6085,8.9422,5781.5487,8.9625,5726.434,8.9795,5625.5814,8.9874,5546.7626,8.9799,5509.5254,8.9681,5507.4664,8.9521,5599.4284,8.9314,5837.419,8.9314,6109.1976,8.9474,6214.0196,8.9918,6091.264,9.0368,5870.834,9.0675,5715.5507,9.0664,5668.9098,9.0499,5667.5047,9.0359,5660.8645,9.0157,5643.4235,8.9907,5607.1942,8.9675,5583.3324,8.9342,5701.1,8.9314,6086.4521,8.9314,6702.6639,8.9314,7332.8256,8.9314,7701.3156,8.9314,7666.2119,8.9314
46,840.1304,9.0073,840.1304,9.0073,5036.8834,9.0073,5325.295,9.0073,5666.554,9.0073,5974.308,9.0073,6199.3277,9.0073,6327.0938,9.0073,6370.79,9.0081,6364.1888,9.0165,6320.0961,9.0277,6234.5569,9.0351,6142.4476,9.0292,6108.5623,9.0137,6164.5528,9.0073,6294.0407,9.0073,6455.4053,9.0073,6595.9523,9.0073,6676.2432,9.019,6698.0327,9.0353,6688.537,9.0539,6652.4984,9.0769,6564.2289,9.0981,6422.3444,9.1098,6294.6277,9.1055,6283.2174,9.0866,6447.4495,9.0797,6756.043,9.103,7083.5979,9.1555,7266.7238,9.2238,7209.1825,9.2922,6945.069,9.3494,6604.0591,9.3913,6319.2132,9.407,6152.1063,9.4008,6092.3869,9.384,6105.0851,9.3674,6148.2441,9.3627,6169.8812,9.3656,6124.7922,9.3694,5994.9325,9.3644,5811.1289,9.3857,5651.9008,9.3819,5584.5191,9.3634,5615.3471,9.3496,5699.7229,9.3487,5770.0123,9.3598,5765.6163,9.3745,5672.9508,9.3856,5546.656,9.3871,5462.8023,9.3686,5437.0975,9.3484,5429.0352,9.3338,5416.3987,9.3135,5406.7153,9.2943,5400.3467,9.2798,5389.0434,9.2651,5371.7926,9.247,5354.8465,9.2232,5342.3249,9.2001,5333.3014,9.1843,5327.2096,9.1726,5319.9778,9.1644,5304.9286,9.1536,5287.3632,9.1281,5278.8918,9.1048,5279.3513,9.0857,5275.7046,9.0727,5261.6713,9.0611,5256.3196,9.0401,5275.3612,9.0281,5300.7116,9.0259,5309.2961,9.0257,5290.5935,9.0298,5242.7063,9.0317,5195.4275,9.0209,5198.426,9.0073,5270.5419,9.0073,5390.7496,9.0073,5522.0663,9.0073,5638.8244,9.0073,5742.8036,9.0073,5830.6613,9.0161,5860.5804,9.0372,5799.245,9.055,5685.8013,9.0639,5595.832,9.0566,5552.1647,9.0436,5551.1325,9.0268,5658.217,9.0073,5926.7681,9.0073,6231.1601,9.02,6349.8016,9.0668,6213.84,9.114,5967.2377,9.1467,5791.3514,9.1429,5732.5805,9.1241,5722.1965,9.1099,5708.8802,9.0899,5686.8206,9.0654,5646.6985,9.0429,5624.771,9.0096,5759.919,9.0073,6176.7538,9.0073,6822.3271,9.0073,7467.7638,9.0073,7840.3919,9.0073,7804.6432,9.0073
47,794.4398,9.0796,794.4398,9.0796,5077.4483,9.0796,5380.3233,9.0796,5731.0358,9.0796,6042.6746,9.0796,6268.6574,9.0796,6395.7103,9.0796,6437.7626,9.0808,6430.2476,9.0892,6387.6224,9.1006,6305.7382,9.108,6216.7342,9.1022,6182.4008,9.0866,6234.7541,9.0796,6360.199,9.0796,6517.9693,9.0796,6654.3585,9.0796,6730.2824,9.0915,6749.0909,9.1078,6738.7776,9.1264,6704.058,9.1495,6619.4676,9.1708,6483.4537,9.1826,6360.613,9.1782,6347.6417,9.1585,6502.1897,9.1507,6796.9695,9.1736,7112.1106,9.2264,7288.5817,9.2955,7232.1638,9.3647,6975.7078,9.4226,6645.5481,9.4649,6371.213,9.4803,6210.9571,9.4736,6151.1864,9.4565,6156.1242,9.4395,6188.9219,9.4341,6205.8414,9.4356,6164.1849,9.4384,6041.5507,9.4333,5865.383,9.4541,5712.6306,9.4498,5647.622,9.4313,5675.7265,9.4175,5754.8394,9.4168,5820.2722,9.4282,5813.2676,9.4433,5720.5232,9.4549,5595.1778,9.4565,5511.6327,9.4378,5485.2421,9.4172,5476.002,9.4027,5462.1881,9.3825,5451.4612,9.3631,5443.9584,9.3486,5431.3836,9.3337,5413.0143,9.3151,5395.0555,9.291,5381.2184,9.2679,5370.5933,9.2523,5362.9586,9.2408,5354.4424,9.2328,5338.689,9.2222,5321.0516,9.1967,5312.5032,9.1732,5312.6224,9.1542,5308.6171,9.1413,5293.9784,9.1298,5287.7313,9.1082,5306.1042,9.0959,5330.9035,9.0942,5338.7078,9.0948,5319.5526,9.0997,5272.1066,9.1023,5225.7551,9.0921,5229.6057,9.0796,5302.6159,9.0796,5424.0021,9.0796,5556.5033,9.0796,5673.8268,9.0796,5777.2488,9.0796,5863.864,9.0879,5893.4385,9.1094,5834.0378,9.1276,5724.8536,9.1367,5639.7975,9.1292,5598.945,9.1157,5597.3898,9.0986,5701.2226,9.0796,5963.7576,9.0796,6260.4393,9.0918,6374.5684,9.1394,6241.8521,9.1876,6005.3554,9.2207,5840.4756,9.2159,5787.3205,9.196,5776.426,9.1815,5760.8971,9.1616,5738.0144,9.1376,5697.9859,9.1155,5675.6833,9.0826,5809.9064,9.0796,6227.9142,9.0796,6879.8159,9.0796,7534.6439,9.0796,7913.5034,9.0796,7877.1903,9.0796
48,739.5055,9.1456,739.5055,9.1456,5101.5735,9.1456,5422.2717,9.1456,5785.1125,9.1456,6102.0684,9.1456,6329.6028,9.1456,6456.391,9.1456,6497.5245,9.1473,6489.9214,9.1559,6449.2869,9.1671,6371.1594,9.1747,6285.1554,9.169,6250.0886,9.1536,6297.6303,9.1456,6416.2158,9.1456,6566.4227,9.1456,6695.0586,9.1456,6764.4971,9.1593,6779.6123,9.1763,6768.4624,9.1954,6735.0922,9.2191,6653.2903,9.241,6520.1541,9.2531,6398.8123,9.2489,6384.8532,9.2295,6534.5648,9.2222,6820.5741,9.2456,7126.3933,9.2988,7297.858,9.3683,7243.2226,9.438,6994.2254,9.4964,6673.7969,9.5391,6407.6806,9.5553,6251.7237,9.549,6191.4314,9.5322,6190.9264,9.5149,6216.449,9.5089,6231.1555,9.5088,6195.605,9.5105,6083.2132,9.5063,5916.4604,9.5255,5770.3389,9.5212,5708.4602,9.503,5736.6552,9.4894,5814.2011,9.489,5877.8213,9.5007,5870.1024,9.5161,5778.1027,9.5278,5654.0747,9.5297,5571.6078,9.5109,5545.844,9.4901,5536.7277,9.4755,5522.6856,9.4552,5511.6246,9.4359,5503.6483,9.4213,5490.4814,9.406,5471.6419,9.387,5453.3209,9.3626,5438.9475,9.3394,5427.568,9.3238,5419.2815,9.3123,5410.4385,9.3043,5394.5556,9.2937,5376.85,9.268,5368.3209,9.2444,5368.5143,9.2253,5364.4716,9.2123,5349.4778,9.2007,5342.4123,9.1791,5359.4554,9.167,5382.4674,9.1653,5388.438,9.1658,5368.4473,9.1703,5321.9014,9.1722,5276.4952,9.161,5278.3896,9.1456,5346.8658,9.1456,5464.1505,9.1456,5594.1249,9.1456,5709.5953,9.1456,5811.1536,9.1456,5896.197,9.1543,5925.5717,9.1756,5868.0062,9.1938,5761.9901,9.2027,5680.1006,9.1949,5641.5556,9.1815,5640.7718,9.1644,5742.4084,9.1456,5998.8248,9.1456,6287.8993,9.1589,6398.1447,9.206,6268.1283,9.2538,6038.5265,9.2861,5880.3826,9.2817,5831.7481,9.262,5823.5534,9.2473,5809.9719,9.2275,5788.9154,9.2038,5750.1239,9.182,5727.2981,9.1488,5859.2413,9.1456,6276.175,9.1456,6931.8584,9.1456,7594.1333,9.1456,7978.3678,9.1456,7941.5897,9.1456
49,675.2414,9.2045,675.2414,9.2045,5113.3599,9.2045,5452.4216,9.2045,5828.6036,9.2045,6151.9487,9.2045,6381.5707,9.2045,6508.4669,9.2045,6549.2058,9.2067,6542.0262,9.2154,6503.5451,9.2266,6428.9194,9.2343,6345.4608,9.229,6309.0004,9.2138,6350.1963,9.2045,6459.0722,9.2045,6598.8852,9.2045,6719.0288,9.2068,6783.286,9.2221,6796.1868,9.24,6784.8054,9.2601,6752.7002,9.2845,6672.7819,9.3072,6540.1223,9.3198,6417.5886,9.3161,6402.7846,9.2978,6551.0919,9.2917,6832.3102,9.316,7131.5824,9.3697,7299.5304,9.4393,7246.959,9.5093,7004.6784,9.568,6692.4992,9.6112,6432.6182,9.6286,6279.3805,9.6234,6218.7726,9.607,6214.5618,9.5897,6234.3161,9.5828,6247.8144,9.5809,6220.2627,9.5811,6120.9925,9.5781,5965.774,9.5949,5826.8886,9.5907,5768.549,9.5729,5798.135,9.5597,5875.941,9.5595,5939.4253,9.5713,5932.2845,9.5867,5842.0489,9.5984,5720.455,9.6003,5640.5124,9.5818,5616.9366,9.561,5609.3594,9.5463,5596.3235,9.5259,5585.9961,9.5065,5578.4968,9.4918,5565.7836,9.476,5547.7958,9.4563,5530.6436,9.4316,5517.3469,9.4083,5506.7636,9.3925,5499.3168,9.3809,5491.7464,9.3726,5477.0382,9.3617,5459.8315,9.3356,5451.6778,9.3117,5452.5532,9.2924,5449.1602,9.279,5434.5972,9.2671,5427.3395,9.2457,5442.7616,9.2334,5463.1738,9.2311,5467.6058,9.2304,5449.4144,9.2332,5408.388,9.2336,5367.1374,9.2219,5364.4394,9.2045,5420.0796,9.2045,5523.7893,9.2045,5643.733,9.2045,5752.173,9.2045,5848.6986,9.2045,5930.6823,9.2143,5959.3679,9.2353,5903.2884,9.2531,5799.6631,9.2614,5719.9434,9.2532,5683.3127,9.2402,5683.5162,9.2235,5782.8443,9.2045,6032.811,9.2045,6314.6448,9.2196,6421.6058,9.2657,6293.5938,9.3123,6068.2408,9.3433,5913.5683,9.3397,5868.1381,9.321,5864.1356,9.3064,5855.0133,9.2866,5837.5166,9.2632,5800.5308,9.2414,5776.9478,9.2076,5906.1144,9.2045,6321.1237,9.2045,6978.8133,9.2045,7646.3398,9.2045,8034.6238,9.2045,7997.509,9.2045
50,612.4898,9.2552,612.4898,9.2552,5118.7476,9.2552,5474.5789,9.2552,5863.6051,9.2552,6193.4351,9.2552,6425.1646,9.2552,6552.1964,9.2552,6592.7911,9.258,6586.3644,9.2668,6550.1522,9.278,6478.8776,9.2857,6397.7426,9.2808,6359.6319,9.266,6393.789,9.2552,6491.4848,9.2552,6619.1866,9.2552,6729.916,9.261,6789.1535,9.2777,6800.458,9.2967,6789.3252,9.3178,6758.6645,9.3432,6680.2148,9.3668,6546.5259,9.38,6421.0891,9.3771,6405.7654,9.3602,6555.4342,9.3557,6835.1881,9.3812,7130.448,9.4354,7296.3319,9.505,7246.0934,9.5749,7009.7897,9.6339,6704.5447,9.6775,6449.4164,9.6963,6297.805,9.6924,6237.0387,9.6768,6231.0275,9.6593,6247.9049,9.6516,6262.4047,9.6481,6243.63,9.647,6157.5006,9.6451,6013.5455,9.6597,5881.4173,9.6556,5826.5424,9.6382,5858.2722,9.6254,5937.5032,9.6254,6001.87,9.6372,5995.9858,9.6524,5907.9233,9.6638,5789.065,9.6657,5711.9707,9.6475,5690.964,9.6268,5685.3051,9.6119,5673.5774,9.5913,5664.2272,9.5718,5657.4556,9.5569,5645.4525,9.5405,5628.5411,9.5201,5612.7559,9.4951,5600.7764,9.4716,5591.3194,9.4557,5585.023,9.4438,5578.82,9.4353,5565.137,9.424,5548.2189,9.3973,5540.3203,9.3732,5541.8334,9.3535,5539.0522,9.3398,5524.8795,9.3276,5517.3475,9.3063,5530.9667,9.2938,5548.6872,9.2907,5551.895,9.2887,5536.1234,9.2897,5500.981,9.2889,5463.7891,9.2772,5456.2224,9.2601,5498.3076,9.2552,5586.812,9.2552,5694.6463,9.2552,5794.3439,9.2552,5884.8401,9.2552,5963.4411,9.2664,5991.4371,9.287,5936.7042,9.3042,5834.9781,9.3118,5756.8024,9.3034,5721.7513,9.2908,5722.9166,9.2745,5819.9747,9.2552,6063.8604,9.2552,6339.3834,9.2723,6443.7908,9.3173,6317.3255,9.3623,6094.5207,9.3921,5941.3035,9.3891,5898.0065,9.3717,5898.6068,9.3573,5895.1489,9.3376,5882.2279,9.3145,5847.5776,9.2925,5823.5051,9.2582,5950.0099,9.2552,6362.6483,9.2552,7020.8249,9.2552,7691.5017,9.2552,8082.4676,9.2552,8045.141,9.2552
51,554.7432,9.2927,554.7432,9.2927,5263.3144,9.2927,5572.5624,9.2927,5936.0656,9.2927,6260.0424,9.2927,6492.9089,9.2927,6622.2364,9.2927,6664.6258,9.2965,6657.4901,9.3059,6616.2218,9.3176,6536.2402,9.3258,6446.4353,9.3212,6403.3944,9.3062,6437.2439,9.2942,6538.26,9.2927,6672.7674,9.2927,6793.6404,9.3023,6863.5028,9.3211,6882.0994,9.3416,6872.9109,9.364,6837.1696,9.3909,6744.5135,9.4159,6589.6951,9.4304,6447.9556,9.4287,6438.0106,9.4124,6623.1764,9.4083,6960.3256,9.4348,7313.6434,9.4904,7514.2549,9.5619,7460.9591,9.6334,7187.032,9.6936,6827.6348,9.7387,6522.8443,9.7579,6338.6906,9.7541,6263.4231,9.7384,6255.2708,9.7205,6277.039,9.7122,6301.5108,9.708,6297.7124,9.7067,6227.1173,9.705,6090.0668,9.7196,5955.3682,9.7148,5899.5094,9.6974,5940.1274,9.6845,6035.1979,9.6844,6113.0202,9.6961,6110.1415,9.7114,6013.8449,9.7228,5882.2565,9.7244,5795.7218,9.7059,5771.1872,9.6849,5765.6335,9.67,5754.8987,9.6492,5746.6256,9.629,5740.99,9.6136,5729.9922,9.5967,5714.1482,9.5757,5700.0309,9.5504,5690.6788,9.5265,5684.6748,9.5103,5681.8346,9.4983,5677.8918,9.4895,5664.6786,9.4781,5647.2603,9.4508,5639.2973,9.4259,5641.4996,9.4057,5639.8082,9.3917,5627.5533,9.3793,5622.7162,9.3577,5638.2871,9.3445,5656.7494,9.3406,5660.9311,9.3367,5648.1854,9.3357,5618.4372,9.3336,5583.8515,9.3217,5568.5998,9.3044,5594.0714,9.2927,5666.3206,9.2927,5764.2078,9.2927,5861.0945,9.2927,5955.3744,9.2927,6040.8355,9.305,6071.2792,9.3261,6009.6133,9.3434,5895.3791,9.3511,5807.0568,9.3422,5767.7806,9.3289,5771.2165,9.3123,5880.6296,9.2927,6149.7445,9.2927,6454.1236,9.3096,6570.6766,9.3562,6428.9076,9.4024,6176.1003,9.4331,5998.4318,9.4284,5942.5872,9.4096,5938.0444,9.3951,5933.3065,9.3756,5920.7103,9.3527,5886.1107,9.3309,5865.4212,9.2964,6006.7497,9.2927,6444.7384,9.2927,7124.2232,9.2927,7802.5446,9.2927,8193.2847,9.2927,8155.7291,9.2927
52,513.0283,9.3169,513.0283,9.3169,5270.3509,9.3169,5585.5562,9.3169,5953.0166,9.3169,6278.3823,9.3169,6510.8507,9.3169,6638.796,9.3169,6679.9427,9.3217,6672.8919,9.3316,6633.4996,9.3438,6557.2673,9.3523,6472.8502,9.3478,6433.3939,9.3331,6463.0581,9.321,6551.6538,9.3169,6672.1897,9.3191,6783.2972,9.3322,6848.5569,9.3527,6866.2296,9.3746,6858.1652,9.3982,6824.8468,9.4265,6735.7748,9.4529,6585.1556,9.4687,6446.8551,9.4682,6437.9231,9.4528,6620.8533,9.4493,6953.4914,9.477,7302.5972,9.5341,7501.9805,9.6072,7451.5425,9.6802,7183.6298,9.7417,6831.3422,9.788,6532.7148,9.8075,6352.6028,9.8038,6279.6421,9.7879,6274.072,9.7695,6300.4999,9.761,6331.1426,9.7575,6333.2315,9.7571,6268.1758,9.7561,6137.7723,9.7709,6010.5026,9.7658,5960.0076,9.7483,6002.1599,9.7352,6096.4466,9.7349,6174.0005,9.7464,6173.473,9.7614,6082.9336,9.7725,5959.0357,9.7738,5878.9524,9.7548,5858.0269,9.7334,5854.3154,9.7183,5845.0627,9.6972,5838.3745,9.6764,5834.4797,9.6605,5825.486,9.6429,5812.0188,9.6212,5800.547,9.5955,5793.9651,9.571,5790.7461,9.5545,5790.4842,9.5421,5788.714,9.5331,5777.1978,9.5214,5761.0395,9.4933,5753.9713,9.4675,5756.8625,9.4467,5756.2991,9.4322,5745.8585,9.4195,5741.209,9.3975,5752.6399,9.3835,5764.8554,9.3782,5766.5291,9.372,5758.4841,9.368,5739.5171,9.3639,5716.5247,9.3512,5704.0364,9.3346,5715.2297,9.3205,5760.7544,9.3169,5832.8394,9.3169,5911.326,9.3169,5993.2388,9.3169,6071.0705,9.3313,6098.493,9.3527,6037.942,9.3701,5928.2395,9.3776,5846.1688,9.3679,5811.2369,9.3541,5813.5275,9.3374,5915.8271,9.3169,6174.6972,9.3169,6469.9277,9.3344,6582.0956,9.3822,6442.3501,9.4294,6196.8744,9.4607,6027.5834,9.4546,5975.9533,9.4347,5970.9003,9.4201,5965.2036,9.4006,5954.1303,9.3778,5922.6219,9.3561,5903.4776,9.3219,6042.5595,9.3169,6476.6204,9.3169,7154.6023,9.3169,7834.2373,9.3169,8226.4061,9.3169,8188.7355,9.3169
53,483.7785,9.3255,483.7785,9.3255,5263.3103,9.3255,5581.688,9.3255,5949.482,9.3255,6271.9823,9.3255,6499.2785,9.3255,6621.1384,9.3255,6657.3547,9.3333,6647.7937,9.3451,6607.4681,9.359,6530.2063,9.3689,6444.8551,9.3652,6406.271,9.3507,6438.2684,9.3387,6528.4871,9.334,6649.4531,9.3387,6760.9352,9.3531,6827.2219,9.3747,6846.5335,9.3977,6840.4909,9.4224,6809.5969,9.4518,6723.5119,9.4795,6576.1923,9.4963,6440.6414,9.497,6432.8437,9.4827,6614.7819,9.4802,6944.9628,9.5089,7291.8502,9.5671,7491.0037,9.6414,7442.9917,9.7155,7179.4808,9.7779,6832.1274,9.825,6537.5266,9.8451,6359.9708,9.8416,6288.9311,9.8256,6286.1974,9.8069,6317.1273,9.7983,6353.1146,9.7952,6360.1703,9.7953,6299.7856,9.7951,6174.7195,9.8097,6053.2624,9.8046,6007.3122,9.7871,6051.5314,9.7739,6146.2309,9.7734,6224.4776,9.7846,6226.5817,9.7993,6141.3304,9.81,6024.2905,9.8108,5950.1307,9.7915,5932.8616,9.7697,5931.3108,9.7545,5923.8146,9.7331,5918.9256,9.7116,5917.0088,9.6953,5910.2495,9.6772,5899.3237,9.6549,5890.6787,9.6286,5887.1855,9.6036,5887.2176,9.5867,5890.0442,9.5741,5890.7782,9.5648,5880.9417,9.5528,5865.8396,9.5238,5859.6373,9.4972,5863.4307,9.4757,5864.1331,9.4608,5855.4329,9.4477,5851.0239,9.4253,5858.7842,9.4106,5865.4647,9.4039,5865.2357,9.3951,5861.8817,9.3883,5852.3576,9.382,5839.1771,9.3683,5829.941,9.3524,5829.7917,9.3383,5850.7448,9.3257,5896.9002,9.3255,5956.4398,9.3255,6026.8367,9.329,6098.9653,9.3441,6125.0455,9.3651,6066.4185,9.382,5961.2992,9.3887,5885.3101,9.3781,5855.0544,9.3641,5856.5915,9.3474,5950.924,9.3255,6197.8645,9.3255,6483.0529,9.3447,6590.691,9.3931,6452.1118,9.4406,6211.6468,9.4719,6048.073,9.4651,5999.8477,9.4447,5995.7222,9.4299,5990.9338,9.4105,5982.5201,9.3876,5954.7592,9.3658,5937.3859,9.3318,6073.4143,9.3255,6501.3545,9.3255,7174.7959,9.3255,7853.0,9.3255,8245.1297,9.3255,8207.4917,9.3255
54,464.5411,9.3175,464.5411,9.3175,5241.9198,9.3175,5558.9456,9.3175,5922.4746,9.3175,6237.9634,9.3175,6457.0655,9.3175,6571.8947,9.3199,6604.0165,9.3306,6593.046,9.3447,6551.9768,9.3609,6472.3932,9.3726,6383.603,9.37,6344.8283,9.3559,6382.6509,9.3442,6481.3741,9.3403,6608.9952,9.3462,6724.6905,9.3617,6794.1919,9.3846,6816.4694,9.4087,6813.2451,9.4344,6785.1238,9.4649,6701.9202,9.4938,6557.5081,9.5117,6424.4827,9.5135,6418.3545,9.5007,6600.9348,9.4994,6931.1146,9.5293,7278.2002,9.5885,7478.5505,9.6638,7432.9401,9.7387,7172.5659,9.8017,6828.2417,9.8495,6535.7989,9.8702,6359.7607,9.8671,6291.0331,9.8511,6292.3123,9.8324,6328.1911,9.8238,6368.8626,9.8211,6379.9936,9.8216,6323.5334,9.8219,6202.8173,9.8363,6086.0113,9.8311,6043.9725,9.8137,6090.4729,9.8005,6186.2428,9.7997,6265.6874,9.8106,6270.3269,9.8249,6189.5224,9.8351,6078.0976,9.8356,6008.812,9.8159,5994.6082,9.7939,5994.9051,9.7785,5988.8977,9.7568,5985.503,9.7348,5985.2067,9.7181,5980.2343,9.6996,5971.278,9.6768,5964.7907,9.6501,5963.6579,9.6246,5966.1923,9.6073,5971.413,9.5945,5974.0539,9.5849,5965.3908,9.5726,5950.9374,9.5429,5945.3287,9.5157,5949.8552,9.4937,5951.4739,9.4783,5943.9945,9.4649,5940.3121,9.4422,5946.4985,9.427,5949.424,9.4195,5946.9572,9.409,5946.5816,9.3999,5943.6724,9.3921,5936.0462,9.3776,5930.7791,9.3613,5932.1241,9.3475,5945.4994,9.3347,5974.8118,9.3276,6018.1022,9.3278,6078.9535,9.3327,6147.0367,9.3461,6172.628,9.3654,6116.6999,9.3807,6017.7998,9.3856,5950.6425,9.373,5927.3549,9.3589,5926.7646,9.3425,6006.6022,9.3175,6233.1713,9.3175,6502.4168,9.3401,6602.686,9.3889,6463.4112,9.4363,6226.0112,9.4671,6066.5797,9.4596,6021.3211,9.4389,6018.7418,9.424,6015.6837,9.4045,6010.5244,9.3814,5986.9582,9.3593,5971.252,9.3254,6102.8243,9.3175,6521.7799,9.3175,7186.938,9.3175,7860.227,9.3175,8250.373,9.3175,8212.9569,9.3175
55,451.9983,9.2867,451.9983,9.2867,5202.0805,9.2867,5513.9008,9.2867,5869.4345,9.2867,6175.0401,9.2867,6384.6283,9.2867,6493.2923,9.2936,6523.8726,9.3066,6514.556,9.323,6475.8803,9.3417,6397.3227,9.3558,6308.4735,9.3554,6271.9944,9.3434,6316.0279,9.3335,6421.7435,9.3315,6554.34,9.3389,6673.5051,9.3558,6746.212,9.38,6771.7534,9.4053,6771.7342,9.4323,6746.662,9.464,6666.3688,9.4942,6524.7236,9.5132,6394.1738,9.5164,6390.0524,9.5052,6574.1598,9.5055,6905.6105,9.5368,7254.0729,9.5971,7456.1864,9.6733,7412.7048,9.749,7154.4751,9.8128,6811.7015,9.8614,6519.6581,9.8828,6343.5652,9.8801,6276.5239,9.8643,6282.235,9.8457,6323.606,9.8374,6368.9533,9.8352,6383.7634,9.8362,6330.5399,9.837,6212.9252,9.8515,6099.2153,9.8465,6060.2602,9.8291,6109.5495,9.8158,6207.6379,9.815,6289.2883,9.8256,6296.6938,9.8397,6219.7077,9.8497,6112.824,9.8499,6047.6359,9.8301,6036.3504,9.8078,6038.7057,9.7923,6034.4538,9.7703,6032.8075,9.748,6034.4031,9.7311,6031.5257,9.7122,6024.8884,9.689,6020.9973,9.6619,6022.7995,9.636,6028.5214,9.6185,6036.8204,9.6054,6041.8951,9.5956,6034.7122,9.583,6021.086,9.5527,6016.2689,9.5248,6021.82,9.5024,6024.6103,9.4866,6018.73,9.4729,6017.5013,9.4498,6025.8589,9.4342,6029.0838,9.4264,6026.6922,9.4151,6028.7668,9.4051,6029.2508,9.3969,6023.5702,9.382,6019.2972,9.3653,6020.0734,9.3513,6028.7432,9.338,6050.5064,9.3291,6087.8462,9.3261,6146.0177,9.3275,6213.7676,9.3374,6241.397,9.354,6191.392,9.3668,6102.3252,9.3692,6045.9916,9.3542,6031.2134,9.3397,6031.0622,9.3236,6095.8059,9.2962,6295.7549,9.2867,6541.9628,9.318,6630.9571,9.3668,6489.7414,9.4134,6255.794,9.4428,6101.9621,9.4341,6061.1615,9.4129,6061.0662,9.398,6060.5291,9.3781,6060.0638,9.3543,6042.7579,9.3316,6028.9068,9.2977,6151.2278,9.2867,6552.172,9.2867,7199.5616,9.2867,7860.7958,9.2867,8245.398,9.2867,8208.5644,9.2867
56,443.3416,9.2331,443.3416,9.2331,5142.9063,9.2331,5447.4467,9.2331,5792.4454,9.2331,6085.7516,9.2331,6283.975,9.2331,6385.4411,9.2449,6414.2628,9.2605,6406.8996,9.2796,6371.6336,9.3012,6297.0261,9.3182,6212.494,9.3205,6180.3978,9.3112,6228.473,9.3038,6337.7778,9.3042,6473.7432,9.3135,6596.341,9.3321,6672.7026,9.3578,6702.1162,9.3846,6706.0126,9.413,6684.7191,9.4462,6608.0738,9.478,6469.9843,9.4984,6342.674,9.5033,6341.103,9.4944,6526.9502,9.4966,6859.6181,9.5296,7209.3139,9.5913,7413.186,9.6686,7372.1546,9.7454,7116.6962,9.8101,6776.0809,9.8596,6484.6292,9.8821,6308.315,9.88,6242.9905,9.8645,6253.6625,9.8461,6301.2568,9.8381,6351.8684,9.8365,6370.7225,9.838,6320.8578,9.8394,6206.2226,9.854,6095.4376,9.8493,6059.6706,9.832,6112.2251,9.8187,6213.2716,9.8178,6297.7132,9.8283,6308.2991,9.8423,6235.308,9.852,6132.9599,9.852,6071.8411,9.832,6063.501,9.8095,6067.9813,9.794,6065.5686,9.7717,6065.733,9.7492,6069.2459,9.7321,6068.4656,9.713,6064.1109,9.6895,6062.7285,9.6621,6067.3205,9.6359,6076.022,9.618,6087.167,9.6047,6094.4869,9.5947,6088.6908,9.5819,6075.8598,9.551,6071.7677,9.5227,6078.2349,9.4998,6082.1055,9.4838,6077.5908,9.4697,6078.3511,9.4463,6089.1973,9.4303,6094.7125,9.4224,6094.1242,9.4108,6097.7396,9.4004,6099.3469,9.392,6094.3699,9.3767,6090.9857,9.3596,6091.8099,9.3456,6097.1104,9.3318,6112.5568,9.3213,6144.4232,9.3156,6200.1798,9.3138,6268.2849,9.3209,6299.3364,9.335,6256.9812,9.3459,6177.8753,9.3468,6128.921,9.3309,6117.0286,9.3164,6115.6769,9.3002,6174.4515,9.2712,6365.984,9.2582,6606.6444,9.2877,6695.3723,9.3339,6559.1226,9.3777,6335.3522,9.4036,6194.0489,9.3916,6162.34,9.3696,6166.0364,9.3544,6167.9433,9.3337,6173.1855,9.3084,6164.4909,9.2845,6151.4348,9.2508,6254.2308,9.2331,6619.7354,9.2331,7232.5683,9.2331,7870.2661,9.2331,8243.9587,9.2331,8208.2655,9.2331
57,436.8249,9.1575,436.8249,9.1575,5062.8888,9.1575,5357.6774,9.1575,5689.437,9.1575,5968.748,9.1575,6155.8276,9.1597,6251.6413,9.1759,6280.1894,9.194,6275.5844,9.2157,6244.0005,9.2404,6173.3708,9.2603,6093.1812,9.2657,6065.5583,9.2592,6117.7182,9.2544,6230.518,9.2573,6369.667,9.2687,6495.5231,9.2892,6575.4486,9.3167,6608.7688,9.3451,6616.7347,9.3751,6599.4402,9.41,6526.7231,9.4436,6392.5758,9.4657,6268.9387,9.4726,6270.2195,9.4664,6457.86,9.471,6791.5836,9.5061,7142.2633,9.5695,7347.7397,9.6482,7309.2744,9.7261,7056.9705,9.7919,6718.8531,9.8426,6427.8893,9.8664,6250.8926,9.865,6187.1179,9.85,6203.2499,9.8319,6257.8935,9.8242,6314.5047,9.8233,6337.9582,9.8254,6291.8104,9.8274,6180.2837,9.8424,6072.5049,9.838,6040.293,9.8208,6096.8499,9.8075,6201.7706,9.8065,6289.9426,9.8169,6304.6141,9.8309,6236.4795,9.8404,6139.5223,9.8402,6083.3096,9.82,6078.6609,9.7972,6085.9286,9.7816,6086.0009,9.759,6088.6186,9.7364,6094.7123,9.7192,6096.758,9.7,6095.4954,9.6762,6097.5599,9.6485,6106.0503,9.6218,6118.9554,9.6037,6134.1311,9.5901,6144.6364,9.5799,6140.8396,9.5668,6129.2056,9.5352,6126.2006,9.5063,6134.0093,9.483,6139.4808,9.4665,6137.0096,9.4521,6140.6962,9.4283,6155.1997,9.4117,6164.2509,9.4036,6166.5629,9.3916,6172.4724,9.381,6175.7625,9.3723,6171.829,9.3565,6169.4605,9.3389,6171.9626,9.3245,6177.5066,9.3105,6188.263,9.2995,6212.0736,9.2918,6261.857,9.2868,6328.5346,9.2905,6362.8852,9.3019,6329.2839,9.3105,6261.9131,9.3096,6221.6702,9.2925,6212.853,9.2781,6209.4922,9.2615,6261.0397,9.2306,6443.0583,9.2144,6677.6249,9.2405,6766.1876,9.2837,6635.6983,9.3242,6423.611,9.3458,6296.6551,9.3299,6275.3581,9.3069,6283.2734,9.2915,6287.6033,9.2697,6298.8393,9.2424,6299.3044,9.2171,6286.1262,9.1834,6365.1635,9.1575,6688.2936,9.1575,7259.3644,9.1575,7868.0183,9.1575,8228.0377,9.1575,8193.7665,9.1575
58,431.1764,9.0629,431.1764,9.0629,4965.7648,9.0629,5247.0614,9.0629,5563.2584,9.0629,5828.6285,9.0629,6006.8015,9.0703,6099.9582,9.089,6130.3596,9.1094,6129.3556,9.1337,6101.3797,9.1613,6034.1398,9.1843,5957.668,9.1925,5934.2932,9.1891,5990.827,9.187,6107.7552,9.1925,6250.826,9.206,6380.5704,9.2283,6464.4412,9.2576,6501.8179,9.2877,6513.8528,9.3193,6500.34,9.356,6430.9925,9.3915,6300.0221,9.4154,6179.5593,9.4245,6184.0285,9.4212,6374.9276,9.4284,6711.9978,9.4659,7065.9001,9.5309,7274.2014,9.6109,7238.0422,9.69,6987.3653,9.7569,6649.5163,9.8088,6356.7172,9.8338,6177.3647,9.8334,6114.8163,9.8189,6137.1812,9.8013,6199.6062,9.7941,6262.4098,9.7939,6290.581,9.7965,6248.3814,9.7991,6139.9545,9.8144,6034.9421,9.8104,6006.2731,9.7933,6067.2719,9.7799,6176.8295,9.7788,6269.5282,9.7891,6288.7541,9.8029,6225.514,9.8122,6133.8374,9.8117,6082.5455,9.7912,6081.7418,9.7681,6092.0172,9.7524,6094.8194,9.7296,6100.1111,9.7068,6108.9642,9.6896,6113.9816,9.6704,6115.9379,9.6464,6121.626,9.6183,6134.2934,9.5913,6151.7588,9.5728,6171.3272,9.5589,6185.265,9.5484,6183.5466,9.535,6173.1106,9.5027,6171.2304,9.4732,6180.4975,9.4494,6187.7176,9.4326,6187.4153,9.4179,6194.1877,9.3934,6212.5902,9.3763,6225.4266,9.3679,6230.8319,9.3555,6239.1785,9.3445,6244.2406,9.3356,6241.3647,9.3193,6239.8646,9.3011,6243.6807,9.2863,6249.2188,9.2723,6255.601,9.2608,6272.0853,9.2513,6316.5763,9.243,6382.3508,9.2432,6420.446,9.2516,6396.0208,9.2578,6340.8081,9.2548,6309.4847,9.2366,6304.7099,9.2222,6303.9936,9.2053,6355.378,9.1726,6530.2041,9.1536,6754.5794,9.1768,6839.3142,9.2168,6716.2385,9.2537,6519.4645,9.2708,6405.7463,9.251,6389.22,9.2268,6397.1159,9.2113,6402.64,9.1882,6419.4771,9.1586,6428.4957,9.1317,6414.1517,9.0981,6467.9023,9.0629,6746.599,9.0629,7273.1372,9.0629,7849.8291,9.0629,8194.421,9.0629,8161.7368,9.0629
59,425.8415,8.9553,425.8415,8.9553,4858.7704,8.9553,5126.0031,8.9553,5428.1073,8.9553,5682.4587,8.9553,5854.2616,8.9669,5945.8529,8.9878,5978.0114,9.0101,5979.9222,9.0366,5954.5201,9.0669,5889.4083,9.0925,5815.467,9.1035,5795.5686,9.1027,5856.2088,9.1032,5977.3262,9.1111,6124.4779,9.1266,6258.1841,9.1507,6345.8722,9.1816,6387.0044,9.2132,6402.7298,9.2465,6392.4951,9.2848,6325.7642,9.3221,6197.0736,9.3476,6079.1533,9.3589,6086.923,9.3587,6282.1643,9.3688,6624.3516,9.4086,6983.1651,9.4752,7195.0778,9.5564,7160.7514,9.6364,6910.1875,9.7041,6570.519,9.7571,6273.6931,9.7835,6090.4159,9.784,6028.9754,9.7702,6058.5527,9.7534,6129.3155,9.7469,6197.9426,9.7475,6230.4685,9.7506,6192.329,9.7537,6087.1991,9.7692,5985.0775,9.7655,5960.1775,9.7484,6025.9702,9.7349,6140.651,9.7336,6238.5122,9.7435,6262.9037,9.757,6205.0875,9.7659,6119.2989,9.7651,6073.5949,9.7442,6077.1906,9.7208,6090.9036,9.7049,6096.8234,9.6816,6105.1395,9.6589,6117.0592,9.6417,6125.325,9.6225,6130.7697,9.5984,6140.4449,9.5697,6157.829,9.5422,6180.5365,9.5233,6205.199,9.5091,6223.0896,9.4982,6223.6758,9.4844,6214.5006,9.4512,6213.8663,9.4212,6224.8586,9.3969,6234.1481,9.3795,6236.3212,9.3644,6246.5938,9.3392,6269.4817,9.3213,6286.6978,9.3127,6295.68,9.2998,6306.8284,9.2884,6313.9042,9.2792,6312.3218,9.2623,6311.7915,9.2435,6317.1092,9.2282,6324.9664,9.2137,6331.3709,9.2021,6341.8787,9.1916,6377.3685,9.1808,6437.9601,9.1775,6477.9624,9.1826,6462.632,9.186,6420.2429,9.1808,6398.2635,9.1613,6396.9588,9.1468,6398.1622,9.1294,6450.3346,9.0953,6620.7505,9.0747,6837.7253,9.0957,6920.2155,9.1328,6804.2055,9.1664,6619.3768,9.1806,6514.3042,9.1595,6500.8864,9.1352,6510.2476,9.1191,6518.1714,9.0943,6539.963,9.0621,6556.3576,9.0333,6541.6961,8.9994,6573.0912,8.9553,6808.0485,8.9553,7286.3743,8.9553,7826.4984,8.9553,8153.349,8.9553,8122.5187,8.9553
60,420.8855,8.8415,420.8855,8.8415,4754.4105,8.8415,5008.0236,8.8415,5297.9344,8.8415,5544.3465,8.8415,5712.4622,8.8562,5803.5623,8.8784,5837.1669,8.902,5841.0196,8.9303,5816.8566,8.9626,5752.2864,8.9901,5679.3453,9.0031,5661.8487,9.0046,5726.1371,9.0072,5851.4548,9.0171,6002.9671,9.0342,6141.0619,9.0597,6232.8773,9.0918,6277.4904,9.1248,6295.8542,9.1595,6287.371,9.1992,6221.6045,9.2379,6093.632,9.2648,5977.1519,9.278,5988.0862,9.2809,6188.7389,9.2938,6537.9493,9.3357,6903.5023,9.4035,7119.8318,9.4851,7086.7775,9.5655,6834.854,9.6337,6491.5853,9.6874,6188.5292,9.7153,5998.6444,9.7172,5936.3722,9.7045,5972.7824,9.6887,6051.9115,9.683,6125.796,9.6841,6162.0281,9.6875,6127.6477,9.6911,6025.4855,9.7062,5925.6774,9.7028,5903.9501,9.6857,5974.1075,9.6721,6093.6753,9.6704,6196.5353,9.6798,6225.6982,9.6928,6172.5379,9.7011,6091.7478,9.6999,6050.9514,9.6786,6058.524,9.6548,6075.34,9.6388,6084.0021,9.6151,6094.8983,9.5924,6109.3583,9.5754,6120.194,9.5564,6128.2552,9.5323,6140.9686,9.503,6162.148,9.475,6189.199,9.4557,6218.1181,9.4411,6239.2249,9.4299,6241.4571,9.4157,6232.9819,9.3818,6233.1941,9.3513,6245.6437,9.3265,6256.6612,9.3087,6260.652,9.2933,6273.4346,9.2673,6299.6862,9.2487,6320.2138,9.2398,6331.8821,9.2265,6345.1584,9.2148,6353.675,9.2052,6352.8585,9.1879,6352.8534,9.1686,6358.9789,9.1529,6368.2803,9.138,6375.4236,9.1262,6383.036,9.1155,6412.1242,9.1032,6467.3372,9.0973,6507.1491,9.0996,6497.8345,9.1007,6464.796,9.0937,6449.8175,9.0733,6450.8992,9.0587,6452.717,9.041,6504.7536,9.0056,6672.3111,8.9838,6884.9163,9.0032,6965.8818,9.0375,6853.177,9.0682,6674.0669,9.08,6573.4204,9.0586,6562.5857,9.0345,6574.1977,9.0178,6584.098,8.9917,6607.6798,8.9572,6627.3197,8.9262,6616.1707,8.8909,6641.8515,8.8457,6851.576,8.8415,7290.3932,8.8415,7794.9554,8.8415,8103.6724,8.8415,8074.7479,8.8415
61,416.3453,8.7325,416.3453,8.7325,4661.0475,8.7325,4905.3323,8.7325,5188.1705,8.7325,5432.4924,8.7325,5602.1442,8.7479,5695.5811,8.77,5731.0432,8.794,5736.1304,8.8228,5712.418,8.8557,5647.5038,8.8841,5573.7727,8.8987,5555.8707,8.902,5621.1751,8.9063,5749.2184,8.9172,5904.5598,8.9352,6046.7535,8.9614,6142.1399,8.994,6189.1896,9.0277,6208.6892,9.0633,6200.0745,9.1036,6133.0148,9.1429,6003.3832,9.1704,5886.6064,9.1849,5900.5037,9.1908,6108.2584,9.2068,6467.4781,9.2502,6842.6382,9.3182,7064.6152,9.3989,7031.701,9.4785,6775.3835,9.5462,6425.4652,9.5993,6115.54,9.6286,5920.2787,9.6321,5858.3556,9.6204,5905.5975,9.6058,6001.4295,9.6019,6085.2942,9.6053,6119.8629,9.611,6078.522,9.6162,5970.3219,9.6304,5867.0865,9.6275,5845.1356,9.6105,5917.8309,9.5968,6040.965,9.5947,6147.2182,9.6033,6179.2882,9.6152,6128.8798,9.6226,6051.2253,9.6208,6013.8303,9.5992,6024.4854,9.5753,6043.6815,9.559,6054.0843,9.5349,6066.612,9.5122,6082.9938,9.4951,6095.6257,9.4763,6104.9661,9.4526,6119.119,9.423,6142.6542,9.3945,6172.8142,9.3749,6204.9026,9.3601,6228.2467,9.3487,6231.1123,9.334,6222.3522,9.2995,6222.8004,9.2691,6236.4919,9.244,6248.9026,9.2257,6253.8375,9.2101,6267.853,9.1834,6296.1205,9.1643,6318.6819,9.1551,6331.9804,9.1414,6346.6536,9.1296,6355.903,9.1197,6354.9552,9.1019,6354.8103,9.0825,6361.3383,9.0666,6371.0634,9.0514,6378.0779,9.0394,6384.6942,9.0287,6411.6342,9.0165,6464.2966,9.0097,6503.1742,9.0102,6496.0739,9.0096,6467.5367,9.0014,6456.2894,8.9809,6458.2032,8.9661,6458.8781,8.9481,6510.0363,8.9121,6678.0254,8.8907,6891.6894,8.909,6972.814,8.9402,6858.0985,8.968,6675.4776,8.9776,6573.2625,8.9578,6565.1568,8.9346,6581.1386,8.9175,6593.1175,8.8903,6616.2296,8.854,6635.4904,8.8213,6625.7522,8.7844,6649.4828,8.7419,6844.3072,8.7325,7256.0143,8.7325,7734.4935,8.7325,8029.5548,8.7325,8002.0568,8.7325
62,412.73,8.6376,412.73,8.6376,4501.0049,8.6376,4773.8618,8.6376,5067.008,8.6376,5303.6,8.6376,5459.7421,8.6505,5543.8202,8.672,5577.0565,8.6954,5585.6502,8.7238,5570.4409,8.7566,5518.3081,8.7851,5456.5946,8.7997,5442.3799,8.8029,5499.5308,8.807,5610.2147,8.8179,5744.726,8.8359,5868.5363,8.8623,5952.0935,8.8952,5994.5268,8.9292,6015.0907,8.9651,6013.3875,9.0059,5961.2902,9.0457,5852.8965,9.0737,5752.9575,9.0884,5764.3713,9.0936,5942.4302,9.1089,6251.4468,9.1525,6575.5891,9.2213,6768.8277,9.3035,6743.2597,9.3844,6527.1108,9.453,6233.108,9.5069,5975.2625,9.5358,5816.1182,9.5386,5773.0352,9.5264,5828.2106,9.5119,5926.9005,9.5093,6008.0558,9.516,6033.0494,9.5249,5982.5678,9.5313,5876.6993,9.547,5785.9871,9.5439,5772.1627,9.5262,5838.7633,9.5118,5946.8959,9.5092,6041.6879,9.5174,6074.4394,9.5291,6037.2009,9.5362,5977.5779,9.5339,5953.2853,9.5115,5968.835,9.4871,5988.7029,9.4708,5999.4352,9.4464,6012.5297,9.4235,6029.7244,9.4063,6043.6733,9.388,6054.426,9.365,6069.59,9.3353,6093.5351,9.3065,6123.312,9.2867,6154.555,9.2717,6177.921,9.2603,6182.714,9.2457,6176.6981,9.211,6178.5145,9.1803,6191.8957,9.155,6204.0323,9.1368,6209.5641,9.1212,6223.9647,9.0942,6251.7329,9.0749,6273.7698,9.0656,6286.9194,9.0517,6301.4269,9.0397,6310.9985,9.0299,6311.3538,9.0122,6312.4879,8.9926,6319.349,8.9766,6329.2275,8.9613,6336.9992,8.9493,6343.1156,8.9386,6365.4907,8.926,6410.9412,8.9189,6445.6448,8.9194,6440.8117,8.9188,6418.2127,8.9104,6411.8045,8.8896,6416.29,8.8749,6416.6865,8.8569,6458.399,8.82,6602.9013,8.7973,6789.6755,8.8157,6861.0161,8.8483,6761.754,8.8774,6606.6619,8.8877,6524.1037,8.8665,6520.3861,8.8423,6532.2275,8.8253,6539.208,8.7978,6559.1146,8.7602,6577.9965,8.7269,6568.2687,8.6905,6583.8776,8.6477,6757.9778,8.6376,7144.8218,8.6376,7605.6767,8.6376,7893.3921,8.6376,7866.7658,8.6376
63,410.9705,8.5649,410.9705,8.5649,4484.8158,8.5649,4743.1237,8.5649,5032.7058,8.5649,5276.2702,8.5649,5441.3605,8.5734,5530.3233,8.593,5564.0686,8.6148,5570.6282,8.6416,5551.8208,8.673,5494.8035,8.7002,5427.5186,8.7136,5408.6309,8.7158,5463.8495,8.7187,5575.6909,8.7287,5713.0683,8.7459,5839.5988,8.7715,5924.4147,8.8039,5966.3478,8.8374,5984.9689,8.8727,5979.6933,8.9131,5921.9248,8.9526,5806.8359,8.9804,5702.3714,8.9948,5714.9901,8.9991,5901.5242,9.0133,6224.1434,9.0565,6561.4064,9.1253,6761.0233,9.2078,6731.9483,9.2888,6503.938,9.3574,6194.1936,9.4114,5921.4285,9.4396,5751.8947,9.4416,5706.1126,9.429,5767.8692,9.4148,5877.9029,9.4135,5965.0661,9.4228,5985.8334,9.4345,5926.0535,9.4418,5812.2638,9.4586,5716.8508,9.4551,5700.9362,9.4369,5767.1496,9.4221,5876.2119,9.419,5972.5668,9.4267,6006.0094,9.438,5968.2445,9.4448,5907.824,9.4422,5882.669,9.4195,5897.0838,9.3954,5916.0676,9.3793,5926.4895,9.3548,5939.4656,9.3319,5956.5129,9.3148,5970.194,9.2969,5980.2446,9.2746,5994.2854,9.2454,6017.2,9.2168,6046.2975,9.1969,6076.9325,9.1818,6099.6619,9.1703,6104.1031,9.1558,6098.0351,9.1215,6099.5991,9.0909,6112.2449,9.0657,6123.6778,9.0476,6128.8516,9.0321,6142.3299,9.006,6168.3174,8.9873,6189.0044,8.978,6201.6102,8.964,6215.5233,8.9521,6224.4327,8.9426,6224.4718,8.9251,6225.3379,8.9056,6231.6862,8.8898,6241.1116,8.8747,6248.909,8.8629,6255.9893,8.8522,6280.5955,8.8396,6328.5291,8.833,6363.6875,8.8345,6356.0004,8.8348,6328.6226,8.8271,6318.3102,8.8066,6321.115,8.7921,6321.9242,8.7744,6366.9455,8.7375,6518.3297,8.7145,6712.3841,8.7337,6785.4991,8.7683,6680.1783,8.7994,6515.0601,8.8113,6423.6661,8.7895,6413.8734,8.765,6421.2091,8.7486,6423.9402,8.7215,6439.5896,8.6837,6454.8602,8.6507,6443.308,8.6157,6461.2184,8.5724,6642.8301,8.5649,7038.0175,8.5649,7502.8807,8.5649,7791.0137,8.5649,7764.2293,8.5649
64,421.7538,8.5261,421.7538,8.5261,4498.4802,8.5261,4750.3024,8.5261,5044.2508,8.5261,5301.0167,8.5261,5479.4982,8.5279,5575.7228,8.5439,5610.0028,8.5629,5612.8788,8.5867,5588.0005,8.6148,5523.1992,8.639,5447.5047,8.6499,5421.7859,8.6499,5473.7634,8.6509,5585.9669,8.6588,5725.4989,8.6741,5853.7891,8.6981,5938.4621,8.7289,5978.1631,8.7608,5993.0644,8.7948,5982.4141,8.8338,5916.8381,8.8717,5792.4265,8.8982,5680.8647,8.9118,5693.3276,8.9156,5888.9546,8.9297,6227.2807,8.972,6579.7306,9.0393,6786.2325,9.1197,6752.015,9.1988,6508.8232,9.2659,6179.444,9.3186,5888.4696,9.3465,5706.1483,9.3486,5655.8454,9.3364,5722.9923,9.3229,5843.5359,9.3228,5935.5133,9.3337,5950.4825,9.347,5879.3083,9.3549,5753.8811,9.3715,5648.6738,9.3681,5626.9753,9.3497,5692.3813,9.3349,5803.6798,9.3316,5902.0569,9.3389,5934.4544,9.3498,5891.9349,9.3563,5825.2696,9.3536,5795.1761,9.3313,5806.7966,9.308,5824.2636,9.2919,5833.5164,9.2677,5845.3067,9.2451,5861.0985,9.2282,5873.2922,9.2108,5881.2841,9.1894,5892.7361,9.1611,5913.1858,9.1328,5940.4471,9.113,5969.6283,9.0981,5990.7968,9.0868,5993.5207,9.0724,5985.9367,9.0388,5986.4319,9.0089,5998.2058,8.9843,6008.6443,8.9665,6012.4815,8.9511,6023.7225,8.9262,6046.6809,8.9086,6064.8083,8.8993,6075.8576,8.8855,6088.5563,8.8739,6096.0995,8.8645,6094.6661,8.8475,6094.2597,8.8287,6099.5433,8.8133,6107.3521,8.7986,6113.4329,8.787,6122.2373,8.7767,6154.0371,8.7655,6209.9936,8.7609,6246.7603,8.7643,6231.5378,8.7662,6191.7396,8.7601,6171.6213,8.7409,6169.4343,8.7269,6167.3805,8.7096,6214.6271,8.6738,6378.8452,8.6533,6589.8653,8.674,6668.2218,8.7097,6548.4053,8.7422,6357.8308,8.7562,6247.2911,8.7367,6231.8423,8.7134,6239.4036,8.698,6240.1018,8.6718,6250.6025,8.6352,6258.9732,8.6038,6241.5452,8.5704,6263.9709,8.5277,6467.6447,8.5261,6892.5533,8.5261,7378.5707,8.5261,7675.0096,8.5261,7647.1881,8.5261
65,527.8279,8.5315,527.8279,8.5315,4455.5336,8.5315,4747.0034,8.5315,5069.4191,8.5315,5341.9933,8.5315,5528.0409,8.5315,5625.1464,8.539,5656.2139,8.5532,5655.9201,8.5725,5630.9863,8.5956,5569.5141,8.6149,5496.8132,8.6213,5468.0306,8.6168,5507.7464,8.614,5599.8718,8.6182,5715.8325,8.6306,5822.0642,8.6519,5889.8369,8.6801,5918.7194,8.7097,5928.1625,8.7416,5917.8096,8.7783,5859.8215,8.8138,5748.4047,8.8382,5646.2642,8.8494,5652.2108,8.8506,5818.742,8.8626,6110.8559,8.9027,6416.4239,8.968,6594.8138,9.0464,6562.9775,9.1238,6350.114,9.1895,6064.9573,9.2405,5815.9334,9.2671,5662.3163,9.2682,5623.2164,9.2552,5686.3698,9.2416,5794.944,9.2418,5872.9216,9.253,5872.8704,9.2663,5787.7832,9.2729,5655.5878,9.291,5551.2924,9.2884,5530.2034,9.27,5589.6799,9.2551,5690.0905,9.252,5778.914,9.2596,5808.4233,9.2709,5769.5578,9.2779,5708.2711,9.2756,5680.9629,9.2539,5692.1578,9.2314,5707.8336,9.2155,5715.2991,9.1918,5725.1742,9.1698,5738.8101,9.1534,5749.1533,9.1364,5755.4722,9.1157,5764.4566,9.0884,5781.1943,9.0607,5803.8953,9.0414,5828.4872,9.0268,5846.3671,9.0159,5848.0506,9.002,5840.7563,8.9694,5840.9648,8.9408,5851.2657,8.9169,5859.9535,8.8997,5862.103,8.8848,5870.5956,8.861,5889.4816,8.8443,5903.7755,8.8352,5912.0577,8.8219,5922.6329,8.8108,5928.7755,8.8018,5926.8613,8.7855,5926.2438,8.7675,5930.4712,8.7529,5936.5121,8.7387,5943.4076,8.7275,5957.7775,8.7184,5995.0168,8.7104,6050.535,8.71,6081.6204,8.7171,6057.5262,8.722,6007.4623,8.7184,5980.5662,8.7013,5976.0895,8.6876,5969.3313,8.6709,6005.4653,8.6365,6156.1547,8.6187,6356.8778,8.6423,6432.2124,8.6807,6315.5892,8.7168,6127.7779,8.7352,6017.2757,8.7208,6002.0834,8.6992,6009.319,8.6842,6005.6356,8.6596,6006.522,8.6256,6003.2913,8.5964,5982.4583,8.5637,6019.4777,8.5315,6252.8523,8.5315,6710.7655,8.5315,7223.2758,8.5315,7533.534,8.5315,7504.3471,8.5315
66,692.885,8.5898,692.885,8.5898,4583.5712,8.5898,4866.5184,8.5898,5192.4439,8.5898,5481.6106,8.5898,5690.4914,8.5898,5806.8043,8.5898,5846.4682,8.5961,5844.3488,8.609,5811.1132,8.6256,5738.0261,8.6385,5653.0593,8.6382,5614.1056,8.6269,5647.1495,8.6183,5735.5109,8.6173,5848.9193,8.6255,5952.0194,8.6432,6014.9048,8.6681,6037.0674,8.6946,6038.5553,8.7233,6019.0801,8.757,5950.3519,8.7894,5827.4476,8.811,5716.2004,8.8186,5719.0583,8.8143,5889.9643,8.8212,6191.6415,8.8574,6506.4612,8.9204,6687.71,8.9973,6649.228,9.0733,6421.9157,9.1374,6120.4219,9.1867,5860.7085,9.2103,5704.2255,9.2087,5662.602,9.1942,5716.6708,9.1796,5812.324,9.1788,5877.2718,9.1888,5861.901,9.2,5757.4199,9.2019,5604.6854,9.2237,5483.3154,9.2213,5451.3939,9.2024,5506.1573,9.1873,5605.5363,9.1844,5693.4277,9.1927,5718.9283,9.2048,5671.8933,9.2127,5600.1697,9.2111,5563.6165,9.1899,5568.6046,9.1678,5580.4082,9.1525,5585.0051,9.1295,5592.2135,9.108,5603.0473,9.0922,5610.4662,9.0759,5613.6323,9.0562,5618.8755,9.03,5631.2442,9.0031,5649.1914,8.9844,5668.971,8.9705,5682.8923,8.9601,5682.3927,8.9469,5674.16,8.9159,5673.2042,8.8883,5681.5576,8.8655,5688.134,8.8492,5688.156,8.8351,5693.5103,8.8124,5708.0701,8.7966,5718.1595,8.788,5722.9914,8.7754,5730.6049,8.7648,5734.6552,8.7564,5731.9245,8.7411,5730.4996,8.7242,5732.635,8.7103,5739.1755,8.6963,5755.2214,8.6862,5784.5396,8.6807,5833.1563,8.6785,5891.983,8.6845,5917.3049,8.6972,5876.8614,8.7067,5804.8127,8.7067,5761.7824,8.6914,5751.0444,8.6779,5744.0917,8.662,5787.9195,8.6299,5957.0081,8.6155,6177.5361,8.6441,6259.9332,8.6893,6132.3719,8.7331,5919.4441,8.7605,5779.4847,8.7521,5742.2498,8.7316,5737.8732,8.7172,5725.3062,8.6948,5711.2804,8.6645,5689.3416,8.6384,5669.2368,8.6067,5750.6263,8.5898,6060.1085,8.5898,6589.6715,8.5898,7148.8859,8.5898,7479.8399,8.5898,7448.4293,8.5898
67,895.018,8.7056,895.018,8.7056,4744.6965,8.7056,5022.8281,8.7056,5351.3193,8.7056,5650.0065,8.7056,5872.5704,8.7056,6003.2506,8.7056,6052.5383,8.7056,6051.368,8.7116,6010.9468,8.7227,5926.2829,8.7305,5831.2874,8.7256,5791.2412,8.7109,5837.564,8.7056,5951.7591,8.7056,6092.6401,8.7056,6212.2739,8.7084,6276.5794,8.7253,6289.4493,8.7452,6276.813,8.7679,6241.4882,8.7954,6155.8983,8.8213,6015.8585,8.8373,5889.7195,8.8383,5883.1691,8.8252,6051.4569,8.8243,6355.2348,8.8537,6672.1734,8.9113,6850.6792,8.9839,6802.472,9.056,6560.5396,9.1165,6245.2162,9.162,5978.6793,9.1814,5821.7405,9.1773,5776.0289,9.1618,5815.466,9.1466,5890.5748,9.1442,5934.8925,9.1514,5898.157,9.159,5770.1435,9.1547,5593.6997,9.1795,5452.0318,9.1772,5405.858,9.1581,5452.483,9.143,5547.2803,9.1405,5630.5406,9.1493,5648.367,9.162,5589.291,9.1707,5502.8504,9.1699,5453.0601,9.1494,5448.7585,9.1282,5454.066,9.1133,5453.0142,9.0913,5454.5712,9.0707,5459.4228,9.0555,5460.3407,9.04,5456.1958,9.0214,5452.6875,8.9965,5454.4495,8.971,5460.3336,8.9534,5467.9569,8.9404,5471.7931,8.9309,5464.6894,8.9188,5452.2652,8.8904,5447.132,8.8649,5450.1451,8.8438,5450.4535,8.829,5442.4728,8.8162,5436.1653,8.795,5437.4277,8.7809,5438.4998,8.7731,5438.1794,8.7631,5436.2718,8.7564,5423.7173,8.7512,5402.7233,8.7386,5388.6535,8.7224,5397.2904,8.7085,5439.3616,8.7056,5505.1178,8.7056,5573.0787,8.7056,5640.5641,8.7056,5702.7938,8.7188,5718.9548,8.7394,5655.6194,8.7561,5548.161,8.7643,5465.4133,8.7567,5424.1141,8.7436,5416.6681,8.7268,5506.8508,8.7056,5751.2562,8.7056,6033.4367,8.7186,6141.6668,8.7658,6009.7373,8.814,5774.3341,8.8481,5606.7919,8.8448,5549.4062,8.8256,5534.6074,8.8116,5513.1248,8.7908,5482.9576,8.7641,5439.4167,8.7407,5415.6358,8.7089,5537.7858,8.7056,5922.4736,8.7056,6524.7814,8.7056,7132.3291,8.7056,7485.0823,8.7056,7451.3555,8.7056
68,1117.0366,8.8761,1117.0366,8.8761,4903.6303,8.8761,5196.429,8.8761,5534.7211,8.8761,5836.9851,8.8761,6059.5856,8.8761,6188.4536,8.8761,6234.0575,8.8761,6227.2924,8.8796,6180.2157,8.889,6089.6433,8.8954,5992.9731,8.8893,5960.5243,8.8761,6027.8566,8.8761,6177.0551,8.8761,6362.1811,8.8761,6524.2982,8.8761,6616.7454,8.8761,6639.1949,8.8851,6624.0977,8.8991,6583.5433,8.918,6497.8619,8.9353,6367.7335,8.9441,6251.2664,8.9378,6232.6577,8.917,6365.3839,8.908,6629.9308,8.9285,6916.4225,8.9784,7073.7388,9.0446,7013.2982,9.111,6767.9301,9.1663,6457.5025,9.206,6203.6417,9.2195,6059.373,9.2114,6009.47,9.1941,6020.5345,9.1775,6056.4507,9.173,6065.2134,9.1761,5995.5696,9.1786,5832.3725,9.1681,5621.8472,9.1948,5451.5451,9.1928,5381.5196,9.1738,5407.9692,9.1594,5484.7381,9.1584,5548.9118,9.1696,5543.8506,9.1847,5455.5334,9.1964,5334.634,9.1983,5253.2012,9.1803,5226.0053,9.1612,5214.5715,9.1472,5198.5091,9.1277,5185.22,9.1094,5174.8432,9.0957,5159.7803,9.082,5138.4879,9.0656,5115.121,9.0436,5093.5011,9.0214,5075.3008,9.0064,5060.6134,8.9958,5043.7734,8.9891,5020.3072,8.9798,4998.3634,8.9564,4986.9339,8.935,4981.7207,8.9177,4968.8574,8.9059,4948.6402,8.8945,4953.6806,8.8761,5004.7098,8.8761,5071.3442,8.8761,5115.3433,8.8761,5121.3158,8.8761,5090.3567,8.8797,5056.6398,8.8761,5072.0612,8.8761,5155.2644,8.8761,5284.3401,8.8761,5421.6623,8.8761,5540.6905,8.8761,5641.8961,8.8761,5722.2599,8.8806,5744.0563,8.9009,5678.6285,8.9188,5564.6131,8.9289,5472.3114,8.9231,5421.8552,8.91,5414.4897,8.8925,5520.6202,8.8761,5788.3863,8.8761,6086.0353,8.8819,6198.892,8.9276,6067.9988,8.9755,5834.0868,9.0094,5667.6838,9.0068,5609.8123,8.9879,5591.5341,8.9737,5561.2546,8.9531,5517.2059,8.9275,5462.8974,8.905,5442.1219,8.8761,5581.6874,8.8761,5991.7576,8.8761,6623.2238,8.8761,7257.8332,8.8761,7625.9224,8.8761,7590.706,8.8761
69,1341.3609,9.0894,1341.3609,9.0894,5183.6157,9.0894,5459.4866,9.0894,5790.0469,9.0894,6090.9934,9.0894,6312.7296,9.0894,6439.063,9.0894,6480.1565,9.0894,6466.7554,9.0917,6410.3327,9.1003,6308.7277,9.1061,6204.6055,9.1001,6174.1593,9.0894,6253.6518,9.0894,6422.0823,9.0894,6631.5773,9.0894,6822.5781,9.0894,6945.1919,9.0894,6991.9722,9.0894,6989.0265,9.0952,6947.4138,9.1078,6850.7566,9.1193,6705.2235,9.1237,6576.9492,9.1136,6559.82,9.0904,6713.0066,9.0894,7011.8471,9.0903,7330.8529,9.1318,7501.8068,9.1909,7427.5386,9.2514,7145.5912,9.3016,6791.8142,9.336,6505.269,9.3448,6342.8711,9.3341,6276.5876,9.3152,6262.0581,9.2973,6266.2096,9.2909,6243.534,9.2905,6144.9113,9.2891,5951.8984,9.2747,5701.3851,9.3033,5481.2874,9.3026,5372.1864,9.285,5386.381,9.2724,5467.1776,9.2745,5529.3122,9.2899,5502.38,9.3089,5369.1926,9.3248,5190.8227,9.3304,5061.478,9.3158,5007.6106,9.2987,4982.3797,9.2858,4954.723,9.2689,4929.6001,9.2528,4907.29,9.2406,4879.2837,9.2286,4843.0842,9.2139,4803.9056,9.1943,4772.2324,9.1752,4754.9181,9.1636,4740.2014,9.1582,4705.8983,9.1577,4654.3193,9.1533,4612.5661,9.1349,4592.2599,9.1166,4583.5781,9.1017,4583.369,9.0917,4613.5393,9.0894,4710.1819,9.0894,4868.3561,9.0894,5025.6984,9.0894,5130.6157,9.0894,5172.0734,9.0894,5160.2395,9.0895,5137.4413,9.0894,5161.7172,9.0894,5254.1905,9.0894,5392.5307,9.0894,5538.7312,9.0894,5667.13,9.0894,5779.0511,9.0894,5869.4911,9.0917,5894.9648,9.1115,5822.0976,9.129,5691.4555,9.139,5580.7004,9.1335,5518.2502,9.1206,5512.5854,9.103,5637.5122,9.0894,5936.6486,9.0894,6265.0809,9.093,6391.2691,9.1369,6247.8951,9.1828,5984.8409,9.2152,5791.2309,9.2131,5719.7764,9.1955,5699.0576,9.1817,5666.7865,9.1614,5614.3761,9.137,5550.7397,9.1149,5533.9183,9.0894,5700.1167,9.0894,6153.6413,9.0894,6828.6437,9.0894,7493.6836,9.0894,7875.5345,9.0894,7838.8059,9.0894
70,1532.8899,9.3245,1532.8899,9.3245,5355.2958,9.3245,5665.1128,9.3245,6018.4538,9.3245,6328.5797,9.3245,6551.7221,9.3245,6675.0687,9.3245,6710.1276,9.3245,6690.7487,9.3269,6632.2669,9.3354,6532.1055,9.341,6427.8408,9.3351,6392.6367,9.3245,6465.7844,9.3245,6630.7335,9.3245,6840.1119,9.3245,7031.7878,9.3245,7153.2522,9.3245,7195.8569,9.3245,7187.2212,9.3292,7142.0723,9.3416,7045.7543,9.3528,6902.6419,9.3568,6778.7557,9.3458,6771.02,9.3245,6935.8589,9.3245,7238.2338,9.3245,7549.0148,9.35,7710.699,9.4052,7639.1974,9.4632,7375.9487,9.5111,7053.1575,9.5425,6800.8496,9.5469,6660.9909,9.5329,6592.031,9.5122,6548.1181,9.4928,6511.2481,9.4839,6455.6932,9.4776,6332.5184,9.4697,6111.6828,9.4484,5835.6423,9.4801,5602.6489,9.4798,5486.4062,9.4629,5488.2115,9.452,5549.8961,9.4565,5591.5935,9.4749,5548.9949,9.4966,5405.3013,9.5154,5216.3014,9.5236,5073.6378,9.5106,5007.0586,9.4943,4972.221,9.4815,4936.9147,9.4658,4904.4319,9.4505,4873.9819,9.4388,4836.9016,9.4269,4790.8429,9.4123,4740.9846,9.3931,4701.3448,9.3751,4683.1536,9.3655,4669.1097,9.3643,4625.8827,9.3694,4554.8718,9.3704,4494.0143,9.3549,4471.058,9.335,4488.9672,9.3245,4538.5084,9.3245,4621.3218,9.3245,4761.4725,9.3245,4952.0246,9.3245,5129.7294,9.3245,5244.1015,9.3245,5288.126,9.3245,5276.2103,9.3247,5253.2727,9.3245,5278.1332,9.3245,5371.8613,9.3245,5511.8409,9.3245,5659.6602,9.3245,5788.924,9.3245,5899.3898,9.3245,5985.6033,9.3251,6007.2901,9.3451,5935.3897,9.3632,5811.5331,9.3738,5709.3505,9.3682,5650.7697,9.3543,5643.4336,9.3359,5764.711,9.3245,6055.149,9.3245,6366.9939,9.3259,6480.1204,9.3704,6341.5125,9.4176,6100.0239,9.4503,5930.3567,9.4468,5871.5223,9.4276,5850.2939,9.4131,5811.6385,9.3931,5752.4747,9.37,5684.0476,9.349,5666.044,9.3245,5835.0313,9.3245,6299.2589,9.3245,6998.8038,9.3245,7695.3829,9.3245,8097.4257,9.3245,8058.8395,9.3245
71,1667.2748,9.5557,1667.2748,9.5557,5636.002,9.5557,5937.4968,9.5557,6290.7925,9.5557,6604.3491,9.5557,6827.9359,9.5557,6947.4369,9.5557,6976.0405,9.5557,6950.0547,9.5592,6885.9332,9.5679,6780.24,9.5735,6670.1291,9.5673,6630.3279,9.5557,6702.1131,9.5557,6869.188,9.5557,7082.7279,9.5557,7278.9357,9.5557,7404.0204,9.5557,7448.2854,9.5557,7438.7957,9.5611,7390.3109,9.5737,7288.3916,9.5849,7138.2765,9.5887,7009.2423,9.5772,7004.4889,9.5557,7186.5591,9.5557,7520.0759,9.5557,7865.7197,9.5755,8051.1233,9.6297,7982.5789,9.687,7704.0105,9.7341,7360.6918,9.7645,7094.0231,9.7673,6946.5094,9.7526,6871.3488,9.7314,6817.2171,9.7108,6765.7014,9.7007,6698.4605,9.6908,6569.3495,9.6811,6341.0017,9.6563,6050.054,9.6926,5799.8351,9.693,5675.9424,9.6779,5682.7851,9.6689,5753.3139,9.6754,5799.1756,9.6957,5752.2039,9.7192,5594.5739,9.7396,5385.4732,9.7494,5223.9832,9.7378,5145.851,9.7221,5106.2708,9.7093,5068.6659,9.6939,5033.5354,9.6783,4999.2638,9.6662,4957.4617,9.6532,4907.1757,9.6379,4855.0344,9.6189,4816.0591,9.6013,4800.6449,9.5925,4787.8641,9.5922,4741.379,9.5985,4663.5785,9.6002,4596.8492,9.5847,4574.1198,9.5639,4600.7441,9.5557,4665.3856,9.5557,4765.1187,9.5557,4919.7142,9.5557,5119.1487,9.5557,5298.5961,9.5557,5408.1451,9.5557,5443.2867,9.5557,5421.431,9.5563,5390.3069,9.5557,5410.9644,9.5557,5504.7509,9.5557,5647.5009,9.5557,5799.5679,9.5557,5934.6373,9.5557,6052.8139,9.5557,6147.2275,9.5557,6173.5031,9.5757,6099.3713,9.5941,5968.9571,9.605,5861.2125,9.5991,5800.4183,9.584,5795.5892,9.565,5926.6517,9.5557,6233.5069,9.5557,6561.5435,9.5563,6680.5829,9.6022,6533.566,9.65,6277.6452,9.6829,6098.1211,9.6772,6034.7592,9.6567,6010.9789,9.6422,5971.6456,9.6226,5912.3244,9.6007,5841.8155,9.5805,5824.9141,9.5557,6009.9175,9.5557,6508.5803,9.5557,7248.8331,9.5557,7976.9212,9.5557,8394.0285,9.5557,8353.8289,9.5557
72,1733.4143,9.7552,1733.4143,9.7552,5868.5528,9.7552,6168.7149,9.7552,6525.5107,9.7552,6843.1577,9.7552,7067.4403,9.7552,7184.2895,9.7552,7208.6937,9.7552,7178.706,9.7607,7111.1712,9.7695,7001.857,9.775,6888.052,9.7688,6845.8594,9.7553,6917.2956,9.7552,7085.6714,9.7552,7301.5711,9.7552,7500.894,9.7552,7629.7233,9.7552,7677.8138,9.7552,7671.1961,9.7622,7624.1986,9.7746,7522.6571,9.7857,7371.2205,9.7894,7237.2017,9.7783,7223.714,9.7552,7399.7473,9.7552,7739.51,9.7552,8103.8561,9.7833,8306.7538,9.8375,8239.5389,9.8945,7942.6864,9.9414,7569.4318,9.9716,7274.8677,9.9765,7113.7042,9.9634,7040.9182,9.9414,6996.1933,9.9195,6950.7865,9.9091,6884.6195,9.8998,6759.9774,9.8895,6542.8908,9.8694,6259.9204,9.9016,6009.5583,9.9058,5886.3356,9.8943,5900.8393,9.8882,5982.3994,9.8965,6036.5613,9.9175,5991.1513,9.941,5827.5879,9.9609,5608.6328,9.9706,5439.8737,9.96,5361.0589,9.9442,5325.2155,9.9315,5291.3565,9.9156,5258.555,9.8988,5225.8474,9.8859,5185.5202,9.8714,5137.1539,9.8547,5086.6859,9.8354,5048.178,9.8171,5033.0537,9.8071,5022.4402,9.8045,4981.4723,9.8073,4912.3492,9.806,4853.4012,9.7889,4829.3471,9.7695,4840.5594,9.7552,4882.7508,9.7552,4964.8,9.7552,5108.8621,9.7552,5299.8183,9.7552,5469.243,9.7552,5566.8243,9.7552,5589.4964,9.7552,5556.5561,9.7569,5517.0693,9.7552,5532.9395,9.7552,5625.3778,9.7552,5768.9594,9.7552,5923.1056,9.7552,6061.9831,9.7552,6187.0434,9.7552,6290.8693,9.7566,6324.3366,9.7764,6249.6561,9.794,6110.5273,9.8033,5992.372,9.7962,5929.043,9.7826,5932.8525,9.7649,6077.6822,9.7552,6398.8712,9.7552,6741.1808,9.7612,6867.5416,9.8043,6712.2208,9.8485,6435.5982,9.8779,6237.1281,9.874,6168.7769,9.8562,6153.8477,9.8416,6128.1666,9.8224,6079.4373,9.8015,6012.9107,9.7811,5996.6209,9.7552,6189.6735,9.7552,6710.2949,9.7552,7479.3179,9.7552,8231.1307,9.7552,8660.1165,9.7552,8618.6776,9.7552
73,1727.1471,9.9054,1727.1471,9.9054,5960.0214,9.9054,6289.536,9.9054,6665.1797,9.9054,6989.5451,9.9054,7213.7726,9.9054,7326.7768,9.9054,7346.0392,9.9065,7314.3489,9.9144,7252.2418,9.9244,7153.4437,9.9305,7047.8783,9.9239,7005.6257,9.9087,7070.153,9.9054,7230.6003,9.9054,7440.38,9.9054,7634.2402,9.9054,7756.5752,9.9054,7797.4919,9.9075,7786.5041,9.9169,7742.5705,9.9307,7654.4105,9.9428,7524.2854,9.9473,7404.991,9.9365,7379.6471,9.9112,7513.8728,9.9054,7798.1518,9.9054,8113.6151,9.9447,8289.7009,10.0055,8223.0748,10.0678,7947.6502,10.119,7604.5119,10.1527,7335.9625,10.158,7188.4571,10.1442,7120.3217,10.1204,7081.68,10.0982,7049.2541,10.0886,6998.9911,10.0804,6882.9517,10.0713,6665.1874,10.0481,6386.8117,10.0866,6153.7493,10.0918,6046.955,10.0819,6065.6906,10.0772,6143.6083,10.0868,6195.6461,10.1091,6155.7117,10.1338,6006.6433,10.1546,5808.3417,10.1642,5660.4509,10.1525,5596.9843,10.1357,5569.1875,10.1227,5538.5818,10.1065,5508.516,10.0867,5480.5478,10.0716,5446.8197,10.0556,5406.9249,10.0373,5366.0442,10.0173,5333.0967,9.9983,5315.3971,9.987,5300.7418,9.9822,5266.7254,9.9818,5217.8704,9.9769,5181.1169,9.9566,5164.2674,9.9366,5155.0796,9.9205,5153.78,9.9089,5189.0118,9.9054,5296.649,9.9054,5460.9401,9.9054,5608.7832,9.9054,5688.1514,9.9054,5696.6742,9.9059,5654.2729,9.9112,5608.9299,9.9062,5620.779,9.9054,5710.2962,9.9054,5851.9223,9.9054,6004.6516,9.9054,6141.8172,9.9054,6263.6837,9.9054,6363.4457,9.9076,6396.2048,9.9288,6328.7598,9.9477,6205.8374,9.9577,6107.7058,9.9499,6056.7667,9.9346,6057.7664,9.9158,6187.9008,9.9054,6487.5403,9.9054,6806.3519,9.9117,6919.8057,9.9584,6774.0397,10.006,6526.8485,10.0371,6360.6779,10.0294,6309.1717,10.0082,6294.7351,9.993,6269.0508,9.9741,6228.7853,9.9541,6170.495,9.9349,6150.7202,9.9054,6330.7556,9.9054,6843.338,9.9054,7620.1047,9.9054,8389.853,9.9054,8831.6471,9.9054,8789.0807,9.9054
74,1676.8567,10.0,1676.8567,10.0,5979.0731,10.0,6342.6391,10.0,6741.2019,10.0,7074.222,10.0,7299.1419,10.0,7410.7695,10.0,7430.7559,10.0036,7404.5812,10.0121,7353.9347,10.022,7271.4683,10.0284,7180.1397,10.0227,7139.4699,10.0078,7190.3133,10.0,7329.1074,10.0,7515.4593,10.0,7685.3983,10.0,7785.8224,10.0,7812.1293,10.0103,7796.559,10.0231,7755.7773,10.0395,7674.2771,10.0539,7551.7195,10.06,7438.3401,10.051,7409.9965,10.0284,7526.3084,10.0157,7783.89,10.0304,8077.2742,10.0754,8244.9471,10.138,8185.4362,10.2018,7927.2551,10.2545,7600.5274,10.2899,7341.8493,10.2988,7203.7404,10.2876,7150.4678,10.2654,7128.2524,10.2442,7107.9686,10.2348,7067.0317,10.2272,6962.209,10.2182,6757.8896,10.2,6494.947,10.2335,6279.7298,10.2406,6188.1181,10.2327,6214.2638,10.2293,6294.4619,10.2393,6350.1365,10.2613,6319.6365,10.2852,6186.7966,10.3045,6009.8444,10.3128,5884.5945,10.3004,5840.3717,10.2828,5825.7181,10.2696,5803.1302,10.2523,5779.6681,10.2298,5759.6728,10.2121,5735.0218,10.1944,5705.0322,10.1739,5674.9411,10.1525,5649.5557,10.1323,5632.9948,10.1192,5621.0469,10.1113,5600.5539,10.1067,5569.8191,10.0984,5544.7906,10.075,5535.3349,10.0533,5531.773,10.0365,5519.1694,10.0242,5511.0632,10.012,5553.4675,10.0,5653.8937,10.0,5751.7176,10.0,5796.4443,10.0,5784.9027,10.0068,5733.8304,10.0122,5684.869,10.0053,5692.8461,10.0,5776.9808,10.0,5912.817,10.0,6060.1682,10.0,6192.4551,10.0,6310.281,10.0,6408.332,10.0051,6443.8203,10.026,6383.7344,10.0441,6269.7509,10.0526,6179.6599,10.0438,6136.5115,10.0297,6142.4153,10.0121,6266.6114,10.0,6548.3586,10.0,6848.81,10.0124,6955.8711,10.0572,6817.3477,10.1019,6582.5858,10.1301,6426.5759,10.1241,6384.384,10.1051,6382.6525,10.0899,6373.4595,10.0712,6350.4572,10.0517,6302.9309,10.0321,6279.7935,10.0,6444.1624,10.0,6940.4002,10.0,7710.9747,10.0,8484.9777,10.0,8932.3218,10.0,8889.3806,10.0
75,1624.8013,10.0462,1624.8013,10.0462,6128.6456,10.0462,6450.6038,10.0462,6826.2609,10.0462,7153.8988,10.0462,7379.8206,10.0462,7493.8452,10.0462,7516.558,10.052,7492.4513,10.0612,7442.8906,10.0717,7361.6382,10.0788,7270.2525,10.0738,7222.9009,10.0588,7258.4678,10.0462,7376.8606,10.0462,7541.4202,10.0462,7692.9555,10.0462,7784.0096,10.0573,7809.826,10.073,7796.1286,10.0902,7752.8737,10.1109,7660.3964,10.1295,7519.1028,10.1386,7390.9761,10.1318,7370.7726,10.1099,7526.7362,10.0981,7845.5092,10.1154,8200.6704,10.1639,8408.4177,10.2305,8353.1124,10.2979,8065.5951,10.3534,7693.2183,10.3919,7393.2002,10.4022,7231.5496,10.3918,7175.4884,10.3706,7165.3204,10.3501,7161.8464,10.3409,7137.2128,10.3339,7054.6814,10.3257,6881.9056,10.3054,6644.1486,10.3415,6437.5831,10.3474,6352.305,10.3389,6396.3089,10.3345,6502.0623,10.3433,6579.6569,10.3641,6559.2262,10.3871,6425.1285,10.4051,6244.7781,10.4115,6121.7118,10.3969,6083.9235,10.3777,6075.4372,10.3641,6058.1442,10.3459,6040.588,10.3217,6027.2359,10.3025,6009.5117,10.2829,5987.3599,10.2598,5966.3929,10.2366,5948.929,10.2149,5937.1233,10.2001,5931.448,10.19,5922.4863,10.1832,5901.9941,10.1735,5880.0301,10.1479,5870.5598,10.1238,5870.8413,10.105,5865.6423,10.092,5852.327,10.0799,5857.9997,10.0618,5898.2353,10.0532,5939.9352,10.0558,5946.7557,10.0613,5912.621,10.0698,5848.6018,10.0737,5790.4987,10.0629,5786.9717,10.0462,5857.0327,10.0462,5981.4856,10.0462,6123.017,10.0462,6254.8993,10.0462,6377.8507,10.0462,6484.5981,10.0529,6525.8269,10.0748,6463.2035,10.0934,6341.7316,10.1021,6247.0162,10.0924,6204.4458,10.0773,6213.6595,10.0593,6345.4411,10.0462,6644.2705,10.0462,6967.0733,10.06,7084.3911,10.1075,6933.4728,10.154,6675.2458,10.1834,6502.1628,10.1745,6452.2267,10.1535,6447.8287,10.1383,6441.9224,10.1199,6427.2007,10.1008,6384.755,10.0817,6361.8737,10.0466,6534.4582,10.0462,7052.734,10.0462,7844.2863,10.0462,8625.7564,10.0462,9072.5356,10.0462,9029.3877,10.0462
76,1607.3827,10.0663,1607.3827,10.0663,6132.5,10.0663,6461.4623,10.0663,6840.7976,10.0663,7168.5766,10.0663,7392.6418,10.0663,7504.2227,10.0663,7525.6641,10.0738,7502.7937,10.0837,7457.0321,10.0948,7382.3259,10.1023,7300.3549,10.0975,7259.4467,10.0828,7287.532,10.0697,7382.4297,10.0663,7518.1138,10.0663,7646.4755,10.0722,7724.2903,10.0892,7745.5513,10.1081,7732.3387,10.1283,7691.5018,10.1521,7601.0264,10.1736,7459.5279,10.1849,7330.7617,10.1796,7313.5854,10.1584,7475.2966,10.1475,7797.6435,10.167,8153.7771,10.2182,8363.8793,10.2875,8314.8318,10.3574,8036.6513,10.4152,7673.745,10.4558,7380.2659,10.4678,7222.1543,10.4583,7170.192,10.4379,7167.4916,10.4179,7174.136,10.4088,7160.225,10.4023,7087.2372,10.3945,6922.3643,10.374,6693.1003,10.4114,6496.7956,10.4179,6420.6259,10.41,6470.1789,10.4059,6579.2143,10.415,6660.4532,10.4359,6646.0434,10.459,6521.2795,10.4769,6352.294,10.483,6239.2283,10.468,6208.0143,10.4482,6203.8324,10.4345,6190.5171,10.4159,6177.3078,10.3909,6168.5339,10.371,6155.7355,10.3501,6139.278,10.3253,6124.7619,10.3011,6113.8136,10.2786,6107.3847,10.2631,6106.0736,10.2523,6102.1849,10.2447,6086.9263,10.2342,6068.1813,10.2073,6060.3124,10.1819,6062.5049,10.1621,6060.1713,10.1484,6048.3563,10.1359,6049.8208,10.1168,6080.1405,10.1056,6112.907,10.1049,6118.7979,10.1056,6096.2752,10.1084,6055.993,10.1081,6016.4971,10.0962,6000.6591,10.078,6027.3496,10.0663,6103.2412,10.0663,6208.4238,10.0663,6315.7885,10.0663,6422.1035,10.0663,6518.7906,10.0762,6556.2826,10.0983,6495.5268,10.1168,6380.2347,10.1249,6293.8553,10.1142,6257.8066,10.0987,6266.7948,10.0808,6389.3397,10.0663,6673.3884,10.0663,6983.0461,10.0822,7094.4633,10.1309,6946.1285,10.1781,6696.381,10.2077,6532.5555,10.1977,6487.8025,10.1759,6484.4645,10.1604,6480.0601,10.1421,6469.946,10.1232,6431.939,10.1042,6408.0529,10.0685,6573.7854,10.0663,7084.6513,10.0663,7873.1359,10.0663,8655.5791,10.0663,9103.8843,10.0663,9060.6311,10.0663
77,1655.0419,10.0848,1655.0419,10.0848,6148.7244,10.0848,6480.6687,10.0848,6861.0686,10.0848,7188.0615,10.0848,7410.394,10.0848,7519.9329,10.0848,7539.7157,10.0928,7516.144,10.103,7470.614,10.1142,7396.8214,10.1219,7316.3895,10.1172,7276.1511,10.1027,7300.4323,10.0896,7385.5678,10.0848,7509.0397,10.0848,7627.6579,10.0944,7700.2526,10.1131,7719.8102,10.1335,7706.6169,10.1551,7666.4442,10.1803,7576.4027,10.2033,7434.2101,10.2156,7304.5658,10.211,7288.6326,10.1902,7453.307,10.1799,7777.7173,10.2006,8134.7046,10.253,8346.4115,10.3236,8300.893,10.3947,8027.7187,10.4535,7669.9357,10.4951,7380.3864,10.5079,7225.2148,10.499,7177.0396,10.479,7180.1904,10.4592,7194.0505,10.4501,7186.6634,10.444,7117.0906,10.4362,6952.516,10.4153,6723.992,10.4543,6531.3475,10.462,6460.1806,10.4548,6513.9466,10.4512,6626.4228,10.4606,6711.4006,10.4817,6701.9331,10.5049,6583.7168,10.5227,6422.2464,10.5287,6315.9732,10.5135,6289.7188,10.4934,6289.1748,10.4795,6279.14,10.4606,6269.2524,10.4353,6264.0372,10.4147,6255.3375,10.3929,6243.5151,10.3669,6233.8519,10.342,6227.6229,10.319,6225.149,10.303,6227.0859,10.2917,6226.7615,10.2835,6214.9206,10.2725,6198.1165,10.2447,6191.2195,10.2186,6194.4618,10.1981,6193.6257,10.1838,6183.8432,10.1709,6185.7087,10.1515,6211.7422,10.1397,6237.6352,10.1375,6240.4927,10.1355,6222.534,10.1351,6192.9246,10.1324,6164.7158,10.1197,6151.0713,10.1025,6162.0734,10.0881,6208.6316,10.0848,6284.988,10.0848,6371.5143,10.0848,6463.9066,10.0848,6552.0054,10.0969,6585.5147,10.119,6524.3086,10.1371,6411.0311,10.1448,6327.9029,10.1335,6294.3098,10.1178,6302.5249,10.0999,6419.929,10.0848,6696.1116,10.0848,6998.6915,10.1017,7106.5204,10.1505,6958.5457,10.1979,6711.7579,10.2274,6551.2745,10.2171,6508.3694,10.195,6505.1485,10.1795,6500.3526,10.1611,6490.5402,10.1423,6453.6541,10.1234,6430.2531,10.0878,6594.2933,10.0848,7102.6699,10.0848,7890.8142,10.0848,8675.1293,10.0848,9125.0567,10.0848,9081.6667,10.0848
78,1773.7123,10.1199,1773.7123,10.1199,6191.1153,10.1199,6525.3547,10.1199,6906.4353,10.1199,7232.6484,10.1199,7453.5574,10.1199,7561.265,10.1199,7578.8305,10.1273,7552.993,10.1374,7505.5613,10.1485,7429.9433,10.156,7346.7924,10.1512,7303.5085,10.1367,7327.3886,10.1235,7416.1529,10.1199,7544.6351,10.1199,7666.4257,10.1274,7739.6541,10.1453,7758.2827,10.1652,7743.7113,10.1864,7702.6298,10.2113,7612.903,10.2338,7472.3761,10.2459,7344.2803,10.241,7327.3689,10.2199,7488.0188,10.2092,7807.2719,10.2295,8160.0494,10.2816,8369.7457,10.352,8324.9289,10.4229,8054.7917,10.4815,7701.5201,10.5227,7417.2075,10.5351,7267.1581,10.5259,7222.8961,10.5058,7228.7738,10.486,7245.5601,10.4768,7239.5717,10.4707,7164.2419,10.4626,6986.7659,10.4401,6746.6393,10.4816,6549.1063,10.4908,6477.2407,10.4848,6530.8792,10.4821,6642.9896,10.4922,6727.8467,10.5139,6718.7303,10.5377,6600.9839,10.5558,6439.8641,10.562,6334.1132,10.547,6308.6501,10.5269,6308.8593,10.5131,6299.3824,10.4944,6289.8279,10.4691,6284.7832,10.4483,6276.4247,10.4261,6265.2199,10.3997,6256.0156,10.3748,6249.8478,10.3518,6247.3769,10.3357,6249.4433,10.3244,6249.1317,10.3163,6237.1534,10.3054,6220.2666,10.2776,6213.3139,10.2514,6216.4035,10.2309,6215.3104,10.2168,6205.1478,10.2038,6206.6387,10.1846,6232.5536,10.1729,6258.3332,10.1708,6260.4689,10.1692,6241.084,10.1691,6209.804,10.1667,6180.0744,10.154,6165.4693,10.1368,6176.7485,10.1223,6224.8364,10.1199,6302.9652,10.1199,6390.6638,10.1199,6483.3967,10.1199,6571.0635,10.1312,6603.7453,10.1532,6541.7649,10.1714,6427.8644,10.1792,6343.8647,10.1681,6308.8804,10.1524,6316.3064,10.1343,6434.8413,10.1199,6712.8282,10.1199,7015.7842,10.1355,7123.0755,10.1841,6975.4486,10.2314,6730.156,10.2607,6571.1919,10.2505,6528.7069,10.2283,6524.3668,10.2127,6516.9755,10.1943,6503.3285,10.1756,6462.5293,10.1569,6437.6027,10.1216,6603.9708,10.1199,7117.5307,10.1199,7912.0943,10.1199,8702.4639,10.1199,9155.9084,10.1199,9112.1874,10.1199
79,1953.1904,10.1793,1953.1904,10.1793,6254.9601,10.1793,6595.2187,10.1793,6979.8731,10.1793,7306.8713,10.1793,7527.0655,10.1793,7633.1252,10.1793,7648.128,10.1857,7619.3335,10.1953,7569.4202,10.2059,7491.3904,10.2131,7403.9636,10.2082,7355.9979,10.1933,7381.9767,10.1802,7483.3453,10.1793,7628.5353,10.1793,7762.2533,10.1807,7839.9122,10.1959,7858.0168,10.2139,7841.2571,10.2334,7798.709,10.2564,7710.2391,10.2771,7574.4373,10.2877,7450.6928,10.2817,7431.0433,10.2599,7580.9085,10.2481,7887.0757,10.2666,8229.319,10.317,8432.8108,10.3859,8386.7375,10.4555,8119.7792,10.5128,7772.8785,10.5524,7496.9664,10.5633,7355.0342,10.553,7314.9501,10.5324,7320.4092,10.5123,7335.6672,10.503,7326.0741,10.4968,7237.053,10.4882,7035.3458,10.4638,6772.9713,10.5084,6563.6886,10.5198,6486.7923,10.5152,6536.3746,10.5138,6644.0774,10.5251,6724.8788,10.5479,6712.162,10.5726,6590.2784,10.5916,6424.2713,10.5985,6314.5204,10.5839,6286.8662,10.5642,6285.6596,10.5506,6274.5335,10.5322,6262.7833,10.5074,6254.9737,10.4867,6243.7064,10.4642,6229.7219,10.4379,6217.3605,10.4133,6207.4736,10.3907,6201.8021,10.3749,6201.505,10.364,6198.4448,10.3565,6183.5982,10.3461,6165.1089,10.319,6157.3762,10.2935,6159.4648,10.2736,6156.8074,10.2599,6144.3287,10.2472,6144.6442,10.2283,6173.4373,10.2174,6204.1214,10.2169,6207.1206,10.218,6181.4693,10.2212,6138.6288,10.221,6097.1687,10.2091,6079.4917,10.1909,6104.2941,10.1793,6178.3998,10.1793,6281.9231,10.1793,6387.4286,10.1793,6491.0856,10.1793,6584.29,10.1879,6618.6461,10.2098,6556.294,10.2284,6440.7937,10.2367,6353.9285,10.2262,6315.6801,10.2105,6322.6221,10.1921,6445.6809,10.1793,6729.8422,10.1793,7035.7954,10.193,7143.3615,10.241,6996.3889,10.2882,6752.6346,10.3175,6594.8181,10.3076,6552.4897,10.2856,6547.0436,10.2699,6536.5329,10.2516,6517.9732,10.233,6473.5176,10.2145,6449.6232,10.1799,6621.3549,10.1793,7142.6113,10.1793,7946.883,10.1793,8747.278,10.1793,9206.7516,10.1793,9162.4636,10.1793
80,2165.1826,10.2577,2165.1826,10.2577,6330.0299,10.2577,6680.937,10.2577,7072.3121,10.2577,7401.0823,10.2577,7620.2007,10.2577,7723.8643,10.2577,7735.7949,10.2635,7704.0859,10.2726,7652.0613,10.2828,7571.7275,10.2896,7480.5465,10.2844,7430.2665,10.2696,7461.2406,10.2577,7576.2173,10.2577,7738.686,10.2577,7887.2659,10.2577,7973.5785,10.267,7993.9606,10.2821,7976.1524,10.2992,7932.9675,10.3196,7847.14,10.3377,7717.9452,10.3463,7599.8205,10.3388,7576.5576,10.3162,7712.2329,10.3033,8000.5165,10.3194,8327.6557,10.3672,8521.973,10.4336,8474.0486,10.501,8211.8603,10.5562,7874.1796,10.5934,7609.7647,10.6024,7478.3091,10.5909,7443.0773,10.5696,7446.8586,10.5492,7458.1091,10.5397,7441.6922,10.5333,7334.1116,10.5239,7101.3903,10.4983,6810.7001,10.5452,6586.5827,10.5591,6503.3121,10.5563,6547.245,10.5566,6648.6147,10.5693,6724.0773,10.5933,6707.8222,10.619,6582.7471,10.6389,6412.0403,10.6469,6297.0189,10.6337,6265.9147,10.6147,6263.1634,10.6012,6250.6027,10.5832,6236.4116,10.5588,6225.3052,10.5383,6210.6544,10.5154,6193.5604,10.489,6177.7845,10.4647,6163.9695,10.4424,6155.0706,10.4268,6152.6446,10.4163,6147.138,10.4094,6129.5583,10.3995,6109.564,10.3731,6101.4041,10.3484,6102.7443,10.3291,6098.5486,10.3157,6085.5798,10.3032,6089.1024,10.2853,6123.6507,10.2764,6157.9465,10.2783,6159.3279,10.2826,6125.8711,10.2892,6070.149,10.2912,6019.4373,10.2798,6008.5228,10.2614,6056.2544,10.2577,6156.7286,10.2577,6280.5617,10.2577,6399.638,10.2577,6511.7318,10.2577,6609.1051,10.2643,6644.8028,10.2859,6582.5738,10.3045,6466.2172,10.3131,6377.0971,10.3031,6336.3592,10.2876,6343.5845,10.2692,6470.6587,10.2577,6758.7308,10.2577,7065.148,10.2704,7171.9688,10.3174,7026.3322,10.3638,6785.1862,10.3924,6629.16,10.3834,6588.0456,10.3621,6583.626,10.3463,6572.3573,10.3281,6550.5331,10.3097,6503.169,10.2913,6480.057,10.2577,6655.8955,10.2577,7183.4555,10.2577,7997.3062,10.2577,8809.0461,10.2577,9275.8044,10.2577,9230.855,10.2577
81,2373.0649,10.3407,2373.0649,10.3407,6398.0659,10.3407,6762.959,10.3407,7163.9226,10.3407,7495.7407,10.3407,7713.7113,10.3407,7814.6816,10.3407,7823.9963,10.3465,7790.8531,10.3555,7738.975,10.3653,7659.5644,10.3718,7569.3781,10.3666,7520.997,10.3519,7555.8962,10.3407,7677.1224,10.3407,7848.0384,10.3407,8005.7844,10.3407,8098.9437,10.346,8122.2054,10.359,8104.892,10.3741,8062.8406,10.3922,7980.9292,10.4081,7858.1099,10.415,7744.6073,10.4063,7718.4299,10.3836,7842.4078,10.3703,8114.7165,10.3847,8427.3528,10.4299,8612.9803,10.4933,8564.4153,10.5579,8308.8515,10.6107,7982.1805,10.6454,7730.2191,10.6529,7609.5743,10.6408,7580.0872,10.6192,7583.6695,10.5987,7591.3535,10.5889,7567.4063,10.5822,7441.262,10.5721,7178.4911,10.5467,6860.3221,10.594,6622.1198,10.6104,6533.3333,10.6097,6572.0708,10.6116,6667.0971,10.6257,6737.291,10.6506,6718.4149,10.6769,6592.6377,10.6974,6420.4267,10.7064,6301.8186,10.6946,6267.28,10.6764,6263.1524,10.663,6249.9864,10.6453,6234.1113,10.6215,6220.114,10.601,6202.3687,10.5775,6182.5303,10.5507,6163.7306,10.5265,6146.3017,10.5043,6134.408,10.4888,6130.1877,10.4786,6122.8094,10.4721,6102.9244,10.4624,6081.4135,10.4366,6072.7792,10.4125,6073.4681,10.3937,6067.7613,10.3804,6054.4945,10.368,6061.3479,10.3513,6100.6307,10.3442,6136.8468,10.348,6136.732,10.3548,6098.8486,10.364,6034.9252,10.368,5977.4032,10.3575,5971.8026,10.3407,6037.3641,10.3407,6156.9671,10.3407,6294.365,10.3407,6422.2497,10.3407,6539.9028,10.3407,6640.3263,10.3464,6677.8324,10.3675,6617.0971,10.3858,6501.1994,10.394,6410.878,10.3842,6369.308,10.3694,6378.4354,10.3514,6508.4377,10.3407,6796.5389,10.3407,7100.1033,10.3542,7205.405,10.3995,7061.7699,10.4441,6823.4586,10.4714,6668.7481,10.4637,6629.5524,10.4438,6629.4646,10.4282,6622.3906,10.41,6601.924,10.392,6554.0865,10.3732,6530.8905,10.3407,6707.3795,10.3407,7236.9597,10.3407,8056.5557,10.3407,8877.0708,10.3407,9350.0482,10.3407,9304.5645,10.3407
82,2545.785,10.4057,2545.785,10.4057,6572.7097,10.4057,6898.4875,10.4057,7279.1645,10.4057,7607.3092,10.4057,7827.1203,10.4057,7930.4553,10.4057,7940.5668,10.4124,7905.1617,10.4216,7847.9902,10.4315,7761.6799,10.4381,7665.0475,10.433,7612.9906,10.4181,7649.0354,10.4057,7776.281,10.4057,7956.5899,10.4057,8126.251,10.4057,8232.1244,10.4112,8264.87,10.4243,8250.4359,10.4392,8203.7939,10.457,8110.9697,10.4725,7975.005,10.479,7852.7414,10.4699,7829.8714,10.4462,7977.5043,10.4313,8295.094,10.4444,8659.3033,10.4891,8877.4215,10.5526,8825.2021,10.6172,8533.3099,10.6697,8159.0212,10.7039,7869.9805,10.7096,7729.3584,10.6962,7691.9923,10.6742,7694.9296,10.6536,7704.6989,10.6438,7679.4425,10.6372,7551.7605,10.6275,7293.9791,10.5967,6975.6894,10.6514,6722.1284,10.6688,6619.2139,10.6692,6661.1306,10.6723,6770.8207,10.6875,6852.6137,10.7136,6831.4639,10.741,6687.412,10.7625,6489.1153,10.7723,6348.8618,10.7609,6303.3826,10.7428,6296.5127,10.7294,6283.466,10.7119,6267.6353,10.6883,6253.2667,10.6678,6235.3428,10.6436,6215.7608,10.6164,6197.418,10.5919,6180.9282,10.5696,6171.0812,10.5538,6169.2857,10.5434,6162.825,10.5371,6141.9482,10.5277,6119.073,10.5018,6109.8848,10.4774,6110.6872,10.4586,6105.6653,10.4454,6095.2262,10.433,6109.1412,10.4164,6158.6969,10.4093,6203.6137,10.4136,6206.0805,10.4207,6164.2543,10.4301,6093.6819,10.4342,6030.8817,10.4236,6022.428,10.4057,6087.1757,10.4057,6208.1271,10.4057,6349.1425,10.4057,6483.3731,10.4057,6610.9506,10.4057,6722.6922,10.4114,6765.8578,10.4332,6699.773,10.4519,6571.5079,10.4605,6470.7645,10.4504,6424.973,10.4347,6436.643,10.4163,6579.4789,10.4057,6893.4703,10.4057,7226.3868,10.4187,7343.8954,10.466,7185.0869,10.5118,6917.8517,10.5401,6740.6503,10.5302,6690.6484,10.5089,6686.566,10.4934,6679.6448,10.4755,6661.0257,10.4577,6612.8724,10.4394,6591.4757,10.4057,6784.8602,10.4057,7347.2088,10.4057,8196.0772,10.4057,9028.7036,10.4057,9502.8817,10.4057,9456.9778,10.4057
83,2641.7217,10.4306,2641.7217,10.4306,6588.1884,10.4306,6920.32,10.4306,7303.9066,10.4306,7631.4433,10.4306,7849.0441,10.4306,7950.4196,10.431,7960.7682,10.4394,7929.0205,10.4491,7879.0505,10.4592,7803.955,10.466,7721.6165,10.4609,7678.9498,10.4462,7709.0993,10.4325,7816.0804,10.4306,7972.1223,10.4306,8121.0651,10.4306,8213.1845,10.4424,8240.4037,10.4581,8226.7441,10.4749,8184.1534,10.4945,8096.7258,10.5117,7966.2497,10.5195,7848.5864,10.5111,7828.4076,10.4873,7975.4238,10.4722,8288.6678,10.4859,8647.4274,10.5319,8863.7206,10.5971,8816.3259,10.6633,8535.0996,10.717,8173.8608,10.7522,7896.3019,10.7578,7763.1206,10.7441,7729.5569,10.7223,7735.8032,10.7018,7751.8403,10.6921,7733.3668,10.686,7603.4886,10.6765,7332.6804,10.6423,7003.4057,10.7023,6749.4651,10.721,6650.6622,10.7225,6694.2581,10.7265,6803.5224,10.7425,6885.7108,10.7694,6867.722,10.7976,6729.8393,10.8198,6539.346,10.8298,6406.2755,10.8182,6365.7083,10.7998,6361.8728,10.7864,6351.5664,10.7688,6338.9443,10.7452,6328.2913,10.7244,6314.8006,10.6995,6300.3355,10.6714,6287.4134,10.6464,6276.2717,10.6236,6271.062,10.6073,6273.1025,10.5964,6270.611,10.5897,6253.7641,10.5799,6233.7731,10.5533,6226.2388,10.5281,6228.697,10.5087,6226.0378,10.4953,6216.6321,10.4826,6227.2931,10.4653,6270.8271,10.4565,6311.9469,10.4588,6316.0707,10.463,6283.8789,10.4689,6231.5862,10.4701,6183.6235,10.4583,6167.6495,10.4395,6203.1659,10.4306,6292.2597,10.4306,6410.0129,10.4306,6528.2548,10.4306,6644.4799,10.4306,6749.2838,10.4388,6790.7759,10.4613,6728.5766,10.4802,6608.8475,10.4884,6518.8124,10.4773,6481.1623,10.461,6493.0316,10.4426,6626.121,10.4306,6924.2036,10.4306,7242.722,10.4459,7354.1774,10.4946,7199.8975,10.5417,6944.8301,10.5703,6780.6309,10.5587,6737.7747,10.5362,6735.1619,10.5204,6731.0116,10.5026,6720.1486,10.4851,6678.9036,10.4672,6655.5091,10.4316,6838.4624,10.4306,7390.2041,10.4306,8234.7368,10.4306,9068.4956,10.4306,9544.6024,10.4306,9498.5684,10.4306
84,2644.1942,10.3979,2644.1942,10.3979,6557.5926,10.3979,6884.7532,10.3979,7260.1797,10.3979,7578.465,10.3979,7788.8048,10.3979,7887.7505,10.4026,7901.185,10.4125,7875.9387,10.4232,7833.3445,10.4344,7766.4548,10.442,7695.5123,10.4375,7663.2596,10.4233,7688.6552,10.4098,7769.7535,10.4019,7891.8853,10.4025,8015.2374,10.4124,8095.5909,10.4303,8121.5981,10.4497,8111.8547,10.4697,8074.3072,10.4926,7990.0204,10.5131,7858.6569,10.5233,7739.2731,10.5166,7723.6706,10.494,7881.5276,10.4806,8204.5508,10.497,8569.1056,10.5456,8790.2681,10.6132,8749.2886,10.6816,8474.8604,10.7373,8116.8909,10.7745,7838.276,10.7821,7705.531,10.7698,7678.5398,10.7488,7695.302,10.7287,7722.207,10.719,7713.8474,10.7134,7592.6351,10.7041,7328.6019,10.6702,7006.0136,10.7312,6760.3603,10.7509,6670.0095,10.7532,6720.4476,10.7575,6835.4383,10.7736,6923.6922,10.8005,6913.1863,10.8287,6784.8815,10.8503,6606.4029,10.8597,6486.4793,10.8473,6457.0785,10.8282,6461.0143,10.8147,6456.9458,10.7965,6451.273,10.7725,6449.1392,10.751,6445.6578,10.7252,6442.0844,10.6957,6440.7425,10.6696,6441.6827,10.6459,6447.1813,10.6287,6457.9036,10.6168,6464.1589,10.6089,6455.3589,10.598,6440.0297,10.5698,6435.0846,10.5431,6440.8719,10.5224,6442.8784,10.5079,6437.2355,10.4946,6445.6068,10.4763,6479.274,10.4646,6510.8257,10.4625,6516.4813,10.46,6501.6026,10.4583,6478.2544,10.4542,6458.5835,10.4405,6449.359,10.4239,6451.4382,10.4096,6476.2029,10.3979,6530.0402,10.3979,6602.2373,10.3979,6688.9583,10.3979,6777.5538,10.4133,6814.0224,10.4357,6755.0104,10.4537,6643.9691,10.4604,6565.8354,10.4473,6539.1434,10.4311,6552.4342,10.4133,6670.69,10.3979,6944.2064,10.3979,7243.1606,10.4187,7347.2955,10.4683,7195.527,10.5154,6947.9099,10.5435,6791.7774,10.5312,6754.9294,10.5084,6757.1851,10.4924,6760.5624,10.4746,6762.0608,10.457,6733.7885,10.4387,6713.8568,10.4022,6884.7047,10.3979,7415.3149,10.3979,8241.2854,10.3979,9063.951,10.3979,9535.4589,10.3979,9489.9342,10.3979
85,2551.8071,10.2965,2551.8071,10.2965,6447.1796,10.2965,6746.0857,10.2965,7086.9754,10.2965,7370.6115,10.2965,7553.2126,10.3008,7637.1283,10.3166,7647.8597,10.3325,7625.7274,10.3495,7583.9131,10.3674,7508.997,10.3808,7424.5714,10.3799,7390.3133,10.3671,7435.9398,10.3543,7548.2396,10.349,7696.3469,10.3529,7837.0275,10.3664,7929.8559,10.3878,7966.0713,10.4105,7964.8079,10.4336,7933.251,10.4599,7850.406,10.4838,7714.5042,10.4965,7590.2363,10.4916,7579.9414,10.4705,7754.01,10.4592,8094.4884,10.4787,8471.9044,10.5301,8701.7463,10.6002,8666.1023,10.6706,8393.8864,10.7282,8034.9149,10.7677,7751.9169,10.7778,7614.0924,10.7672,7587.0669,10.7471,7610.6458,10.7274,7646.5812,10.7178,7647.5806,10.7126,7540.9021,10.7037,7297.3753,10.6715,6993.6496,10.7307,6760.2929,10.7501,6678.2354,10.752,6736.2641,10.7558,6858.8168,10.7713,6954.3306,10.7973,6950.739,10.8246,6829.8434,10.8452,6660.9537,10.8533,6552.6856,10.8398,6533.742,10.8198,6544.6755,10.8062,6545.6987,10.7874,6545.6318,10.7628,6550.4363,10.7406,6554.8942,10.7142,6559.6479,10.6835,6566.8523,10.6564,6576.68,10.6318,6590.8261,10.6139,6609.1725,10.6013,6621.7337,10.5927,6617.2917,10.5811,6604.2568,10.5513,6600.9714,10.5233,6608.8125,10.5015,6613.5988,10.4861,6611.6865,10.4721,6621.0199,10.4532,6647.6026,10.4402,6668.1576,10.4353,6670.891,10.4278,6667.4057,10.4202,6662.7726,10.4124,6657.1117,10.397,6655.3159,10.3799,6658.0202,10.366,6666.5038,10.3527,6688.0724,10.3423,6730.2744,10.3375,6800.4288,10.3376,6883.9654,10.3476,6924.5649,10.3649,6879.7673,10.3786,6789.6117,10.3813,6730.972,10.365,6717.6154,10.3489,6728.0579,10.3318,6813.191,10.3097,7034.5422,10.3023,7292.7187,10.3354,7379.2204,10.3847,7225.1824,10.4299,6983.5435,10.4551,6837.185,10.4403,6809.1721,10.4169,6818.4323,10.4008,6830.6043,10.3825,6846.2602,10.3636,6835.3342,10.344,6821.8214,10.3076,6972.4958,10.2965,7460.9369,10.2965,8242.6432,10.2965,9032.8595,10.2965,9488.5546,10.2965,9444.65,10.2965
86,2381.4742,10.1329,2381.4742,10.1329,6240.0124,10.1329,6508.7754,10.1329,6813.7236,10.1329,7065.6332,10.134,7229.5574,10.1509,7309.7911,10.1728,7326.8733,10.1941,7314.6654,10.2174,7282.3752,10.2425,7214.7854,10.2628,7134.7687,10.2684,7105.1082,10.2615,7161.2692,10.2539,7289.4215,10.2538,7452.3081,10.2623,7604.1206,10.2801,7706.1261,10.3055,7750.8751,10.3319,7757.3201,10.3588,7731.1112,10.3891,7648.1617,10.4171,7504.6644,10.4329,7372.611,10.4304,7367.8896,10.411,7561.3593,10.4025,7922.1061,10.426,8313.2994,10.4811,8551.7455,10.5543,8521.3404,10.6276,8251.3601,10.6879,7890.6643,10.7305,7600.5273,10.7442,7453.2335,10.736,7422.7488,10.7171,7451.992,10.6978,7496.582,10.6885,7507.8188,10.6837,7421.4513,10.6753,7208.8208,10.6463,6933.4135,10.7025,6717.4864,10.7213,6645.5982,10.723,6711.6604,10.7264,6841.6134,10.7414,6943.8886,10.7668,6946.8509,10.7936,6833.7444,10.8134,6674.4486,10.8206,6575.441,10.8063,6563.1443,10.7857,6578.5393,10.772,6583.6201,10.7528,6588.4317,10.7276,6599.2946,10.7051,6610.5857,10.6785,6622.4253,10.6471,6637.0525,10.6194,6655.0086,10.5942,6677.7075,10.5758,6703.902,10.5628,6722.3084,10.5537,6721.214,10.5416,6709.9682,10.5105,6708.445,10.4814,6718.6408,10.4588,6726.5721,10.4425,6728.7385,10.428,6740.2259,10.4086,6763.641,10.3943,6780.9513,10.3871,6790.0731,10.3761,6801.2894,10.3657,6808.6082,10.357,6807.1898,10.341,6806.8725,10.323,6812.5016,10.3083,6820.6483,10.2947,6831.6674,10.2831,6857.233,10.2742,6915.8463,10.2678,6997.4161,10.271,7045.5293,10.2825,7019.0854,10.2917,6953.0373,10.2906,6911.9723,10.272,6904.9705,10.256,6912.4798,10.2384,6985.0568,10.2133,7190.0953,10.2002,7439.7132,10.2265,7531.0169,10.2692,7396.9543,10.3075,7186.3922,10.3245,7066.7378,10.3034,7050.5858,10.2784,7063.5851,10.2616,7082.0131,10.2412,7112.8953,10.2192,7123.8508,10.1972,7111.9453,10.161,7212.2755,10.1329,7609.0552,10.1329,8299.3548,10.1329,9025.0345,10.1329,9449.9516,10.1329,9409.2254,10.1329
87,2148.3097,9.9223,2148.3097,9.9223,5946.756,9.9223,6186.5862,9.9223,6461.1724,9.9223,6692.8095,9.9351,6850.8945,9.9583,6936.0121,9.9853,6963.2116,10.0116,6962.2193,10.0409,6939.9051,10.0731,6881.2154,10.1006,6810.5377,10.1132,6791.1424,10.1131,6857.5251,10.1121,6995.0097,10.1182,7166.4928,10.1318,7326.6166,10.1541,7437.0138,10.1838,7490.7212,10.2141,7506.5494,10.2449,7488.7693,10.2794,7410.2647,10.3119,7264.1383,10.3315,7127.8222,10.333,7129.5624,10.3186,7340.1956,10.3151,7716.4633,10.3437,8116.3952,10.403,8360.0836,10.4795,8333.6794,10.5558,8066.3042,10.619,7704.6811,10.6651,7407.2933,10.6828,7249.3527,10.6773,7214.3494,10.6597,7248.8619,10.6408,7301.7797,10.6317,7323.7847,10.6272,7261.1324,10.6194,7085.3052,10.5943,6844.0366,10.6459,6649.7113,10.6634,6590.5836,10.664,6666.3521,10.6663,6805.2709,10.6801,6916.6474,10.7042,6930.2527,10.7299,6831.0404,10.7484,6687.8068,10.7547,6602.6623,10.7398,6599.7031,10.7186,6621.7181,10.7046,6633.0338,10.6846,6644.9989,10.6585,6664.4751,10.6353,6685.3263,10.6086,6707.0441,10.5762,6732.1256,10.5477,6761.5387,10.5216,6796.1395,10.5026,6833.201,10.4891,6859.8631,10.4792,6863.7071,10.4663,6855.1567,10.4332,6856.1763,10.4025,6869.8285,10.3786,6881.8973,10.3612,6889.2149,10.3458,6908.0557,10.3251,6940.6222,10.3094,6966.7948,10.3017,6983.3764,10.2896,7000.5229,10.2783,7011.9779,10.2689,7013.1309,10.2516,7014.7264,10.2321,7023.2554,10.2162,7035.4968,10.2017,7044.9782,10.1897,7055.4664,10.1786,7091.6444,10.1663,7158.9701,10.1612,7210.3446,10.165,7206.0736,10.1678,7172.0756,10.1616,7155.0334,10.1398,7157.4178,10.1236,7165.6836,10.1051,7229.0352,10.0762,7412.6445,10.0567,7642.0324,10.0755,7732.5027,10.1105,7622.5808,10.1411,7448.0781,10.1512,7354.373,10.127,7347.5158,10.1012,7364.2445,10.0827,7389.2471,10.0591,7433.8445,10.033,7464.6357,10.0075,7453.2024,9.9707,7499.498,9.9223,7791.0296,9.9223,8367.7147,9.9223,9009.291,9.9223,9394.087,9.9223,9357.5851,9.9223
88,1881.495,9.6876,1881.495,9.6876,5640.6545,9.6876,5858.4751,9.6876,6112.9818,9.691,6333.3634,9.711,6489.2265,9.7388,6578.0585,9.7695,6612.2158,9.7998,6618.8473,9.834,6602.7566,9.8721,6549.0946,9.9055,6484.0968,9.924,6471.9389,9.93,6546.1841,9.9349,6690.9824,9.9464,6869.064,9.9645,7035.3351,9.991,7151.7646,10.0244,7212.1888,10.0583,7235.7705,10.0927,7225.7143,10.1313,7153.8927,10.1682,7013.8561,10.1919,6883.8628,10.199,6892.423,10.1924,7110.4915,10.1961,7494.6395,10.2307,7901.9908,10.2943,8151.589,10.374,8129.1712,10.453,7863.5998,10.5189,7499.8287,10.5682,7194.0342,10.59,7025.0736,10.5873,6986.7575,10.571,7029.7566,10.5523,7095.8412,10.5435,7133.6143,10.5398,7098.4167,10.5334,6961.3943,10.5138,6754.3484,10.5589,6580.3205,10.5741,6532.8565,10.5723,6618.4467,10.5721,6767.3574,10.5833,6889.2495,10.6048,6915.5759,10.6281,6833.8868,10.6444,6711.5168,10.6491,6644.0997,10.6331,6652.2792,10.6111,6681.452,10.5966,6699.1496,10.5754,6718.4377,10.5478,6746.5836,10.5238,6776.0004,10.4978,6805.3685,10.4654,6838.6159,10.436,6877.7679,10.4089,6922.8045,10.3894,6969.5568,10.3753,7003.8166,10.3644,7012.1654,10.3503,7005.8134,10.3148,7008.9736,10.2824,7025.9158,10.2568,7041.9272,10.238,7053.8328,10.2215,7079.2946,10.1991,7120.4783,10.1818,7154.9629,10.1734,7178.2774,10.1601,7200.7805,10.1478,7215.9712,10.1376,7219.4305,10.1188,7223.0747,10.0977,7233.8448,10.0805,7248.9935,10.0646,7262.337,10.0515,7271.4502,10.0403,7293.3154,10.0263,7342.4399,10.0164,7392.3136,10.0141,7407.7099,10.012,7397.6,10.0026,7393.2548,9.9788,7398.9163,9.9615,7408.9779,9.9415,7468.7228,9.9097,7634.4073,9.887,7839.5217,9.901,7920.3433,9.9291,7825.6404,9.9522,7680.2382,9.9555,7608.9185,9.9282,7610.4312,9.9016,7629.9353,9.8815,7658.2271,9.8545,7707.4048,9.8236,7746.9909,9.7934,7744.2386,9.753,7771.5078,9.701,7988.9967,9.6876,8455.4855,9.6876,9002.0723,9.6876,9340.0112,9.6876,9308.5287,9.6876
89,1620.3378,9.4523,1620.3378,9.4523,5241.8377,9.4523,5473.0719,9.4523,5718.4896,9.4606,5918.8565,9.4829,6061.4276,9.5131,6149.1584,9.5459,6191.465,9.5787,6210.6665,9.6164,6209.436,9.6586,6173.6044,9.696,6127.314,9.7189,6127.6314,9.7296,6201.7922,9.7392,6334.3614,9.7548,6494.2683,9.7765,6643.884,9.8061,6751.0123,9.8422,6811.9951,9.8787,6844.8396,9.9161,6851.3944,9.9579,6804.5442,9.9982,6695.7219,10.0252,6591.2384,10.037,6602.6515,10.0377,6792.1024,10.0485,7123.7525,10.0884,7476.7571,10.1553,7696.4222,10.2369,7684.7086,10.3175,7466.468,10.3853,7164.3401,10.4368,6908.65,10.4625,6768.0445,10.4626,6745.7058,10.4475,6803.5086,10.4291,6885.9207,10.4211,6941.0657,10.4188,6919.2306,10.4143,6788.9521,10.4019,6594.1672,10.4391,6444.3097,10.4519,6417.4761,10.4475,6507.0871,10.4443,6649.2583,10.4524,6768.1847,10.4709,6807.544,10.4915,6757.8927,10.5053,6675.8224,10.5082,6639.9189,10.4911,6663.8536,10.4685,6699.269,10.4532,6721.2895,10.4309,6745.6787,10.4022,6779.4171,10.3782,6813.508,10.3537,6846.3752,10.3224,6883.71,10.2924,6928.4011,10.2644,6979.1347,10.2443,7030.859,10.2298,7069.6803,10.2181,7082.0768,10.2029,7078.7866,10.1655,7084.2261,10.1319,7103.3605,10.105,7121.8028,10.0851,7136.5477,10.0678,7165.8536,10.0437,7211.7646,10.025,7250.7312,10.0158,7277.8305,10.0016,7303.5627,9.9886,7321.2511,9.9775,7326.5882,9.9575,7331.9907,9.9354,7344.5431,9.9173,7361.4663,9.9003,7376.8057,9.8864,7386.5808,9.8746,7403.01,9.86,7441.2211,9.8482,7487.3625,9.843,7513.686,9.8384,7517.87,9.8276,7520.0452,9.8029,7527.3372,9.7847,7536.7955,9.7636,7584.6045,9.729,7719.1396,9.7039,7888.1419,9.7143,7956.5017,9.7366,7884.0057,9.7539,7777.1177,9.7522,7734.6734,9.7235,7747.6406,9.6964,7769.5717,9.675,7798.0211,9.6451,7847.3228,9.6097,7891.2359,9.5754,7894.6536,9.5316,7904.3432,9.4815,8053.8908,9.4523,8420.1278,9.4523,8882.4909,9.4523,9180.2345,9.4523,9153.1755,9.4523
90,1388.3751,9.2443,1388.3751,9.2443,5075.697,9.2443,5287.1079,9.2443,5520.8212,9.2511,5718.368,9.2731,5861.2467,9.3033,5948.6505,9.3366,5989.5333,9.3702,6006.058,9.4092,5999.9214,9.4533,5957.2636,9.4927,5905.0198,9.5172,5903.2479,9.5294,5979.7055,9.5406,6117.3698,9.5584,6283.2127,9.582,6437.7864,9.6136,6547.788,9.6517,6610.15,9.69,6643.8077,9.7293,6649.6066,9.7735,6599.0323,9.8167,6485.1343,9.8466,6378.551,9.8616,6394.8492,9.8653,6597.6576,9.8785,6948.6679,9.9217,7320.5179,9.9923,7550.9294,10.0777,7537.7143,10.1618,7307.0116,10.2325,6986.0781,10.2872,6710.2969,10.3145,6553.3404,10.315,6523.0699,10.2997,6582.9791,10.281,6674.5733,10.2733,6743.6647,10.2728,6743.9588,10.2705,6643.5641,10.259,6473.6173,10.2958,6334.3117,10.3052,6310.878,10.297,6406.6391,10.2902,6558.3771,10.2955,6686.2676,10.3118,6732.5397,10.3307,6690.3428,10.3431,6617.2798,10.3446,6587.8969,10.3258,6613.4839,10.302,6648.8715,10.2867,6671.9832,10.2635,6698.1454,10.2345,6733.5928,10.2106,6768.7888,10.1873,6801.8139,10.1579,6839.6789,10.128,6886.4952,10.0993,6940.036,10.0788,6994.1501,10.0638,7035.0285,10.0516,7049.3677,10.0362,7047.628,9.9979,7053.9265,9.9633,7073.6145,9.9357,7092.9025,9.9154,7108.7851,9.8977,7139.4683,9.8723,7187.0327,9.8525,7227.534,9.843,7255.6489,9.8282,7281.9194,9.8147,7300.0959,9.8036,7306.2209,9.7831,7312.3394,9.7603,7324.9872,9.7417,7341.7008,9.7242,7357.6119,9.71,7368.995,9.6981,7385.606,9.6831,7420.6092,9.6705,7463.8706,9.6644,7491.7591,9.6592,7499.3981,9.6478,7503.2727,9.6226,7511.5721,9.6042,7523.1705,9.5827,7572.2531,9.5456,7704.0025,9.5172,7867.5344,9.5264,7932.3877,9.5486,7861.0612,9.5653,7758.405,9.5622,7718.0506,9.531,7728.3488,9.5029,7745.3326,9.4814,7768.3685,9.45,7812.3795,9.4114,7854.2588,9.3747,7859.4811,9.3308,7864.3632,9.2804,7989.4109,9.2443,8314.6695,9.2443,8737.9643,9.2443,9014.7245,9.2443,8989.7889,9.2443
91,1210.8498,9.0885,1210.8498,9.0885,5003.453,9.0885,5208.611,9.0885,5446.7545,9.0885,5652.6633,9.107,5798.6762,9.1346,5882.6438,9.1657,5916.5797,9.1977,5924.3692,9.2353,5906.9254,9.2778,5850.32,9.3157,5784.9112,9.3392,5775.5087,9.3511,5851.5488,9.3625,5993.7947,9.3803,6165.7208,9.4039,6324.7317,9.4354,6435.5441,9.4733,6495.6768,9.5115,6525.7966,9.551,6525.9607,9.5957,6465.3464,9.6394,6338.395,9.6701,6222.4089,9.6873,6240.9744,9.6951,6461.5942,9.7124,6841.7253,9.7581,7242.1424,9.8293,7487.2132,9.9142,7467.8437,9.9976,7212.84,10.0681,6857.4879,10.1232,6545.1325,10.1527,6357.9017,10.1554,6312.6983,10.1411,6374.6688,10.1224,6476.4857,10.1151,6556.9819,10.115,6574.2296,10.1139,6497.7329,10.1067,6344.5322,10.1378,6206.0023,10.1448,6178.8823,10.1344,6278.6561,10.1254,6440.6333,10.1285,6577.5844,10.1425,6627.3932,10.1593,6584.3181,10.1699,6509.4491,10.1703,6479.1032,10.151,6504.4066,10.1271,6540.1637,10.1113,6564.2627,10.0874,6590.1641,10.0607,6622.6367,10.0395,6653.7388,10.0171,6683.3689,9.9887,6718.6794,9.9588,6763.5701,9.9298,6815.7784,9.9095,6869.1918,9.8942,6909.4575,9.8817,6922.3517,9.866,6918.6133,9.8279,6923.599,9.7938,6943.0932,9.7663,6962.2845,9.746,6976.9357,9.7285,7005.5223,9.7022,7051.1158,9.6822,7089.8439,9.6725,7116.3568,9.6575,7141.4058,9.6442,7158.1951,9.633,7162.3702,9.6127,7166.6312,9.5902,7178.11,9.5719,7193.9966,9.5545,7208.5371,9.5405,7217.9454,9.5286,7233.6156,9.5139,7269.53,9.5017,7312.9406,9.4958,7337.7734,9.4905,7340.9917,9.4792,7341.7534,9.4546,7347.2737,9.4368,7355.3265,9.4158,7404.7782,9.3779,7545.9587,9.3504,7722.3111,9.3603,7790.0839,9.3824,7705.5421,9.3994,7581.3003,9.3978,7525.138,9.3689,7530.8581,9.3419,7547.3305,9.3211,7566.1524,9.2896,7602.1605,9.2501,7635.915,9.2132,7636.2345,9.1702,7642.9009,9.1218,7775.7913,9.0885,8106.8889,9.0885,8528.7127,9.0885,8801.738,9.0885,8776.9946,9.0885
92,1091.9958,8.9987,1091.9958,8.9987,4916.5617,8.9987,5150.1953,8.9987,5407.7132,8.9987,5618.4687,9.0051,5758.8822,9.0268,5833.7713,9.0537,5859.6855,9.082,5861.4316,9.1158,5839.9124,9.1542,5781.3937,9.1879,5714.7435,9.2071,5701.0113,9.2148,5766.4414,9.2227,5892.0099,9.2377,6044.3373,9.2592,6184.6448,9.2889,6280.6813,9.3253,6331.3947,9.3622,6357.0842,9.4006,6357.3069,9.4443,6302.0338,9.4873,6185.0194,9.5176,6077.2773,9.5343,6092.5778,9.5404,6292.7723,9.5561,6639.0615,9.6012,7004.2825,9.6727,7227.4301,9.7585,7208.8429,9.8427,6975.9513,9.9138,6653.3586,9.9696,6371.9577,9.9985,6204.6462,10.0002,6163.6333,9.9861,6217.1225,9.9681,6308.1309,9.9606,6383.6739,9.9607,6400.5448,9.9601,6324.5481,9.9528,6175.0803,9.9838,6043.9543,9.9882,6020.4743,9.975,6115.1065,9.9636,6266.5259,9.965,6394.4244,9.9781,6442.3877,9.9944,6405.6734,10.0047,6340.0274,10.0048,6314.2237,9.9847,6337.0901,9.9606,6367.9619,9.9449,6388.7312,9.9211,6411.3949,9.8967,6439.0013,9.8781,6465.1468,9.8569,6490.621,9.83,6521.7952,9.8003,6561.9718,9.7712,6608.3996,9.7511,6655.4482,9.736,6691.0675,9.7238,6702.8113,9.7087,6699.9216,9.6719,6704.6176,9.6388,6721.9655,9.612,6738.665,9.5926,6750.6727,9.5758,6775.0551,9.5495,6814.8408,9.5297,6847.8982,9.5203,6869.7346,9.5058,6890.9129,9.4929,6905.3156,9.4824,6908.8868,9.463,6912.6495,9.4415,6922.256,9.4239,6935.6003,9.4073,6948.084,9.3941,6955.8017,9.3828,6970.8383,9.3684,7007.3476,9.357,7047.5676,9.3528,7062.8192,9.3492,7057.4113,9.339,7056.0368,9.3156,7061.7325,9.2989,7067.5613,9.2789,7113.3294,9.2412,7251.9441,9.2147,7426.8935,9.228,7492.7506,9.2555,7403.2404,9.2784,7269.9148,9.2818,7204.2327,9.2546,7202.8924,9.2281,7212.2167,9.2089,7221.0835,9.1791,7245.2932,9.1411,7267.7051,9.1067,7259.975,9.0673,7270.2152,9.0198,7426.6271,8.9987,7793.2224,8.9987,8243.9969,8.9987,8530.2545,8.9987,8504.0178,8.9987
93,1032.7961,8.9817,1032.7961,8.9817,4894.5497,8.9817,5171.322,8.9817,5467.9016,8.9817,5703.635,8.9817,5852.3221,8.9912,5922.8626,9.0111,5939.3738,9.0336,5931.7936,9.061,5902.7208,9.0923,5838.403,9.1189,5766.0534,9.1316,5743.8178,9.1331,5795.7716,9.1361,5903.0764,9.1461,6034.7445,9.1636,6155.1525,9.1898,6234.4172,9.2227,6272.3889,9.2564,6289.2973,9.2922,6284.8669,9.3331,6229.7878,9.3731,6116.8209,9.401,6011.6907,9.4154,6020.5004,9.42,6200.7629,9.4346,6516.5113,9.4779,6849.9478,9.5469,7051.7936,9.6296,7030.3942,9.7111,6812.574,9.7802,6514.1065,9.8341,6254.695,9.8627,6099.6036,9.8648,6058.9301,9.8515,6103.6682,9.834,6182.9075,9.8264,6249.0815,9.8254,6259.6553,9.8244,6179.131,9.819,6028.2097,9.846,5898.2947,9.8495,5873.331,9.8351,5960.1013,9.8229,6099.5994,9.8236,6216.6977,9.836,6258.7493,9.8517,6220.5906,9.8619,6154.3439,9.8622,6126.2375,9.8424,6145.2611,9.8191,6171.7799,9.8035,6188.0934,9.7802,6205.9644,9.7569,6228.22,9.7391,6248.2383,9.7193,6266.5836,9.6943,6289.736,9.6654,6320.9541,9.6374,6357.6256,9.6181,6395.362,9.6036,6423.8412,9.5922,6431.4708,9.5777,6426.4955,9.5429,6429.1698,9.5119,6443.7556,9.4867,6457.1064,9.4684,6464.4644,9.4526,6481.8045,9.427,6512.8256,9.4083,6537.4976,9.3994,6552.5449,9.3858,6568.5179,9.3738,6579.1176,9.3639,6579.8761,9.346,6581.1507,9.3262,6588.3434,9.31,6598.6012,9.2946,6606.4849,9.2824,6612.144,9.2715,6633.4703,9.2588,6678.0435,9.2513,6712.4624,9.2513,6707.3514,9.2503,6684.0894,9.2417,6676.6476,9.2203,6679.4848,9.2051,6677.1053,9.1867,6715.2983,9.1511,6857.1865,9.1295,7042.1563,9.148,7109.9225,9.1803,7004.6695,9.2092,6843.8418,9.2192,6757.7439,9.1979,6751.5479,9.1737,6759.8995,9.1563,6761.3165,9.1295,6772.9968,9.0955,6780.0782,9.0657,6757.3932,9.0301,6772.5955,8.9851,6975.9535,8.9817,7417.3516,8.9817,7931.317,8.9817,8247.3471,8.9817,8217.8091,8.9817
94,1022.9131,9.0299,1022.9131,9.0299,5047.3668,9.0299,5316.1085,9.0299,5628.1669,9.0299,5898.1974,9.0299,6081.3759,9.0299,6171.8386,9.0388,6190.9597,9.0541,6174.0838,9.074,6128.8733,9.097,6044.3678,9.1155,5951.7134,9.1198,5914.3464,9.1133,5959.2687,9.1092,6066.2523,9.1128,6200.2986,9.1251,6321.5138,9.1467,6397.1998,9.1753,6427.0429,9.205,6432.6567,9.2369,6413.7065,9.274,6339.472,9.3099,6204.423,9.3345,6081.6854,9.345,6086.7168,9.344,6281.452,9.3534,6624.8544,9.3925,6985.5635,9.4583,7199.0184,9.5387,7165.4561,9.6179,6915.2523,9.6849,6576.5514,9.737,6282.6831,9.7628,6104.7841,9.763,6048.5776,9.7492,6078.8902,9.7323,6143.336,9.7247,6196.6213,9.7228,6200.7046,9.7211,6119.6872,9.7134,5964.8495,9.7411,5822.4494,9.7426,5783.2686,9.7268,5862.0169,9.7137,6000.2605,9.7142,6116.6088,9.7268,6150.2363,9.743,6093.2922,9.7541,6003.4022,9.755,5955.074,9.7356,5960.9126,9.7127,5979.3215,9.6976,5989.5311,9.6751,6001.4175,9.6532,6016.8975,9.6367,6029.1154,9.6182,6038.7755,9.595,6052.6499,9.5672,6074.0956,9.5406,6100.6282,9.5223,6128.6225,9.5085,6149.1007,9.4979,6151.49,9.4846,6143.4067,9.4523,6143.3149,9.4232,6154.6022,9.3996,6164.254,9.3827,6166.8921,9.3681,6177.3632,9.3436,6199.9768,9.3263,6216.7254,9.318,6225.221,9.3054,6235.8315,9.2944,6242.4211,9.2855,6240.4491,9.2691,6239.5292,9.2509,6243.9615,9.2361,6250.1239,9.2221,6256.7029,9.2106,6272.8063,9.2009,6316.587,9.1922,6381.203,9.1918,6417.0555,9.1995,6388.9467,9.2051,6329.3032,9.2021,6293.9966,9.1842,6285.275,9.17,6278.9702,9.1531,6324.3245,9.1199,6496.1718,9.1017,6719.9504,9.1256,6800.5161,9.166,6664.3624,9.2038,6448.0135,9.223,6318.3102,9.2057,6294.4684,9.1827,6296.5578,9.1677,6288.4787,9.1444,6282.1416,9.1152,6266.2483,9.0895,6241.5635,9.0568,6310.0804,9.0299,6617.5428,9.0299,7166.8971,9.0299,7754.115,9.0299,8101.859,9.0299,8068.7737,9.0299
95,1046.9682,9.1308,1046.9682,9.1308,5083.1865,9.1308,5404.4348,9.1308,5760.4268,9.1308,6064.2071,9.1308,6275.6664,9.1308,6386.5157,9.1308,6415.0385,9.1357,6400.0635,9.1468,6356.2681,9.1606,6276.1738,9.1703,6186.2355,9.1666,6141.0462,9.1524,6165.2127,9.1415,6243.9629,9.138,6348.1602,9.1444,6441.7901,9.1606,6494.8687,9.184,6507.8151,9.209,6501.9002,9.2364,6477.5795,9.2686,6405.4675,9.2994,6277.9027,9.3193,6159.5219,9.3245,6154.2544,9.3178,6317.6062,9.3223,6613.3195,9.3562,6925.3141,9.4174,7107.477,9.4931,7071.6153,9.5683,6846.4739,9.6318,6547.8997,9.6801,6294.5996,9.7033,6145.6696,9.7022,6099.0347,9.6879,6120.2042,9.6709,6166.2274,9.6631,6200.1142,9.6599,6183.6888,9.6568,6081.8876,9.6491,5915.1333,9.6737,5771.6042,9.675,5729.0751,9.659,5792.812,9.6461,5908.9531,9.6465,6005.8885,9.6591,6028.7675,9.6752,5968.8205,9.6865,5878.3313,9.6879,5827.714,9.6691,5828.9893,9.647,5841.7736,9.6319,5846.3152,9.6101,5852.5098,9.5893,5861.9823,9.5736,5867.8446,9.5561,5870.6276,9.5341,5876.6951,9.5073,5889.0649,9.4817,5905.5553,9.4642,5923.946,9.451,5937.2152,9.4411,5935.7509,9.4284,5925.964,9.3979,5924.1383,9.3707,5932.7661,9.3485,5939.1576,9.3326,5937.5638,9.3188,5941.7152,9.2955,5956.3411,9.2794,5965.5121,9.2714,5968.0023,9.2598,5974.0282,9.2497,5977.4855,9.2413,5973.6758,9.2262,5970.5567,9.2095,5971.9177,9.1957,5979.7836,9.1824,5998.2484,9.1732,6029.2161,9.1693,6078.2962,9.1696,6136.5323,9.1781,6158.1901,9.1929,6107.6454,9.2043,6021.0217,9.2061,5966.1214,9.1918,5948.3187,9.1782,5938.4845,9.1621,5987.3527,9.1337,6167.2305,9.1308,6393.9582,9.1567,6473.8768,9.2025,6338.6351,9.2472,6115.4522,9.2759,5965.5492,9.271,5923.3531,9.2524,5919.5261,9.2378,5907.6236,9.2172,5886.3522,9.1925,5847.103,9.17,5819.4343,9.1366,5934.7517,9.1308,6325.4327,9.1308,6956.7545,9.1308,7604.072,9.1308,7982.3285,9.1308,7946.2424,9.1308
96,1075.7492,9.263,1075.7492,9.263,5214.8997,9.263,5544.8676,9.263,5912.8474,9.263,6230.0339,9.263,6455.0339,9.263,6577.2923,9.263,6611.3518,9.2632,6594.7943,9.2711,6544.4194,9.282,6455.136,9.2892,6357.6673,9.2834,6315.6595,9.2685,6362.3271,9.263,6481.4717,9.263,6629.247,9.263,6751.6079,9.263,6812.1301,9.2769,6817.67,9.2948,6798.2082,9.3154,6758.8996,9.3408,6672.119,9.3643,6531.4423,9.3778,6401.6301,9.3749,6385.1061,9.3575,6537.4118,9.3526,6823.7956,9.3783,7127.4163,9.4333,7299.8674,9.5041,7252.258,9.5751,7014.9205,9.6348,6707.435,9.6788,6452.3632,9.6973,6305.2196,9.693,6251.7344,9.6771,6251.8767,9.6592,6271.0417,9.6505,6280.9976,9.6453,6244.7124,9.6404,6126.1104,9.6303,5945.3023,9.6544,5788.4905,9.6544,5730.6623,9.6378,5777.5069,9.625,5877.6222,9.6258,5959.3123,9.6391,5965.0717,9.656,5883.8359,9.6686,5768.9718,9.6712,5695.7566,9.6533,5679.6632,9.6325,5679.1502,9.6179,5672.0257,9.5975,5666.8224,9.5781,5664.2381,9.5634,5656.8065,9.547,5644.7585,9.5268,5633.8586,9.5019,5626.6042,9.4784,5621.4999,9.4625,5618.8889,9.4506,5615.5348,9.4421,5603.8757,9.4309,5588.1797,9.4042,5580.7702,9.3799,5582.3791,9.3601,5579.8395,9.3465,5566.2308,9.3344,5559.0376,9.3129,5572.0805,9.3003,5588.1766,9.2972,5588.8481,9.2952,5569.5307,9.2964,5529.9484,9.2958,5488.5459,9.2841,5478.4641,9.2669,5519.8219,9.263,5608.2565,9.263,5716.0212,9.263,5815.6583,9.263,5905.5922,9.263,5981.7473,9.2712,6004.2639,9.2916,5941.4902,9.309,5831.0506,9.3175,5744.2067,9.3098,5700.3771,9.2967,5697.3272,9.2795,5801.6858,9.263,6061.3518,9.263,6349.254,9.2736,6455.8599,9.3185,6323.9276,9.3645,6093.8163,9.3954,5934.6602,9.392,5885.1958,9.3736,5875.9409,9.359,5856.8656,9.3391,5824.2527,9.3159,5774.7623,9.2944,5751.0319,9.263,5892.0517,9.263,6322.8991,9.263,6995.1593,9.263,7673.8978,9.263,8067.9472,9.263,8030.2438,9.263
97,1086.2853,9.4018,1086.2853,9.4018,5431.3704,9.4018,5733.4703,9.4018,6090.1446,9.4018,6408.737,9.4018,6637.2699,9.4018,6761.4836,9.4018,6795.681,9.4018,6776.5696,9.4093,6719.5065,9.4198,6619.9295,9.4264,6514.1407,9.4202,6474.1667,9.4052,6536.8547,9.4018,6683.3973,9.4018,6866.37,9.4018,7026.6958,9.4018,7118.7901,9.405,7142.2892,9.4175,7127.6054,9.4331,7084.0899,9.4533,6989.1827,9.4717,6843.0107,9.4813,6711.0776,9.4755,6691.4823,9.4552,6846.9316,9.4462,7154.251,9.4667,7487.9428,9.5171,7676.0754,9.5842,7614.6753,9.6518,7336.9166,9.7082,6979.5448,9.7489,6684.8544,9.7631,6515.2396,9.7558,6447.2477,9.7386,6428.9103,9.7199,6422.3405,9.7106,6406.406,9.7032,6355.259,9.6964,6232.3731,9.6834,6042.709,9.7076,5865.0568,9.7058,5785.7009,9.6893,5822.1197,9.6772,5920.4392,9.6792,5997.5041,9.6939,5985.876,9.7122,5871.8518,9.7265,5716.4304,9.7306,5608.7206,9.714,5571.19,9.6944,5557.891,9.6804,5540.3647,9.6615,5524.9243,9.6429,5511.5635,9.6287,5492.2217,9.6131,5467.1118,9.5941,5441.6479,9.5711,5418.9224,9.5494,5400.6448,9.5349,5387.2482,9.5248,5371.2415,9.5183,5346.4146,9.509,5322.3723,9.4852,5310.7052,9.463,5307.3074,9.4455,5296.0339,9.4336,5276.5693,9.422,5285.4266,9.4026,5344.881,9.4018,5417.1589,9.4018,5456.4962,9.4018,5449.2735,9.4049,5402.9609,9.4096,5356.7874,9.4033,5366.016,9.4018,5449.7715,9.4018,5583.6993,9.4018,5728.2661,9.4018,5857.4195,9.4018,5972.5278,9.4018,6068.1743,9.4063,6099.4967,9.4271,6031.9032,9.4451,5907.4685,9.4546,5805.9001,9.4475,5753.0253,9.4336,5752.4184,9.4159,5876.4334,9.4018,6170.7484,9.4018,6493.4416,9.4096,6615.2281,9.4555,6470.8639,9.502,6213.3167,9.5337,6030.8372,9.5288,5969.0523,9.5095,5954.7466,9.4952,5933.3095,9.4756,5897.5169,9.4531,5844.0589,9.4321,5823.9032,9.4018,5986.9232,9.4018,6455.9492,9.4018,7165.0185,9.4018,7865.7751,9.4018,8267.8526,9.4018,8229.1373,9.4018
98,1067.0675,9.521,1067.0675,9.521,5496.6005,9.521,5826.2987,9.521,6201.2073,9.521,6527.0451,9.521,6756.6149,9.521,6878.6553,9.521,6909.6185,9.5218,6889.398,9.53,6836.1756,9.5407,6744.9484,9.5475,6646.7445,9.5412,6607.756,9.5258,6665.9237,9.521,6808.6437,9.521,6991.0047,9.521,7151.5877,9.521,7242.7312,9.5234,7264.4071,9.5354,7248.7872,9.5504,7207.337,9.5699,7119.5303,9.5875,6985.5437,9.5964,6864.0366,9.5897,6841.5575,9.568,6977.4723,9.5571,7257.0163,9.5759,7565.5245,9.6255,7739.1594,9.6927,7677.9316,9.7604,7413.0494,9.8168,7075.1416,9.857,6799.6537,9.8697,6642.3289,9.8611,6575.498,9.8424,6550.0001,9.8226,6535.3531,9.8131,6513.3468,9.8059,6454.404,9.7996,6320.7758,9.7868,6123.5904,9.8117,5944.575,9.8097,5863.6573,9.7933,5892.3952,9.7821,5977.8395,9.7853,6041.6572,9.8014,6020.7907,9.8209,5902.1046,9.8364,5743.9767,9.8413,5633.5891,9.8252,5593.1494,9.806,5576.6259,9.7922,5555.6554,9.7739,5536.912,9.755,5520.3343,9.7406,5497.8659,9.7248,5469.9517,9.7057,5441.5905,9.6833,5415.6529,9.6621,5394.5524,9.648,5378.696,9.6384,5360.1554,9.6325,5333.7873,9.6237,5310.0085,9.6004,5299.013,9.5784,5294.7866,9.5613,5281.8374,9.5496,5265.1599,9.5377,5286.2997,9.521,5364.007,9.521,5451.91,9.521,5500.517,9.521,5498.1929,9.5239,5455.0339,9.5289,5411.1897,9.5229,5422.0001,9.521,5506.9571,9.521,5642.0394,9.521,5787.5324,9.521,5916.8236,9.521,6030.605,9.521,6124.048,9.5256,6155.0201,9.5468,6091.4932,9.5654,5975.4927,9.5751,5883.7177,9.5675,5837.3152,9.553,5836.9637,9.5349,5954.7902,9.521,6236.5909,9.521,6543.9298,9.5295,6657.1511,9.5763,6518.6427,9.6241,6278.7062,9.6559,6115.0349,9.6498,6063.6438,9.6292,6050.9194,9.6143,6029.6277,9.5949,5997.0865,9.5732,5946.8873,9.5528,5925.0837,9.521,6082.0666,9.521,6548.2663,9.521,7265.0587,9.521,7980.649,9.521,8393.1449,9.521,8353.5094,9.521
99,1021.837,9.604,1021.837,9.604,5517.591,9.604,5875.9276,9.604,6270.3351,9.604,6603.8195,9.604,6834.1161,9.604,6954.6408,9.604,6985.232,9.6067,6968.1134,9.6152,6922.5709,9.6258,6842.6258,9.6328,6753.8393,9.6272,6714.5293,9.6123,6760.4458,9.604,6883.8599,9.604,7044.9773,9.604,7186.1571,9.604,7264.0247,9.6128,7280.3106,9.6274,7265.0663,9.6444,7227.5242,9.6654,7145.2574,9.6846,7014.9876,9.6945,6894.4195,9.6886,6872.6039,9.6686,7007.1019,9.6597,7278.8974,9.68,7576.628,9.7302,7745.0523,9.7972,7689.0071,9.8649,7438.1645,9.9214,7117.4355,9.9617,6855.9416,9.9759,6707.0567,9.9684,6646.0362,9.9497,6627.2035,9.9297,6620.3853,9.9204,6605.5305,9.9139,6551.0242,9.9083,6419.7467,9.8984,6226.5193,9.9201,6054.4977,9.9186,5980.2219,9.9028,6011.368,9.892,6095.1133,9.895,6157.3185,9.9106,6139.4316,9.9291,6029.5637,9.9437,5883.4662,9.948,5784.1694,9.9319,5751.6322,9.9124,5740.1792,9.8983,5722.6992,9.8793,5706.9356,9.8596,5693.3641,9.8444,5674.2229,9.8274,5650.309,9.807,5626.7398,9.7838,5605.7946,9.7618,5588.6766,9.7471,5576.5507,9.7366,5563.6003,9.7295,5542.9198,9.7197,5521.9297,9.6948,5512.2775,9.6719,5511.3906,9.6536,5503.881,9.641,5485.8779,9.6292,5486.3115,9.6101,5525.7077,9.604,5573.7307,9.604,5592.8908,9.6052,5573.7449,9.6128,5523.3363,9.6178,5476.404,9.6105,5483.9158,9.604,5564.3618,9.604,5694.698,9.604,5835.9192,9.604,5961.4221,9.604,6072.0164,9.604,6163.8853,9.6106,6196.5094,9.6315,6138.1393,9.6495,6028.6338,9.6581,5942.7553,9.6498,5901.9236,9.6362,5905.0152,9.6189,6018.5682,9.604,6287.2167,9.604,6580.5268,9.6168,6688.3895,9.6622,6555.1236,9.7078,6324.8663,9.7374,6169.3547,9.7325,6125.205,9.7136,6121.6289,9.6986,6111.5188,9.6794,6090.2316,9.6581,6046.9167,9.6376,6022.8529,9.604,6169.6728,9.604,6625.8523,9.604,7340.4616,9.604,8061.3918,9.604,8479.2036,9.604,8439.1708,9.604
100,947.2288,9.6429,947.2288,9.6429,5651.7948,9.6429,5969.4631,9.6429,6342.2921,9.6429,6671.2115,9.6429,6902.5424,9.6429,7025.4007,9.6429,7059.0387,9.6478,7044.194,9.6571,6998.7694,9.6682,6917.4802,9.6758,6826.4013,9.671,6781.5226,9.6562,6816.5874,9.6438,6925.4821,9.6429,7073.1111,9.6429,7207.2772,9.6474,7286.1845,9.6636,7307.4911,9.682,7295.5751,9.7021,7255.2113,9.7263,7160.2081,9.7485,7007.7612,9.7605,6868.8538,9.7564,6854.1967,9.7376,7030.1299,9.7303,7364.9622,9.7529,7724.4938,9.8053,7931.1517,9.8744,7876.1998,9.9438,7592.1546,10.0019,7221.0212,10.0441,6911.8824,10.0599,6731.8149,10.0537,6661.0182,10.0349,6650.2977,10.0149,6660.2455,10.0059,6663.1482,10.0006,6627.8333,9.9965,6517.2543,9.9884,6336.3815,10.0096,6164.8873,10.0079,6092.8114,9.9924,6138.442,9.9815,6244.3158,9.9844,6325.2067,9.9995,6314.4145,10.0176,6199.75,10.0316,6044.2894,10.0353,5939.0253,10.0189,5906.2841,9.9989,5897.912,9.9845,5884.0114,9.9649,5871.6312,9.9443,5861.4844,9.9284,5845.8861,9.9105,5825.9627,9.8889,5807.4726,9.865,5792.7745,9.8423,5781.8649,9.827,5775.242,9.8159,5767.5629,9.8078,5750.5784,9.7971,5730.4782,9.7708,5721.0745,9.7466,5722.0123,9.7272,5718.037,9.7137,5702.9893,9.7016,5699.9276,9.6816,5726.3209,9.6704,5757.8473,9.6693,5764.773,9.6703,5740.2964,9.6741,5690.7734,9.6748,5643.1879,9.6631,5636.1416,9.6452,5689.0208,9.6429,5792.8012,9.6429,5916.7825,9.6429,6034.2942,9.6429,6145.3938,9.6429,6243.4613,9.6524,6280.4002,9.6736,6218.1335,9.6914,6098.7976,9.6994,6005.1694,9.6902,5963.3686,9.6764,5970.8748,9.6594,6093.5177,9.6429,6379.6939,9.6429,6695.7808,9.659,6814.3782,9.7053,6667.1607,9.7509,6408.0262,9.7805,6228.4215,9.7746,6173.8432,9.7554,6170.8605,9.7406,6167.9772,9.7216,6155.9089,9.7006,6117.516,9.68,6094.4932,9.6446,6249.7105,9.6429,6725.6232,9.6429,7457.5961,9.6429,8183.4072,9.6429,8599.6919,9.6429,8559.5773,9.6429
101,851.2991,9.6366,851.2991,9.6366,5621.9159,9.6366,5943.2501,9.6366,6316.7085,9.6366,6642.7553,9.6366,6868.809,9.6366,6985.8877,9.6368,7015.8822,9.6459,7001.0024,9.6575,6958.0682,9.6707,6880.5328,9.6799,6795.5444,9.6761,6756.6653,9.6619,6787.8607,9.6496,6878.763,9.644,7003.4993,9.6477,7120.768,9.6609,7192.0261,9.6815,7212.7463,9.7036,7203.7492,9.7272,7167.0716,9.7549,7074.334,9.7806,6921.203,9.7953,6781.1974,9.7928,6770.0885,9.7745,6953.4709,9.7681,7294.0465,9.7934,7656.3899,9.849,7866.4996,9.9214,7818.0594,9.9939,7542.85,10.0546,7180.0451,10.0995,6875.7555,10.1171,6697.3346,10.1118,6629.4221,10.0932,6627.179,10.0731,6651.5744,10.0645,6671.4739,10.0604,6651.76,10.0583,6554.9292,10.0519,6388.2421,10.0734,6230.942,10.0712,6169.4344,10.0556,6220.9513,10.0443,6330.9175,10.0466,6417.1219,10.0612,6414.8254,10.0789,6313.2165,10.0922,6173.8364,10.0951,6082.7041,10.0778,6059.1153,10.057,6056.4743,10.0423,6047.3388,10.0219,6040.0931,9.9998,6036.0703,9.9828,6027.4897,9.9638,6015.2943,9.9408,6005.4257,9.9159,6000.1137,9.8921,5998.3475,9.8759,5999.9775,9.864,5999.9061,9.855,5989.1554,9.8434,5973.0079,9.8151,5966.2487,9.7889,5969.9118,9.768,5970.0224,9.7534,5960.8452,9.7404,5959.7878,9.7196,5977.1173,9.7064,5994.1662,9.7018,5996.8032,9.6963,5987.6595,9.6925,5969.0469,9.688,5948.7003,9.6748,5937.9015,9.6583,5944.9969,9.6442,5981.012,9.6366,6044.2479,9.6366,6118.8747,9.6366,6201.9227,9.6372,6283.7685,9.6525,6314.7737,9.674,6254.9658,9.6913,6144.6754,9.6982,6063.8571,9.6873,6032.3107,9.6729,6038.9713,9.656,6146.2345,9.6366,6409.5513,9.6366,6706.9382,9.6563,6817.536,9.7044,6673.0571,9.7511,6424.1343,9.7811,6256.2491,9.7733,6208.5707,9.7528,6207.5606,9.7378,6207.6848,9.7189,6203.6186,9.6978,6175.7026,9.6769,6157.5182,9.6417,6305.4809,9.6366,6766.2852,9.6366,7485.288,9.6366,8204.2659,9.6366,8618.0931,9.6366,8578.2659,9.6366
102,745.5169,9.5853,745.5169,9.5853,5536.9597,9.5853,5849.7627,9.5853,6209.4732,9.5853,6517.7241,9.5853,6726.0311,9.5853,6831.0133,9.5949,6857.0215,9.6088,6843.5261,9.6253,6802.0681,9.6436,6721.2447,9.6574,6629.3345,9.6568,6590.2329,9.6444,6635.1204,9.6335,6746.447,9.6304,6887.6888,9.6367,7015.7838,9.6527,7095.2513,9.676,7123.2681,9.7005,7120.9564,9.7265,7090.3396,9.7568,7002.0742,9.7852,6849.961,9.8022,6709.5419,9.8024,6702.5215,9.7874,6894.6907,9.784,7243.1483,9.812,7610.6487,9.8698,7825.0616,9.9442,7780.6749,10.0184,7508.6799,10.0807,7147.4389,10.1272,6842.4025,10.1465,6662.4225,10.1424,6596.1081,10.1241,6601.2417,10.1041,6637.7574,10.0955,6671.7756,10.0924,6666.4282,10.0915,6584.2116,10.0874,6432.2668,10.1072,6287.6768,10.1046,6234.3333,10.0888,6290.0825,10.077,6403.4684,10.0783,6494.3713,10.0917,6498.916,10.1084,6407.2622,10.1206,6280.0587,10.1225,6199.6081,10.1045,6182.8922,10.083,6184.5021,10.068,6178.7381,10.0468,6174.9456,10.0234,6174.9712,10.0053,6170.8389,9.9855,6163.2258,9.9614,6158.2937,9.9354,6158.5023,9.9107,6162.6928,9.8937,6170.0694,9.8812,6174.4521,9.8717,6166.2023,9.8594,6151.2766,9.8295,6145.711,9.8019,6150.9876,9.7799,6153.3466,9.7643,6146.9545,9.7507,6145.492,9.7291,6154.8357,9.7143,6160.7015,9.7071,6159.8987,9.6968,6160.3805,9.6876,6158.5094,9.6796,6151.9185,9.6647,6147.4048,9.6482,6148.7018,9.6343,6160.0825,9.6213,6186.6837,9.613,6229.9448,9.6112,6294.7262,9.614,6368.7919,9.6256,6399.4454,9.6435,6346.5057,9.6573,6250.4299,9.6604,6187.9625,9.6455,6170.8829,9.6307,6175.2313,9.6145,6254.977,9.5896,6476.8358,9.5853,6740.9725,9.6141,6835.8458,9.6628,6688.656,9.7088,6444.1383,9.7375,6283.2879,9.7284,6241.5011,9.7075,6244.7707,9.6924,6250.3267,9.6732,6255.3364,9.6513,6238.6381,9.6296,6225.0436,9.5945,6361.5682,9.5853,6798.1138,9.5853,7492.5106,9.5853,8194.426,9.5853,8600.2925,9.5853,8561.2971,9.5853
103,649.2983,9.4984,649.2983,9.4984,5423.5305,9.4984,5724.5823,9.4984,6068.5858,9.4984,6360.1431,9.4984,6554.9552,9.5012,6653.0063,9.5174,6678.8229,9.5351,6669.1954,9.5558,6632.9604,9.5789,6557.7222,9.5973,6471.8585,9.6012,6439.246,9.5933,6490.6614,9.5866,6608.2704,9.5873,6755.6134,9.5968,6889.7633,9.6156,6975.3057,9.6416,7009.476,9.6686,7013.2819,9.697,6988.3946,9.7299,6905.2498,9.761,6757.7617,9.7805,6621.6925,9.7838,6618.9615,9.7729,6815.6045,9.7732,7168.8352,9.8044,7541.2093,9.8647,7760.1522,9.941,7719.4414,10.017,7449.7718,10.0809,7088.7136,10.1292,6780.9572,10.1505,6597.5386,10.1477,6532.8504,10.1301,6547.4693,10.1105,6597.396,10.1026,6644.2326,10.1009,6650.8394,10.1015,6580.8334,10.0999,6440.637,10.1183,6305.5808,10.1156,6258.8271,10.0997,6319.1418,10.0876,6436.5941,10.0885,6531.9425,10.1012,6541.8063,10.1172,6457.059,10.1287,6338.011,10.1301,6264.8748,10.1116,6253.2094,10.0896,6258.2658,10.0744,6255.4429,10.0527,6254.6489,10.0287,6257.9882,10.01,6257.451,9.9897,6253.6369,9.9649,6252.8689,9.9382,6257.801,9.9127,6267.1523,9.8952,6279.5201,9.8823,6287.7588,9.8724,6281.661,9.8596,6267.7755,9.8285,6263.2893,9.7999,6270.1343,9.7771,6274.2945,9.7608,6270.1945,9.7466,6272.0607,9.7243,6284.3822,9.7089,6291.2251,9.7011,6291.742,9.6897,6296.3175,9.6794,6298.4489,9.6708,6293.2542,9.6553,6289.5646,9.638,6290.7982,9.6238,6296.3058,9.61,6310.5629,9.5993,6341.544,9.5927,6399.531,9.5898,6472.5324,9.5959,6507.8454,9.6093,6466.9163,9.6196,6386.8924,9.6201,6336.2095,9.6036,6323.5272,9.5889,6324.6873,9.5723,6390.7536,9.5449,6592.8761,9.5329,6842.6678,9.5617,6933.3034,9.6066,6790.7661,9.6484,6559.3469,9.6717,6416.1034,9.6579,6387.679,9.6357,6396.6261,9.6202,6405.5735,9.5997,6418.6933,9.5757,6414.6286,9.5524,6402.1715,9.5175,6509.3965,9.4984,6892.5758,9.4984,7534.5397,9.4984,8200.317,9.4984,8589.2606,9.4984,8552.0253,9.4984
104,566.867,9.3876,566.867,9.3876,5287.4807,9.3876,5574.5497,9.3876,5900.5986,9.3876,6175.0414,9.3876,6358.5543,9.3972,6453.0183,9.4169,6481.1282,9.4378,6476.4019,9.4622,6445.4681,9.4895,6375.5186,9.5122,6295.3112,9.5204,6268.591,9.5167,6325.4448,9.5138,6447.6813,9.5183,6599.1437,9.5309,6737.3842,9.5525,6827.3583,9.5811,6866.5891,9.6106,6876.0217,9.6414,6856.8581,9.677,6779.2647,9.711,6637.2309,9.7332,6506.2793,9.7398,6507.7072,9.7331,6707.2762,9.7373,7062.5887,9.772,7436.9532,9.835,7658.5286,9.9137,7621.3882,9.9916,7355.6362,10.0574,6997.0233,10.1078,6688.2266,10.1313,6501.9871,10.1298,6438.9918,10.1131,6463.1186,10.0941,6526.3151,10.0869,6585.5455,10.0866,6603.4743,10.0888,6544.8078,10.0896,6415.5106,10.1073,6289.7793,10.1046,6250.1491,10.0887,6315.6337,10.0763,6437.399,10.0767,6537.4616,10.089,6553.4033,10.1046,6476.7813,10.1155,6367.2076,10.1163,6302.4314,10.0973,6296.4405,10.0749,6305.4357,10.0595,6306.281,10.0373,6309.2234,10.0131,6316.3189,9.9944,6319.7924,9.9738,6320.3926,9.9484,6324.485,9.9211,6334.8423,9.8949,6350.0085,9.8768,6367.893,9.8634,6380.4374,9.8531,6376.9691,9.8398,6364.5709,9.8076,6361.4429,9.7781,6370.0302,9.7544,6376.2605,9.7376,6374.7555,9.7228,6380.3486,9.6998,6397.3476,9.6836,6408.6684,9.6755,6412.8126,9.6635,6420.2683,9.6527,6424.5069,9.6437,6420.5349,9.6275,6417.948,9.6093,6421.0219,9.5945,6426.0427,9.5806,6432.4877,9.5691,6450.6833,9.5597,6499.011,9.5519,6569.3467,9.5528,6609.4552,9.5619,6581.9568,9.5687,6520.2075,9.5663,6483.2078,9.5482,6475.167,9.5334,6472.533,9.5163,6526.3674,9.486,6712.7821,9.4693,6952.448,9.4932,7043.297,9.5335,6913.123,9.5704,6704.2723,9.5874,6582.8968,9.5678,6565.1989,9.5439,6575.6879,9.528,6585.5556,9.5058,6605.5378,9.479,6613.2215,9.4538,6599.3106,9.4193,6670.8638,9.3876,6991.5014,9.3876,7572.1046,9.3876,8195.2615,9.3876,8564.1357,9.3876,8528.9869,9.3876
105,507.6592,9.2648,507.6592,9.2648,5153.5938,9.2648,5426.32,9.2648,5735.6287,9.2648,5995.4508,9.2648,6169.8761,9.2795,6261.4564,9.3018,6291.1123,9.3252,6289.7396,9.3526,6262.1327,9.3834,6195.258,9.4096,6118.5889,9.4213,6096.111,9.4213,6157.3201,9.4219,6283.4726,9.4296,6438.4469,9.4449,6580.0509,9.4689,6673.4994,9.4998,6716.7117,9.5314,6730.7322,9.5645,6716.2118,9.6025,6642.8676,9.6391,6504.8825,9.6637,6377.9918,9.6735,6383.3702,9.6713,6586.7262,9.6795,6945.7266,9.7176,7323.5978,9.7831,7548.3684,9.8637,7514.073,9.9433,7250.5155,10.0107,6892.1672,10.0629,6580.1843,10.0886,6389.4276,10.0886,6327.0453,10.073,6359.9772,10.0546,6435.7921,10.0481,6506.6932,10.049,6535.0828,10.0524,6486.5311,10.0551,6366.4918,10.0722,6248.8291,10.0698,6216.2336,10.0538,6287.4178,10.0412,6413.9131,10.0412,6519.1119,10.0528,6541.6224,10.0678,6473.4915,10.078,6373.6933,10.0783,6317.6718,10.0588,6317.8212,10.036,6331.3126,10.0203,6336.5463,9.9975,6343.821,9.9737,6354.941,9.9554,6362.7272,9.9345,6368.3538,9.9087,6378.1753,9.8806,6395.0515,9.8536,6417.282,9.8349,6441.8989,9.8211,6459.6846,9.8102,6459.3463,9.7964,6448.6519,9.7629,6447.1538,9.7325,6457.97,9.708,6466.8633,9.6904,6468.6093,9.6751,6478.8534,9.6512,6501.7698,9.634,6518.8309,9.6256,6527.6667,9.6129,6538.8221,9.6016,6545.7428,9.5922,6543.515,9.5751,6542.2764,9.556,6547.3903,9.5405,6555.2568,9.526,6560.8836,9.5142,6569.6743,9.5035,6604.3766,9.4922,6666.5875,9.4882,6709.0853,9.4926,6694.9634,9.4956,6652.4144,9.4901,6629.6853,9.4701,6627.5155,9.455,6628.3999,9.4372,6682.4153,9.405,6858.4883,9.3854,7082.5938,9.4059,7167.8381,9.442,7048.4757,9.4744,6858.6788,9.4874,6751.2527,9.4662,6738.4063,9.4419,6750.3182,9.4251,6762.4565,9.4008,6788.2877,9.371,6805.2964,9.3436,6789.6434,9.3087,6828.6468,9.2648,7088.8238,9.2648,7605.6821,9.2648,8182.2309,9.2648,8528.9165,9.2648,8496.0984,9.2648
106,467.746,9.1327,467.746,9.1327,5021.3452,9.1327,5279.792,9.1327,5573.7494,9.1327,5821.7693,9.134,5989.9004,9.1526,6079.9763,9.1768,6111.2162,9.2021,6112.5475,9.232,6087.2102,9.2656,6022.0784,9.2947,5947.6421,9.3093,5928.473,9.3123,5993.5888,9.3159,6123.5316,9.3263,6281.9639,9.3439,6426.7317,9.3699,6523.1952,9.4026,6569.7519,9.4359,6587.6844,9.4709,6577.0256,9.5108,6506.8852,9.5496,6371.7554,9.5762,6248.016,9.5888,6257.1898,9.5907,6465.1256,9.6028,6829.2447,9.644,7211.9281,9.7115,7440.2966,9.7932,7408.0705,9.8739,7145.0844,9.9424,6785.127,9.9959,6468.3508,10.0236,6271.9214,10.0251,6209.0918,10.0107,6249.3649,9.993,6336.0212,9.9869,6416.9471,9.9884,6454.3593,9.9925,6414.3938,9.9966,6301.7373,10.0129,6190.185,10.0107,6163.387,9.9949,6240.0829,9.9821,6371.4425,9.9817,6481.4772,9.9926,6509.8551,10.0068,6449.4175,10.0161,6358.6098,10.0158,6310.7046,9.9958,6316.6588,9.9725,6334.3085,9.9566,6343.1877,9.9333,6354.1206,9.9093,6369.1993,9.8908,6381.2438,9.8699,6391.2748,9.8438,6406.0256,9.8149,6428.7992,9.7869,6457.553,9.7676,6488.4005,9.7532,6510.9907,9.7418,6513.3621,9.7275,6503.973,9.6929,6503.8033,9.6617,6516.6546,9.6365,6527.9674,9.6183,6532.4471,9.6024,6546.5234,9.5775,6574.4121,9.5595,6596.2982,9.5506,6609.0524,9.5373,6623.3125,9.5255,6632.3862,9.5157,6631.4395,9.4978,6631.2477,9.478,6637.683,9.4619,6647.5379,9.4467,6655.0116,9.4345,6661.6389,9.4236,6687.6462,9.411,6739.6873,9.4039,6779.2119,9.4047,6773.1991,9.4044,6745.2075,9.3962,6733.7544,9.3747,6735.6217,9.3594,6737.4385,9.341,6790.0065,9.307,6958.4965,9.2858,7172.0617,9.3039,7253.2909,9.3362,7140.9845,9.3647,6964.1882,9.3742,6866.7634,9.3521,6858.208,9.3277,6872.2109,9.31,6886.3608,9.2838,6914.8429,9.2511,6936.7482,9.221,6924.8368,9.1844,6952.2916,9.1376,7173.6641,9.1327,7634.8193,9.1327,8163.6654,9.1327,8486.6919,9.1327,8456.3915,9.1327
107,441.2481,8.9967,441.2481,8.9967,4765.2177,8.9967,5056.0694,8.9967,5355.6558,8.9967,5586.9778,9.0011,5735.8913,9.0212,5816.4712,9.0466,5848.8775,9.0733,5858.0223,9.1049,5844.9095,9.1406,5795.9473,9.1716,5737.9316,9.1885,5727.9527,9.1939,5789.6718,9.1999,5904.8761,9.2124,6043.4568,9.2318,6170.4192,9.2593,6256.2285,9.2933,6300.6128,9.328,6323.4061,9.3644,6324.3772,9.4058,6274.5036,9.4461,6166.0311,9.4743,6063.4006,9.4891,6071.6932,9.4948,6248.2489,9.5104,6558.0217,9.554,6885.2128,9.6229,7082.7181,9.7053,7059.8962,9.7865,6842.9277,9.8556,6545.5573,9.9098,6284.5977,9.9393,6124.5474,9.9422,6079.8721,9.929,6126.2738,9.912,6212.1858,9.9061,6290.7211,9.908,6327.8875,9.9123,6292.4885,9.9174,6192.7338,9.9326,6099.6519,9.9308,6085.0162,9.9149,6159.2931,9.902,6278.4661,9.9011,6379.3026,9.9112,6411.8064,9.9245,6369.9188,9.9328,6303.5138,9.9318,6274.7678,9.9113,6290.5229,9.8877,6312.3774,9.8715,6324.1885,9.8476,6338.0112,9.8235,6356.2194,9.8049,6371.8784,9.7841,6385.709,9.758,6404.2379,9.7284,6430.7268,9.6998,6462.9049,9.68,6496.8286,9.6652,6522.319,9.6535,6527.5537,9.6387,6520.7666,9.6032,6522.4883,9.5715,6536.7043,9.5457,6549.5345,9.5269,6556.0412,9.5107,6572.6979,9.4848,6603.4936,9.466,6628.1948,9.4568,6643.4637,9.443,6659.8764,9.4308,6670.7654,9.4206,6671.4916,9.4021,6672.8651,9.3818,6680.563,9.3653,6691.6222,9.3495,6700.3463,9.3369,6705.5564,9.3259,6723.9785,9.3128,6766.0847,9.3042,6803.6059,9.3026,6806.9551,9.3006,6791.4479,9.2914,6787.5117,9.2695,6792.1518,9.2537,6792.8251,9.2348,6833.4212,9.1992,6973.6595,9.1768,7155.4385,9.1931,7225.9049,9.2222,7133.1394,9.2473,6990.0142,9.2541,6918.2417,9.2318,6920.7034,9.2074,6937.7304,9.1891,6952.7236,9.1613,6981.9717,9.1259,7007.2188,9.0934,6999.1475,9.0548,7014.3382,9.0098,7191.8918,8.9967,7591.4533,8.9967,8071.1639,8.9967,8371.8834,8.9967,8344.1195,8.9967
108,423.2362,8.8612,423.2362,8.8612,4667.74,8.8612,4935.5942,8.8612,5218.592,8.8612,5443.3996,8.8668,5592.1211,8.8878,5674.5389,8.9141,5708.8626,8.9417,5719.066,8.9745,5705.4019,9.0119,5654.6865,9.0445,5595.4934,9.0626,5586.5035,9.0691,5651.4974,9.0762,5771.3949,9.0901,5915.1619,9.1107,6046.9589,9.1394,6136.6479,9.1747,6183.9556,9.2105,6208.8461,9.248,6210.6292,9.2907,6159.9482,9.3326,6050.1468,9.3622,5947.8502,9.3785,5959.9979,9.3851,6144.5547,9.4014,6465.2002,9.4465,6802.8671,9.5172,7006.7097,9.6017,6984.1888,9.6847,6762.4047,9.7553,6457.7283,9.811,6189.4496,9.8412,6023.2272,9.8445,5974.0188,9.832,6018.715,9.8155,6106.5902,9.8094,6189.8526,9.8114,6233.0477,9.8158,6203.8338,9.8207,6109.8096,9.8366,6022.1271,9.8344,6011.7394,9.8178,6087.9994,9.8043,6208.4779,9.8028,6311.9977,9.8123,6348.2203,9.8251,6310.73,9.833,6249.4486,9.8313,6224.9542,9.8099,6242.8469,9.7856,6265.9335,9.7693,6279.3918,9.745,6295.0887,9.721,6315.0762,9.7027,6332.4445,9.6822,6347.9681,9.6564,6368.5499,9.6263,6397.6488,9.5972,6432.6115,9.5771,6469.0245,9.562,6496.4653,9.5501,6503.2546,9.5351,6497.7821,9.4991,6500.4218,9.4669,6515.3331,9.4407,6529.1188,9.4217,6537.0049,9.4052,6555.4989,9.3785,6588.4939,9.3589,6615.2953,9.3495,6632.1743,9.3353,6649.6994,9.3228,6661.5062,9.3125,6663.2446,9.2938,6665.539,9.273,6673.7773,9.2561,6685.5531,9.24,6695.8138,9.2273,6701.8095,9.2162,6718.0716,9.2025,6757.1177,9.1927,6795.3179,9.1902,6803.3185,9.1876,6792.1127,9.178,6789.8917,9.1557,6795.784,9.1397,6799.3713,9.1206,6842.6792,9.0831,6982.0414,9.0582,7160.3067,9.0736,7229.1517,9.1025,7139.4519,9.1274,7002.2962,9.1332,6934.0385,9.1089,6935.0448,9.0834,6948.6876,9.0649,6961.1712,9.036,6989.2689,8.9982,7015.9711,8.9638,7011.5531,8.9247,7024.3062,8.8795,7183.1663,8.8612,7550.8992,8.8612,8000.738,8.8612,8285.7641,8.8612,8259.617,8.8612
109,410.3099,8.735,410.3099,8.735,4595.3056,8.735,4840.611,8.735,5111.3311,8.735,5335.2231,8.7397,5487.447,8.7604,5572.7987,8.7867,5608.4407,8.8142,5618.4427,8.8472,5602.7605,8.8849,5548.4687,8.918,5485.7616,8.9366,5475.4249,8.9435,5542.2693,8.9509,5666.632,8.9655,5816.1013,8.9866,5953.4492,9.0158,6047.335,9.0517,6096.8077,9.0881,6121.8412,9.1263,6121.7539,9.1698,6067.0974,9.2125,5952.4334,9.2429,5847.4882,9.2602,5862.6348,9.2676,6057.3834,9.2846,6393.3623,9.3306,6745.9369,9.4022,6958.0047,9.4877,6933.9148,9.5715,6702.3042,9.6426,6384.0878,9.6992,6103.1386,9.7297,5927.5763,9.7335,5873.4999,9.722,5918.0775,9.7068,6008.1137,9.7015,6093.3114,9.704,6139.0772,9.7085,6113.465,9.7131,6022.2438,9.7294,5936.1978,9.7266,5927.2157,9.7095,6005.0945,9.6954,6128.2984,9.6934,6235.6404,9.7023,6274.6867,9.7149,6238.2268,9.7225,6177.6627,9.7203,6154.1463,9.6981,6172.7144,9.6734,6196.4725,9.6571,6211.0654,9.6324,6227.8781,9.6088,6248.5995,9.5911,6266.4642,9.5712,6282.391,9.546,6303.6887,9.5154,6334.0975,9.486,6370.6627,9.4656,6408.5107,9.4502,6436.916,9.4383,6444.3159,9.4233,6439.3486,9.3871,6442.3436,9.3546,6457.5851,9.3282,6471.9164,9.3092,6480.4479,9.2927,6499.6573,9.2652,6533.575,9.245,6561.3168,9.2355,6578.8562,9.221,6596.7246,9.2084,6608.7659,9.1981,6610.834,9.1793,6613.4108,9.1584,6621.6563,9.1414,6633.4608,9.1252,6644.2368,9.1124,6650.7551,9.1014,6666.6464,9.0875,6704.9799,9.0771,6743.5595,9.0743,6752.9424,9.0714,6742.6797,9.0617,6740.4578,9.0392,6746.4277,9.0234,6751.4091,9.0043,6797.6138,8.9655,6940.3787,8.9391,7121.1827,8.954,7190.4981,8.9833,7099.1632,9.0084,6959.4774,9.0142,6888.2949,8.9887,6886.0969,8.9628,6896.9942,8.9445,6907.1731,8.9151,6933.1874,8.8755,6959.3417,8.8398,6956.4671,8.801,6968.7167,8.7557,7118.7412,8.735,7469.0745,8.735,7900.6076,8.735,8175.1768,8.735,8150.0511,8.735
110,400.3574,8.6227,400.3574,8.6227,4532.5659,8.6227,4764.6181,8.6227,5031.8765,8.6227,5261.4033,8.6251,5421.0013,8.6443,5510.6558,8.6692,5547.3953,8.6958,5556.6039,8.7279,5538.6154,8.7648,5480.4406,8.7973,5412.9282,8.8161,5398.8591,8.8236,5465.3187,8.8315,5593.0019,8.846,5747.8397,8.8669,5890.5129,8.8958,5988.0211,8.9313,6038.7157,8.9676,6062.832,9.0058,6059.6964,9.049,5999.4306,9.0914,5877.7221,9.1217,5768.0816,9.1395,5785.5526,9.1486,5991.9571,9.1673,6346.2997,9.2138,6716.6812,9.2849,6938.0343,9.3688,6910.9323,9.4511,6666.0032,9.5212,6329.6308,9.5768,6031.3292,9.6078,5843.4269,9.6125,5786.6109,9.6017,5841.3692,9.5876,5947.8809,9.5842,6041.6716,9.5892,6083.1103,9.5964,6047.4642,9.6023,5946.8494,9.6178,5853.5752,9.615,5840.7959,9.5977,5918.7925,9.5836,6044.5123,9.581,6154.4472,9.589,6194.0679,9.6006,6155.9295,9.6073,6093.2198,9.6048,6068.6721,9.5822,6087.3758,9.5574,6111.5838,9.5409,6126.3754,9.516,6143.3381,9.4925,6164.3836,9.475,6182.1315,9.4558,6197.033,9.4315,6217.2903,9.4008,6247.5733,9.3713,6284.7177,9.3509,6323.2544,9.3354,6351.8524,9.3234,6358.5909,9.3082,6352.6042,9.2721,6355.1517,9.24,6370.8022,9.2137,6385.6385,9.1946,6393.9882,9.1783,6412.7284,9.1502,6446.5683,9.1298,6474.3946,9.1201,6491.9448,9.1055,6509.8523,9.0929,6521.6131,9.0826,6522.8657,9.0638,6524.6687,9.0431,6532.6884,9.0262,6544.4278,9.0101,6554.6802,8.9973,6560.8541,8.9864,6577.8756,8.9727,6618.2145,8.9627,6657.4585,8.9598,6665.3548,8.9568,6652.8389,8.947,6648.9393,8.9249,6653.4173,8.9093,6656.9649,8.8903,6704.9005,8.8517,6855.5271,8.8263,7046.405,8.8413,7119.1728,8.8696,7020.2148,8.894,6866.7712,8.9,6785.5848,8.876,6781.6106,8.8511,6794.4435,8.8331,6804.7519,8.8034,6828.6619,8.7628,6852.6191,8.7264,6849.091,8.6877,6862.4543,8.6437,7012.5041,8.6227,7357.8615,8.6227,7780.6583,8.6227,8049.0368,8.6227,8024.4507,8.6227
111,392.1705,8.5292,392.1705,8.5292,4393.5901,8.5292,4656.7239,8.5292,4938.5615,8.5292,5164.8662,8.5292,5313.9773,8.5449,5395.1873,8.568,5428.8524,8.593,5439.6027,8.6234,5427.4046,8.6587,5378.7273,8.6899,5319.9376,8.7076,5307.267,8.7141,5365.0327,8.721,5476.3763,8.7344,5612.048,8.7544,5737.626,8.7826,5823.5916,8.8173,5868.9648,8.8529,5892.7298,8.8905,5894.2729,8.9332,5845.5827,8.975,5740.9725,9.0048,5644.8944,9.0219,5659.541,9.0301,5839.8706,9.0481,6150.4928,9.0941,6476.2138,9.1648,6671.7705,9.2484,6649.8642,9.3305,6438.621,9.4002,6149.8751,9.4553,5896.2768,9.4857,5739.4859,9.4899,5699.3138,9.4788,5762.6407,9.4655,5873.6744,9.4642,5964.2611,9.473,5992.7755,9.484,5943.7265,9.4918,5841.0711,9.5077,5755.7892,9.5048,5747.8766,9.4869,5818.9767,9.4723,5930.2744,9.4692,6028.7452,9.4765,6067.2686,9.4874,6038.5643,9.4936,5989.1852,9.4906,5973.8286,9.4675,5995.1487,9.4427,6018.6901,9.4261,6032.5656,9.4011,6048.7948,9.3777,6069.2864,9.3601,6086.7212,9.3415,6101.0352,9.3182,6120.0037,9.2879,6148.3406,9.2584,6183.0545,9.238,6219.1369,9.2224,6246.3351,9.2104,6253.5135,9.1953,6248.9073,9.1594,6251.9468,9.1278,6266.7044,9.1016,6280.4973,9.0827,6288.2719,9.0664,6305.5749,9.0391,6336.6012,9.0193,6361.9929,9.0096,6378.2928,8.9949,6395.2752,8.9825,6406.4664,8.9723,6407.9283,8.9538,6410.0513,8.9334,6417.8181,8.9168,6428.8688,8.9008,6438.3991,8.8883,6444.2578,8.8774,6461.1094,8.864,6499.7882,8.8547,6535.2087,8.8527,6539.5204,8.8501,6526.2738,8.8406,6523.8593,8.819,6529.4607,8.8037,6531.2261,8.785,6571.5211,8.7464,6707.7292,8.7217,6883.5248,8.7378,6950.8394,8.7674,6858.964,8.7933,6717.3843,8.8006,6644.6593,8.7777,6643.7098,8.753,6655.4724,8.7353,6662.4223,8.7059,6682.5164,8.665,6703.6911,8.6288,6698.0564,8.5908,6707.6538,8.5481,6851.2875,8.5292,7189.7836,8.5292,7607.898,8.5292,7874.3608,8.5292,7850.0094,8.5292
112,385.1148,8.4588,385.1148,8.4588,4397.3883,8.4588,4644.3745,8.4588,4924.0192,8.4588,5161.2155,8.4588,5323.3669,8.4687,5411.9073,8.489,5446.7598,8.5117,5455.0956,8.5396,5438.2441,8.5724,5383.0434,8.6013,5316.8198,8.6169,5298.0986,8.6214,5353.5804,8.6261,5466.6814,8.6377,5606.2144,8.6561,5735.2498,8.6829,5822.5141,8.7164,5866.7322,8.7508,5887.4505,8.7872,5883.8113,8.8287,5827.0233,8.8694,5712.6964,8.8983,5609.6268,8.9144,5625.0242,8.9208,5816.0696,8.937,6144.4259,8.9818,6487.1719,9.0517,6690.4633,9.1349,6662.7393,9.2164,6434.3499,9.2855,6123.518,9.3403,5849.8231,9.3696,5680.1308,9.3729,5636.6891,9.3617,5705.7108,9.3491,5826.06,9.3495,5920.2263,9.361,5942.0893,9.3748,5881.2896,9.3834,5768.1285,9.4001,5675.4087,9.3965,5662.9357,9.3781,5732.0243,9.3629,5843.5777,9.3593,5943.1153,9.3662,5980.7547,9.3769,5948.3721,9.3829,5894.3706,9.3795,5874.9831,9.3564,5893.1212,9.3322,5914.5073,9.316,5927.1291,9.2911,5942.2984,9.2678,5961.5761,9.2505,5977.5823,9.2325,5989.8611,9.2103,6006.127,9.181,6031.8031,9.1519,6064.3661,9.1314,6098.5056,9.1159,6123.8739,9.1041,6129.799,9.0892,6124.5461,9.0541,6126.8538,9.0228,6140.3436,8.9971,6152.83,8.9785,6159.4917,8.9625,6174.7119,8.9365,6202.4706,8.9178,6225.1976,8.9081,6240.0072,8.8935,6255.6406,8.8813,6265.5408,8.8715,6266.1857,8.8535,6267.6032,8.8336,6274.4391,8.8173,6284.4471,8.8018,6293.1616,8.7896,6299.9064,8.7789,6320.7124,8.7658,6363.459,8.7577,6397.3991,8.7573,6394.4687,8.7558,6374.2267,8.7468,6368.5703,8.7255,6372.9059,8.7109,6374.6015,8.6928,6419.4703,8.6548,6567.3277,8.6307,6756.2994,8.6482,6827.6089,8.6808,6725.9621,8.7097,6567.3774,8.7197,6480.5288,8.6969,6471.9308,8.6721,6479.4287,8.6555,6482.2827,8.627,6497.8664,8.5865,6514.5614,8.5513,6506.1253,8.5153,6520.416,8.4724,6680.6871,8.4588,7040.5994,8.4588,7473.3215,8.4588,7745.1007,8.4588,7720.0429,8.4588
113,378.8952,8.415,378.8952,8.415,4405.4836,8.415,4649.3477,8.415,4934.6058,8.415,5185.1916,8.415,5361.6561,8.4188,5459.1045,8.4353,5495.9845,8.4549,5501.5804,8.4797,5479.0525,8.5088,5416.0427,8.5343,5341.3252,8.5472,5316.0618,8.5493,5369.132,8.5522,5483.821,8.5614,5626.8379,8.5778,5758.7463,8.6025,5846.5567,8.6337,5888.8301,8.6663,5905.8188,8.701,5896.4233,8.7406,5830.9319,8.779,5706.0581,8.8061,5594.962,8.8209,5610.2782,8.8275,5811.7756,8.8442,6158.0112,8.888,6517.8336,8.9554,6728.4832,9.0352,6694.1976,9.1136,6447.7391,9.1804,6113.9208,9.2329,5819.6476,9.2623,5636.9842,9.2664,5589.6709,9.2562,5662.5011,9.2449,5789.6464,9.2469,5885.6465,9.2598,5900.4103,9.2749,5827.415,9.2849,5701.1561,9.3002,5596.4176,9.297,5576.3842,9.2786,5644.2792,9.2636,5758.3732,9.2599,5859.7567,9.2663,5895.2187,9.2762,5855.9611,9.2818,5793.1226,9.2786,5766.8839,9.2561,5781.4816,9.2329,5801.0182,9.2166,5811.9526,9.192,5825.3336,9.1693,5842.6958,9.1523,5856.4536,9.1346,5865.8823,9.1131,5878.7075,9.0848,5901.0449,9.056,5931.0595,9.0358,5963.2211,9.0206,5986.4549,9.009,5989.8171,8.9942,5982.1444,8.9599,5982.9412,8.9299,5995.6581,8.9049,6007.1889,8.8866,6012.0864,8.8709,6024.5844,8.8461,6049.1192,8.8284,6069.1152,8.8187,6082.1999,8.8045,6096.6547,8.7927,6105.0708,8.783,6103.6729,8.7656,6103.2575,8.7465,6109.0798,8.731,6117.7342,8.7159,6123.7408,8.7042,6130.2589,8.6937,6158.2801,8.6818,6211.5171,8.6756,6248.6883,8.6769,6237.6612,8.677,6204.2884,8.6695,6189.0947,8.65,6188.4042,8.6358,6186.1916,8.6182,6233.4418,8.582,6397.7616,8.5617,6608.8813,8.5812,6687.6393,8.6136,6568.1042,8.643,6377.3157,8.6546,6267.577,8.6363,6255.6605,8.6139,6267.9531,8.5978,6271.721,8.5705,6283.4535,8.5316,6293.5215,8.498,6279.2749,8.4629,6299.5606,8.4227,6484.9025,8.415,6877.5192,8.415,7333.38,8.415,7614.3775,8.415,7588.19,8.415
114,373.4019,8.4002,373.4019,8.4002,4351.2209,8.4002,4627.0891,8.4002,4935.0589,8.4002,5196.8797,8.4002,5376.2065,8.4002,5471.1873,8.4108,5504.2938,8.4269,5507.8832,8.448,5486.66,8.4735,5428.2447,8.4953,5358.0081,8.5042,5331.5209,8.5021,5374.3873,8.5012,5471.1481,8.5072,5592.7595,8.521,5704.6549,8.5437,5777.3871,8.5731,5810.384,8.6039,5823.0541,8.6369,5814.5899,8.6748,5756.9115,8.7118,5645.1484,8.7375,5543.7809,8.7501,5553.2003,8.7527,5726.5168,8.7657,6027.6732,8.8072,6341.7408,8.8741,6524.9701,8.9541,6492.8866,9.0329,6275.6574,9.0997,5984.4059,9.152,5730.1585,9.1796,5574.0162,9.1818,5535.2347,9.1705,5600.4925,9.1589,5712.0872,9.1609,5794.2763,9.1743,5801.5354,9.19,5728.0009,9.1995,5609.0066,9.2155,5515.1905,9.2113,5498.8119,9.192,5557.3741,9.1764,5655.2048,9.1724,5743.3609,9.179,5774.3655,9.1893,5738.8269,9.1954,5682.2883,9.1922,5658.9952,9.1697,5671.9514,9.1468,5688.2306,9.1308,5696.5337,9.1067,5707.5393,9.0842,5722.3213,9.0676,5733.8783,9.0505,5741.4442,9.0298,5751.6652,9.0024,5770.006,8.974,5794.8019,8.9542,5821.3746,8.9393,5840.6782,8.9282,5843.4114,8.914,5836.9964,8.8809,5837.8426,8.8516,5848.5821,8.8273,5857.9253,8.8097,5861.2601,8.7946,5871.1967,8.7706,5891.5229,8.7537,5907.4336,8.7443,5917.3772,8.7305,5929.1736,8.7192,5936.1189,8.71,5934.902,8.6934,5934.9759,8.675,5940.2048,8.66,5947.395,8.6456,5953.6481,8.6341,5964.3904,8.624,5997.5121,8.614,6051.5728,8.6114,6084.7343,8.6167,6066.4406,8.6201,6024.2592,8.6152,6002.8557,8.5971,6000.5642,8.5832,5996.6431,8.5661,6036.1641,8.5315,6186.6004,8.5124,6384.0533,8.5345,6457.6082,8.572,6343.5639,8.6069,6162.8093,8.6229,6059.7161,8.6047,6047.1535,8.5815,6052.9993,8.5664,6048.7738,8.5407,6053.5685,8.5039,6057.5205,8.4729,6036.9186,8.4405,6055.565,8.4002,6254.539,8.4002,6675.5507,8.4002,7159.3134,8.4002,7454.8187,8.4002,7427.1043,8.4002
115,368.4475,8.4146,368.4475,8.4146,4408.7218,8.4146,4677.7649,8.4146,4990.1084,8.4146,5266.9302,8.4146,5464.8503,8.4146,5574.1859,8.4175,5613.2559,8.4296,5615.6289,8.4466,5588.8323,8.4677,5522.302,8.4853,5443.356,8.49,5410.0239,8.4835,5449.4,8.4789,5545.6166,8.4815,5667.9507,8.4925,5779.9519,8.5126,5850.9047,8.5398,5880.1365,8.5683,5887.6229,8.5991,5872.4804,8.6349,5806.0168,8.6696,5684.1929,8.6934,5574.7976,8.7038,5582.3158,8.7033,5761.7354,8.7134,6074.6352,8.7526,6399.948,8.8176,6587.18,8.8963,6548.5078,8.9736,6315.8421,9.0391,6005.423,9.0904,5733.764,9.1162,5565.4696,9.117,5520.2419,9.1048,5582.9803,9.0928,5693.4045,9.0945,5773.3003,9.1075,5776.2171,9.1228,5697.0095,9.1316,5571.6199,9.1473,5471.096,9.1423,5448.51,9.1224,5502.2162,9.1066,5596.9048,9.1024,5682.4868,9.1088,5709.2341,9.119,5666.8489,9.1251,5602.3169,9.1221,5572.0829,9.0996,5580.1152,9.0771,5592.9693,9.0614,5598.5388,9.0377,5607.0399,9.0155,5619.2588,8.9993,5628.0216,8.9827,5632.3869,8.9627,5638.8107,8.9362,5652.9456,8.9084,5673.5289,8.889,5696.0767,8.8745,5711.9327,8.8637,5712.3513,8.85,5704.5789,8.8179,5704.1989,8.7895,5713.387,8.7659,5721.0388,8.7489,5722.5037,8.7343,5729.758,8.7112,5746.5856,8.695,5759.1308,8.6859,5766.3033,8.6726,5775.7646,8.6616,5780.9497,8.6529,5778.7102,8.637,5777.901,8.6194,5781.5388,8.605,5788.071,8.5908,5798.7948,8.5799,5819.6522,8.572,5863.0064,8.5658,5921.9713,8.5674,5952.1928,8.5765,5922.189,8.583,5863.5533,8.5806,5829.5583,8.5639,5821.5454,8.5503,5815.4318,8.5338,5858.7936,8.5015,6024.9579,8.4849,6243.2277,8.5097,6326.3813,8.5512,6202.5649,8.5907,5998.1924,8.6129,5871.0176,8.5991,5844.4518,8.5773,5845.4683,8.5629,5837.664,8.5387,5834.0868,8.5044,5826.9885,8.4753,5808.4003,8.4438,5857.9576,8.4146,6107.9338,8.4146,6574.9812,8.4146,7086.8096,8.4146,7393.9431,8.4146,7364.9344,8.4146
116,363.9162,8.4573,363.9162,8.4573,4469.172,8.4573,4739.0727,8.4573,5059.9066,8.4573,5351.471,8.4573,5566.5211,8.4573,5691.1933,8.4573,5739.7348,8.4628,5744.251,8.4752,5713.8167,8.4913,5640.2597,8.5042,5553.3329,8.5043,5513.422,8.4935,5548.8587,8.4851,5643.3769,8.484,5764.9085,8.4919,5875.5528,8.5093,5943.6459,8.5337,5968.4891,8.5598,5970.556,8.5882,5948.9734,8.6214,5874.5921,8.6533,5743.8797,8.6748,5627.0423,8.6827,5631.7936,8.6795,5814.6959,8.6875,6135.4889,8.7242,6468.3125,8.7867,6657.5257,8.8627,6612.8517,8.9377,6367.5523,9.0012,6041.6828,9.0505,5755.9324,9.0749,5577.6084,9.0746,5526.6824,9.0615,5586.6312,9.0486,5695.2178,9.0495,5772.3937,9.0615,5771.1344,9.0758,5686.9309,9.084,5555.9941,9.0984,5449.4254,9.0928,5420.9468,9.0726,5469.6543,9.0568,5560.4525,9.0524,5642.4236,9.0584,5664.2528,9.0682,5614.8474,9.0742,5542.285,9.0712,5505.1632,9.0491,5508.4612,9.027,5517.9058,9.0114,5520.4031,8.988,5525.9742,8.9661,5535.2846,8.9502,5540.8549,8.934,5541.5559,8.9147,5543.7576,8.889,5553.2657,8.8619,5569.254,8.8428,5587.5743,8.8287,5599.7909,8.8183,5597.3804,8.8049,5587.5607,8.7738,5585.6127,8.7464,5593.3392,8.7235,5599.2468,8.707,5598.2843,8.6929,5602.2239,8.6704,5615.1641,8.6549,5623.8446,8.6462,5627.6184,8.6336,5634.4136,8.6231,5637.6378,8.6146,5633.7848,8.5993,5631.0569,8.5826,5632.6732,8.5687,5640.5732,8.555,5659.5743,8.5453,5692.3055,8.5406,5744.2355,8.5391,5805.4914,8.5453,5830.631,8.558,5786.5057,8.5673,5708.6003,8.5674,5659.6515,8.5526,5645.4867,8.5392,5641.9823,8.5232,5698.3672,8.494,5884.5523,8.483,6118.9661,8.5121,6205.9107,8.5568,6071.0172,8.6,5842.254,8.6277,5686.607,8.6204,5641.6422,8.6011,5637.8897,8.5872,5629.0097,8.5646,5618.2867,8.5333,5599.1406,8.5061,5581.4372,8.4744,5663.9559,8.4573,5970.002,8.4573,6488.1732,8.4573,7031.7913,8.4573,7352.5789,8.4573,7322.0935,8.4573
117,359.7336,8.5253,359.7336,8.5253,4538.0237,8.5253,4813.5276,8.5253,5144.1105,8.5253,5448.4146,8.5253,5677.6579,8.5253,5816.0289,8.5253,5874.741,8.5253,5883.6581,8.5325,5852.3136,8.544,5774.9406,8.5527,5683.4969,8.5492,5639.864,8.5353,5674.256,8.5253,5771.2375,8.5253,5896.2573,8.5253,6007.8035,8.5384,6072.9019,8.5592,6091.8567,8.582,6086.6185,8.6075,6057.0096,8.6375,5973.8512,8.6661,5833.9994,8.6846,5709.3581,8.6892,5709.9511,8.6829,5893.4053,8.6882,6218.0577,8.7218,6554.6385,8.7812,6743.9151,8.854,6693.9302,8.9262,6439.0769,8.9874,6102.8365,9.0342,5809.768,9.057,5627.6231,9.0558,5572.4823,9.042,5625.5184,9.0284,5726.6075,9.0284,5797.5385,9.0389,5790.9188,9.0517,5701.8063,9.0591,5566.2063,9.0717,5454.7371,9.0654,5420.6954,9.0449,5463.3998,9.0291,5548.5566,9.0246,5625.3371,9.0303,5641.3229,9.0395,5584.5092,9.0453,5503.6774,9.0425,5459.3252,9.0207,5457.4048,8.9991,5462.8787,8.9835,5461.727,8.9605,5463.7613,8.939,5469.4916,8.9234,5471.1447,8.9075,5467.4284,8.8886,5464.582,8.8636,5468.3952,8.8371,5478.4151,8.8185,5491.1031,8.8048,5498.5627,8.7947,5492.5179,8.7817,5480.0264,8.7517,5475.9811,8.7253,5481.7074,8.7033,5485.1502,8.6873,5480.7177,8.6736,5479.9073,8.652,5487.1903,8.6372,5490.186,8.6288,5488.985,8.6169,5491.9002,8.6069,5492.3091,8.5988,5485.6407,8.5843,5479.4118,8.5684,5480.8438,8.5549,5497.3191,8.5423,5530.4581,8.5363,5574.1185,8.537,5630.563,8.5419,5691.2823,8.5541,5710.2638,8.5714,5651.4214,8.5849,5549.9608,8.5893,5475.0997,8.579,5442.2735,8.5669,5436.9918,8.5511,5515.2707,8.5253,5739.1965,8.5253,6006.4498,8.5493,6107.8184,8.5948,5968.0105,8.64,5718.6024,8.6712,5536.7165,8.6699,5475.1951,8.6534,5468.5198,8.6398,5459.7544,8.6186,5442.2219,8.59,5410.6323,8.5646,5391.8645,8.5324,5503.2444,8.5253,5860.9221,8.5253,6428.1969,8.5253,7004.1503,8.5253,7339.5565,8.5253,7307.5286,8.5253
118,355.8491,8.6139,355.8491,8.6139,4615.0851,8.6139,4895.4231,8.6139,5230.9398,8.6139,5539.0159,8.6139,5770.6085,8.6139,5909.8189,8.6139,5967.6207,8.6139,5974.0337,8.6198,5938.9024,8.6307,5857.2398,8.6386,5764.2574,8.6342,5726.6645,8.6201,5776.3698,8.6139,5894.7201,8.6139,6041.2142,8.6139,6168.4508,8.6167,6240.6962,8.6328,6259.6218,8.6519,6250.3434,8.6735,6215.27,8.6998,6126.4721,8.7244,5980.9826,8.7392,5850.5362,8.7391,5844.997,8.7263,6021.7883,8.7257,6339.224,8.7545,6668.4788,8.8104,6851.0388,8.8806,6795.587,8.9506,6537.0903,9.0096,6200.2524,9.054,5911.0549,9.074,5734.1691,9.0707,5676.8586,9.0559,5716.2556,9.0416,5799.1598,9.0408,5855.4152,9.0499,5838.8543,9.0614,5742.6005,9.0675,5601.3953,9.0791,5483.9919,9.0716,5441.2345,9.0506,5472.5024,9.0349,5545.7299,9.0307,5611.0255,9.037,5614.9068,9.0469,5543.8155,9.0536,5446.7505,9.0516,5387.1388,9.0307,5373.3517,9.01,5369.7693,8.9948,5360.7005,8.9728,5355.0229,8.9523,5352.8702,8.9372,5346.3124,8.9221,5333.8019,8.9041,5320.8995,8.8802,5312.7184,8.8552,5309.0914,8.8378,5308.2452,8.825,5304.9301,8.8159,5292.3188,8.804,5276.0946,8.7765,5268.4943,8.7521,5269.6059,8.7317,5267.4432,8.7172,5256.1672,8.7047,5248.3764,8.6844,5252.9507,8.6714,5259.7435,8.6652,5261.3046,8.6582,5253.7531,8.6548,5229.2255,8.6518,5196.7414,8.64,5183.3646,8.6232,5211.8671,8.6139,5285.38,8.6139,5380.3609,8.6139,5470.1251,8.6139,5553.9208,8.6139,5627.7799,8.6259,5650.0123,8.646,5586.9698,8.6625,5474.7116,8.6704,5384.9997,8.6633,5340.5879,8.6513,5337.6843,8.6351,5437.9621,8.6139,5694.9377,8.6139,5989.9249,8.6296,6105.8271,8.6752,5970.4492,8.7215,5720.7337,8.7541,5536.8174,8.7531,5472.3367,8.7362,5461.8711,8.7226,5448.6646,8.7018,5425.1988,8.6745,5386.1546,8.6503,5364.5453,8.6178,5486.2966,8.6139,5866.7787,8.6139,6459.4126,8.6139,7054.8128,8.6139,7399.8919,8.6139,7366.8755,8.6139
119,352.226,8.7171,352.226,8.7171,4691.7651,8.7171,4984.3269,8.7171,5328.757,8.7171,5641.1872,8.7171,5874.0017,8.7171,6012.0707,8.7171,6066.7618,8.7171,6069.3597,8.7226,6031.2575,8.7333,5948.2433,8.7408,5855.9662,8.7356,5821.9089,8.721,5879.0478,8.7171,6008.9297,8.7171,6168.3818,8.7171,6305.3897,8.7171,6381.7349,8.7278,6400.1489,8.7441,6388.2447,8.7632,6350.7376,8.7871,6262.0424,8.8091,6120.7006,8.8215,5994.0591,8.818,5982.8594,8.7994,6142.74,8.7936,6439.5555,8.8186,6751.261,8.8726,6922.6703,8.9421,6864.2263,9.0115,6610.1877,9.0698,6282.9746,9.1133,6006.2542,9.1307,5839.5517,9.1253,5781.7202,9.1094,5807.6488,9.0943,5872.6748,9.0928,5915.56,9.1013,5891.2642,9.1124,5790.3374,9.1176,5645.9527,9.1296,5524.7913,9.1211,5475.1445,9.1,5496.752,9.0846,5559.7256,9.081,5615.079,9.0885,5609.135,9.0998,5527.4894,9.1081,5418.8113,9.1072,5348.2761,9.087,5326.0433,9.0668,5316.1964,9.052,5301.8891,9.0309,5291.1771,9.0111,5283.813,8.9965,5271.9484,8.9818,5254.1167,8.9644,5235.4473,8.9411,5220.3271,8.917,5208.4573,8.9005,5199.3079,8.8884,5189.8008,8.88,5174.2593,8.8689,5157.0645,8.8431,5148.1638,8.8196,5146.9584,8.8003,5141.9566,8.787,5127.7005,8.7752,5119.5331,8.7553,5129.9873,8.7437,5145.6763,8.7402,5150.2839,8.7381,5133.6739,8.7406,5090.1948,8.7417,5046.2424,8.7305,5049.5015,8.7171,5118.8989,8.7171,5234.9909,8.7171,5361.7602,8.7171,5473.1379,8.7171,5570.3512,8.7171,5650.9739,8.7252,5676.0368,8.746,5614.6546,8.7636,5504.477,8.7728,5416.6767,8.7663,5371.8255,8.7534,5367.148,8.7365,5468.4712,8.7171,5728.5312,8.7171,6024.099,8.7282,6139.3586,8.7752,6008.0597,8.8233,5769.2786,8.8575,5597.6927,8.8546,5538.2071,8.8356,5523.6894,8.8217,5503.596,8.8011,5474.6138,8.7746,5431.8753,8.7512,5409.7367,8.7192,5535.681,8.7171,5925.6845,8.7171,6532.6253,8.7171,7142.8507,8.7171,7496.6119,8.7171,7462.7631,8.7171
120,349.0806,8.8286,349.0806,8.8286,4754.5797,8.8286,5070.915,8.8286,5431.025,8.8286,5749.5057,8.8286,5982.9247,8.8286,6118.6914,8.8286,6169.3456,8.8286,6167.8604,8.8344,6127.2837,8.845,6043.7545,8.8521,5952.4131,8.8463,5920.529,8.8315,5981.6781,8.8286,6118.2203,8.8286,6286.2491,8.8286,6430.8846,8.8286,6511.1792,8.835,6529.8487,8.8492,6516.9688,8.8665,6480.1666,8.8884,6396.1937,8.9085,6263.7838,8.9195,6144.3313,8.9147,6128.9,8.8952,6270.9619,8.888,6544.086,8.911,6835.0232,8.9633,6994.1085,9.0316,6934.0704,9.0999,6687.6952,9.1573,6373.5438,9.1995,6111.0592,9.2155,5954.6094,9.2091,5897.3402,9.1925,5913.3545,9.1768,5964.7456,9.1746,5997.7003,9.182,5968.7831,9.1921,5866.6042,9.1969,5722.7853,9.2082,5601.8431,9.1994,5549.2814,9.1785,5564.5529,9.1634,5619.7113,9.1602,5667.6579,9.1682,5655.9821,9.18,5570.2507,9.1889,5458.0666,9.1885,5384.2092,9.1687,5359.0907,9.1487,5346.688,9.1338,5329.9318,9.113,5316.8205,9.0934,5306.981,9.0788,5292.4773,9.0642,5271.9465,9.0466,5250.4221,9.0232,5231.9013,8.9995,5216.2226,8.9833,5203.448,8.9715,5190.7636,8.9633,5172.7885,8.9525,5154.0848,8.9272,5144.0151,8.9042,5141.4393,8.8852,5134.3516,8.8723,5116.5686,8.8607,5105.4553,8.8407,5117.4574,8.8296,5138.2602,8.8286,5146.9486,8.8286,5132.4328,8.8333,5091.4754,8.8376,5052.3434,8.8312,5063.1866,8.8286,5141.8497,8.8286,5266.8364,8.8286,5400.6887,8.8286,5516.8351,8.8286,5616.2452,8.8286,5696.9547,8.8357,5721.8108,8.8565,5661.6206,8.8744,5553.9724,8.8838,5468.6784,8.8773,5425.0505,8.8644,5420.3102,8.8473,5520.5654,8.8286,5777.127,8.8286,6066.5771,8.8387,6177.9742,8.8851,6050.201,8.9331,5820.9983,8.9666,5659.1925,8.9638,5605.4178,8.9448,5592.2348,8.9305,5570.9762,8.91,5539.9181,8.8843,5495.3529,8.8614,5472.6165,8.8296,5599.5066,8.8286,5993.9006,8.8286,6611.6459,8.8286,7236.2274,8.8286,7599.3413,8.8286,7564.642,8.8286
121,346.3754,8.9417,346.3754,8.9417,4804.0858,8.9417,5148.3541,8.9417,5527.6796,8.9417,5853.9605,8.9417,6088.5063,8.9417,6222.2574,8.9417,6269.4127,8.9417,6264.7313,8.9482,6222.6859,8.9585,6139.4352,8.9654,6049.4212,8.9593,6019.2868,8.9444,6082.3293,8.9417,6221.1978,8.9417,6392.058,8.9417,6538.9999,8.9417,6619.8157,8.9465,6637.3472,8.9596,6623.3528,8.9759,6587.456,8.9965,6507.0047,9.0156,6378.7394,9.0256,6260.768,9.0203,6241.5748,9.0017,6373.0811,8.9951,6630.0085,9.0175,6904.5944,9.0683,7053.8711,9.1346,6993.8717,9.2013,6756.0377,9.2574,6454.5335,9.2983,6203.6259,9.3144,6053.7995,9.3085,5996.8819,9.2919,6008.0865,9.276,6052.5159,9.2734,6079.9792,9.2799,6048.6415,9.2892,5946.057,9.2942,5801.7754,9.3044,5678.5132,9.2962,5621.9479,9.276,5633.1635,9.2617,5684.1017,9.2593,5726.7887,9.2681,5709.5012,9.2804,5618.0622,9.2899,5499.7098,9.2902,5420.5373,9.2713,5392.1539,9.2516,5377.4314,9.2368,5358.0011,9.2164,5341.9281,9.1973,5329.0328,9.1828,5311.087,9.1683,5286.674,9.1506,5260.8574,9.1274,5237.449,9.1044,5216.9294,9.0888,5200.1457,9.0774,5183.7785,9.0698,5162.3611,9.0594,5141.4261,9.0348,5130.5249,9.0124,5127.5549,8.9941,5118.5899,8.9815,5097.3745,8.97,5087.4355,8.95,5111.5003,8.9417,5151.1025,8.9417,5175.6414,8.9417,5170.3306,8.9441,5134.167,8.948,5098.0344,8.9421,5111.2868,8.9417,5191.9893,8.9417,5318.4514,8.9417,5453.0819,8.9417,5569.3441,8.9417,5668.2558,8.9417,5748.2645,8.949,5773.3143,8.9693,5714.6901,8.9867,5608.6421,8.9955,5523.9081,8.9888,5481.0075,8.9767,5477.7797,8.9602,5577.6636,8.9417,5829.4673,8.9417,6112.0477,8.9532,6220.1416,8.9976,6095.207,9.0432,5871.1679,9.0746,5712.955,9.0732,5663.1009,9.0561,5656.2983,9.042,5641.3158,9.0217,5613.6262,8.9966,5569.7109,8.9738,5546.1961,8.9417,5672.1278,8.9417,6068.0946,8.9417,6693.1282,8.9417,7328.887,8.9417,7699.7574,8.9417,7664.3806,8.9417
122,343.8272,9.0486,343.8272,9.0486,5002.7563,9.0486,5310.0993,9.0486,5669.7311,9.0486,5991.7441,9.0486,6226.6379,9.0486,6360.3401,9.0486,6406.2198,9.0486,6398.5619,9.0559,6350.766,9.0668,6259.3225,9.0738,6162.0082,9.0675,6129.0938,9.0521,6194.287,9.0486,6338.0216,9.0486,6514.8438,9.0486,6668.8204,9.0486,6757.2646,9.0541,6781.0082,9.0678,6769.4194,9.0843,6730.0227,9.1054,6639.3112,9.1249,6497.1566,9.1353,6369.1372,9.1302,6352.7094,9.1105,6506.8223,9.1026,6804.5026,9.1247,7122.9635,9.1762,7298.5882,9.244,7234.6534,9.312,6964.9715,9.3691,6618.7806,9.4111,6328.259,9.4266,6153.8201,9.4201,6085.4272,9.4031,6090.813,9.3867,6131.6104,9.383,6160.1917,9.3875,6135.6894,9.3952,6039.1962,9.3992,5892.8986,9.4104,5761.8644,9.4021,5701.9137,9.3823,5720.1332,9.3682,5784.4538,9.3665,5837.6941,9.3762,5821.1897,9.3895,5719.9841,9.3998,5586.9484,9.4007,5496.0923,9.3816,5462.4611,9.3615,5446.5387,9.3468,5426.8555,9.3265,5410.6545,9.3073,5397.6005,9.2927,5379.0158,9.278,5353.7744,9.26,5327.8194,9.2363,5305.2134,9.2134,5286.1066,9.1979,5270.7757,9.1867,5255.0459,9.1792,5233.2005,9.169,5211.5035,9.1443,5200.2328,9.1215,5197.5742,9.103,5189.064,9.0907,5167.5111,9.0793,5157.8123,9.058,5185.1692,9.0486,5229.4576,9.0486,5255.6635,9.0486,5247.4595,9.0521,5205.678,9.0565,5164.2864,9.0502,5175.2805,9.0486,5257.1734,9.0486,5386.9943,9.0486,5526.3577,9.0486,5649.2131,9.0486,5757.133,9.0486,5846.5511,9.0552,5875.8924,9.0763,5812.5821,9.0942,5696.495,9.1036,5603.2852,9.0968,5556.0094,9.0835,5553.6685,9.0663,5664.6523,9.0486,5940.0432,9.0486,6249.0438,9.0583,6368.6434,9.1049,6232.1282,9.1523,5985.2234,9.1852,5809.249,9.1812,5749.3879,9.162,5735.9211,9.1479,5717.2137,9.1278,5688.0385,9.1035,5642.31,9.0813,5620.5627,9.0491,5761.8928,9.0486,6187.5997,9.0486,6842.1929,9.0486,7495.0739,9.0486,7871.655,9.0486,7835.5096,9.0486
123,341.6135,9.1397,341.6135,9.1397,5049.4148,9.1397,5378.5814,9.1397,5751.7155,9.1397,6078.4726,9.1397,6313.8882,9.1397,6446.0071,9.1397,6489.3393,9.1399,6480.6303,9.1481,6435.8474,9.1594,6351.1992,9.1667,6259.5216,9.1607,6224.9579,9.1452,6280.853,9.1397,6412.3021,9.1397,6576.4258,9.1397,6717.5261,9.1397,6794.9833,9.1489,6812.3678,9.1642,6799.4336,9.182,6762.4772,9.2045,6676.7249,9.2252,6540.4453,9.2366,6416.7242,9.2319,6399.9264,9.2121,6546.7822,9.2042,6831.5183,9.2269,7136.9371,9.2797,7306.3616,9.3489,7246.6001,9.4184,6989.8068,9.4768,6660.3235,9.5197,6385.0662,9.5358,6220.5516,9.5294,6153.9614,9.5124,6152.0348,9.4955,6181.4856,9.4906,6205.0509,9.4929,6186.6509,9.4985,6102.0677,9.5019,5967.0015,9.513,5844.1932,9.505,5788.8678,9.4856,5808.376,9.4717,5871.9231,9.4702,5924.3381,9.4803,5909.4447,9.4939,5813.3499,9.5044,5687.1222,9.5053,5601.9752,9.4858,5571.8794,9.4649,5557.9932,9.45,5539.8293,9.4295,5525.1076,9.4099,5513.4076,9.395,5496.1109,9.3797,5472.5899,9.3607,5449.0061,9.3361,5428.8658,9.3128,5411.5271,9.2971,5397.5831,9.2856,5383.9529,9.2777,5364.6522,9.2672,5344.7698,9.2417,5334.4793,9.2182,5332.7212,9.1992,5326.2998,9.1864,5308.1554,9.1749,5297.664,9.1531,5312.5356,9.1412,5334.9639,9.1401,5340.7169,9.1419,5319.9345,9.1485,5272.2209,9.1529,5227.6731,9.1456,5235.5696,9.1397,5314.059,9.1397,5440.9157,9.1397,5577.9442,9.1397,5698.582,9.1397,5803.8522,9.1397,5890.7489,9.1468,5919.6762,9.1681,5859.6041,9.1863,5749.9399,9.1957,5664.0127,9.1883,5621.7331,9.1747,5619.8428,9.1574,5725.7534,9.1397,5990.5337,9.1397,6286.9628,9.1504,6399.8512,9.1974,6267.9168,9.2454,6034.3406,9.2781,5872.4585,9.2735,5820.757,9.2536,5809.2982,9.239,5791.2501,9.219,5764.4209,9.1953,5720.9411,9.1736,5698.0946,9.1409,5834.9936,9.1397,6258.2165,9.1397,6917.9967,9.1397,7581.5731,9.1397,7965.8083,9.1397,7928.9934,9.1397
124,339.6654,9.2083,339.6654,9.2083,5067.5518,9.2083,5418.7829,9.2083,5806.645,9.2083,6139.1448,9.2083,6375.3748,9.2083,6506.5899,9.2083,6549.3884,9.2098,6542.2851,9.2183,6502.3969,9.2296,6425.3195,9.2371,6339.686,9.2317,6303.6132,9.2166,6348.5932,9.2083,6463.0986,9.2083,6608.1711,9.2083,6731.5609,9.209,6796.5468,9.2238,6808.3813,9.2413,6795.1355,9.261,6760.881,9.2853,6678.6832,9.3078,6543.7876,9.3203,6419.2821,9.3166,6402.8606,9.2983,6549.9267,9.2921,6830.19,9.3165,7128.3872,9.3704,7294.5928,9.4403,7239.3081,9.5106,6993.4167,9.5697,6676.8739,9.6135,6411.6697,9.6314,6252.335,9.6264,6186.7691,9.6101,6181.0286,9.5931,6203.0832,9.5871,6223.8675,9.5867,6213.0632,9.5899,6141.1795,9.5929,6015.874,9.6035,5898.0487,9.5964,5845.8556,9.5778,5869.102,9.5644,5936.3367,9.5634,5991.2926,9.5741,5978.6502,9.5883,5885.2483,9.5992,5761.8597,9.6004,5679.6708,9.5814,5652.5504,9.5605,5641.0555,9.5455,5624.5669,9.525,5611.1264,9.5054,5600.4035,9.4905,5584.0813,9.4745,5562.0556,9.4548,5540.42,9.4299,5522.2009,9.4065,5506.5386,9.3907,5494.3598,9.379,5482.8796,9.3709,5465.4192,9.36,5446.5045,9.334,5437.0524,9.3103,5436.5219,9.2909,5431.3712,9.2777,5414.4129,9.2658,5404.4674,9.2443,5417.971,9.2323,5437.3369,9.2304,5440.4111,9.2306,5419.2945,9.2344,5373.6844,9.2357,5329.3544,9.2243,5329.5345,9.2083,5393.3877,9.2083,5505.734,9.2083,5632.0696,9.2083,5745.0058,9.2083,5844.6061,9.2083,5928.2023,9.2171,5957.0962,9.2382,5900.2096,9.256,5795.2512,9.2646,5713.9405,9.2566,5675.8066,9.2436,5675.79,9.2267,5777.3695,9.2083,6031.1465,9.2083,6315.9796,9.2222,6423.9519,9.2683,6295.4906,9.3149,6069.2267,9.3461,5913.7501,9.3424,5867.5174,9.3236,5862.34,9.3089,5851.4298,9.2891,5831.615,9.2658,5792.7173,9.244,5769.0303,9.2104,5900.0878,9.2083,6317.7513,9.2083,6977.6928,9.2083,7646.6365,9.2083,8035.5187,9.2083,7998.3353,9.2083
125,338.4207,9.2542,338.4207,9.2542,5072.7366,9.2542,5440.2634,9.2542,5839.7246,9.2542,6176.9303,9.2542,6413.4422,9.2542,6543.5043,9.2542,6586.0278,9.257,6580.8942,9.266,6545.6753,9.2773,6475.2661,9.2852,6394.6188,9.2805,6355.8914,9.2657,6387.6219,9.2544,6481.0596,9.2542,6603.7967,9.2542,6710.6568,9.2619,6768.0415,9.2795,6778.9762,9.2992,6768.0583,9.321,6737.7109,9.3471,6659.2589,9.3715,6524.758,9.3855,6398.1978,9.3834,6382.8393,9.3675,6533.5709,9.3641,6814.0916,9.3906,7109.3015,9.4456,7274.7261,9.5159,7223.7858,9.5866,6986.3879,9.6463,6679.1893,9.6909,6420.4123,9.7108,6263.8439,9.7076,6199.6185,9.6923,6193.9277,9.675,6214.4894,9.668,6236.996,9.6656,6234.9123,9.6669,6174.7693,9.6696,6058.2896,9.6796,5945.5262,9.6733,5897.7229,9.6554,5926.6803,9.6425,5999.7644,9.6419,6059.5608,9.6527,6051.7693,9.6669,5964.2332,9.6775,5847.4467,9.6787,5771.8869,9.66,5750.7157,9.639,5744.0014,9.6239,5731.2811,9.6029,5721.1337,9.583,5713.5541,9.5678,5700.589,9.551,5682.612,9.5302,5665.7536,9.5048,5652.7098,9.4809,5642.2299,9.4647,5635.0459,9.4526,5628.1192,9.444,5613.8095,9.4325,5596.3831,9.4054,5588.1739,9.3809,5589.4925,9.3608,5586.5368,9.3469,5572.086,9.3345,5563.3657,9.3129,5574.0917,9.3,5588.3381,9.2964,5589.8484,9.2932,5575.6312,9.293,5544.7003,9.2914,5510.225,9.2797,5498.8679,9.2626,5531.3249,9.2542,5609.6314,9.2542,5709.7971,9.2542,5804.2113,9.2542,5891.2007,9.2542,5967.8452,9.2661,5995.1696,9.2867,5940.6162,9.3038,5839.5417,9.3113,5762.275,9.3026,5728.0615,9.2901,5729.2423,9.2738,5824.9218,9.2542,6066.6613,9.2542,6340.5675,9.2718,6444.4381,9.3168,6318.1881,9.3617,6095.8553,9.3914,5943.0893,9.3884,5900.2436,9.371,5901.4668,9.3566,5898.8979,9.3369,5887.0951,9.3138,5853.5427,9.2917,5829.9347,9.2575,5955.7458,9.2542,6366.8545,9.2542,7023.5375,9.2542,7693.2646,9.2542,8083.8326,9.2542,8046.5505,9.2542
126,338.1916,9.2756,338.1916,9.2756,5217.5402,9.2756,5532.0049,9.2756,5900.4216,9.2756,6227.9922,9.2756,6463.1514,9.2756,6594.0381,9.2756,6637.9255,9.2803,6632.5435,9.2902,6593.1143,9.3023,6515.2558,9.3108,6428.8795,9.3064,6389.0347,9.2918,6420.4854,9.28,6511.8691,9.2756,6635.0879,9.2785,6748.4343,9.2917,6815.2776,9.3122,6833.8315,9.3341,6826.0426,9.3579,6792.1735,9.3862,6701.4285,9.4128,6548.4228,9.4287,6408.3746,9.4287,6400.0329,9.4147,6586.7924,9.4126,6925.5936,9.441,7280.5967,9.498,7482.7605,9.5707,7430.5826,9.6433,7156.9647,9.7047,6796.4637,9.7509,6488.4385,9.7714,6300.0553,9.7684,6223.6797,9.7531,6220.6039,9.7354,6252.2107,9.7278,6288.9682,9.7251,6300.2969,9.7262,6248.4058,9.7286,6131.7269,9.7394,6014.4417,9.7331,5967.9253,9.7153,6008.9578,9.7022,6100.4528,9.7014,6176.0383,9.712,6174.2872,9.726,6082.7977,9.7363,5958.3603,9.737,5877.9175,9.7178,5856.4124,9.6963,5851.9884,9.6811,5842.0926,9.6597,5834.8118,9.6389,5830.2624,9.623,5820.3823,9.6055,5805.7472,9.5838,5793.0824,9.5578,5785.5287,9.5332,5781.6099,9.5165,5780.8635,9.504,5778.5238,9.4949,5766.0822,9.4831,5748.9322,9.4548,5741.3603,9.429,5744.2504,9.4081,5743.5831,9.3935,5732.4909,9.3807,5726.6514,9.3585,5736.5376,9.3444,5747.4176,9.3388,5748.7155,9.3321,5741.2496,9.3277,5722.9743,9.3232,5700.2111,9.3104,5687.665,9.294,5698.5077,9.28,5743.03,9.2756,5813.7451,9.2756,5891.3988,9.2756,5973.5381,9.2758,6052.1583,9.2909,6079.865,9.3119,6018.3954,9.3288,5906.481,9.3359,5821.8473,9.3263,5785.8796,9.3131,5789.1913,9.2966,5893.3967,9.2756,6154.8616,9.2756,6453.4765,9.2943,6567.6907,9.3411,6425.9992,9.3872,6174.455,9.4177,5998.3788,9.4128,5943.9749,9.394,5940.9099,9.3795,5938.3211,9.3599,5928.972,9.3368,5898.1211,9.3147,5879.2601,9.2803,6018.008,9.2756,6449.8122,9.2756,7122.7676,9.2756,7796.4173,9.2756,8184.9364,9.2756,8147.6113,9.2756
127,339.267,9.2758,339.267,9.2758,5207.5966,9.2758,5521.5515,9.2758,5886.7057,9.2758,6208.1143,9.2758,6434.913,9.2758,6556.7907,9.2758,6593.4995,9.2848,6584.1779,9.2975,6542.717,9.3123,6462.2145,9.3229,6372.7967,9.3197,6333.0284,9.3054,6368.9862,9.2937,6466.056,9.2894,6593.2558,9.2947,6709.1775,9.3095,6778.4475,9.3316,6799.745,9.355,6794.9647,9.3802,6764.4373,9.4101,6677.5337,9.4383,6528.6169,9.4557,6392.0476,9.4572,6385.5387,9.4446,6572.0292,9.4437,6909.1734,9.4735,7262.85,9.5321,7465.7318,9.6064,7416.912,9.6805,7148.5365,9.743,6793.7019,9.7904,6490.4338,9.8114,6305.4968,9.8087,6232.1055,9.7932,6232.9604,9.7752,6270.0148,9.7673,6312.6276,9.7651,6328.7107,9.7665,6280.6045,9.7691,6168.1758,9.7805,6056.163,9.7743,6014.7283,9.7566,6059.2024,9.7433,6152.6999,9.7422,6230.5141,9.7525,6232.9969,9.7663,6148.6806,9.7761,6033.2281,9.7764,5960.6337,9.7567,5944.1815,9.7347,5942.9475,9.7193,5935.744,9.6974,5931.1991,9.6759,5929.6022,9.6596,5923.0359,9.6414,5912.1808,9.619,5903.758,9.5923,5900.8739,9.567,5901.8858,9.5497,5905.8303,9.5369,5907.29,9.5274,5897.4241,9.5152,5881.9444,9.4858,5875.7352,9.4589,5880.0347,9.4371,5881.3591,9.4219,5873.0741,9.4086,5868.2728,9.3859,5873.9893,9.3707,5877.8093,9.3632,5876.661,9.3531,5876.0588,9.3448,5871.0946,9.3375,5861.1399,9.3233,5854.0937,9.3072,5855.2022,9.2934,5871.9728,9.2809,5907.5306,9.2758,5956.3723,9.2764,6020.5934,9.283,6090.2597,9.2977,6115.3685,9.3181,6056.0724,9.3342,5950.4621,9.3402,5874.6779,9.3292,5845.4249,9.3155,5847.0696,9.2991,5939.1322,9.2758,6183.4561,9.2758,6468.2009,9.2968,6576.0618,9.3446,6435.2892,9.3913,6189.762,9.4221,6020.9318,9.4159,5970.703,9.3962,5968.3608,9.3816,5966.6423,9.3621,5960.8314,9.3388,5935.0658,9.3166,5918.536,9.2823,6053.1008,9.2758,6476.3615,9.2758,7142.0881,9.2758,7812.0947,9.2758,8199.3866,9.2758,8162.2096,9.2758
128,342.0351,9.2551,342.0351,9.2551,5177.894,9.2551,5486.8336,9.2551,5843.9258,9.2551,6155.148,9.2551,6371.8631,9.2551,6486.5182,9.2595,6520.2078,9.2713,6510.9598,9.2864,6470.0211,9.3039,6387.8167,9.3168,6295.3135,9.3152,6256.5554,9.3022,6300.1703,9.2916,6406.8177,9.2889,6540.8004,9.2956,6660.939,9.3119,6733.6509,9.3354,6758.2837,9.3601,6756.7484,9.3866,6729.3856,9.4179,6645.6368,9.4475,6499.8065,9.4661,6365.9904,9.4692,6361.6068,9.4583,6549.5306,9.459,6887.7351,9.4902,7242.6941,9.5501,7447.5783,9.6255,7401.5054,9.7005,7136.1663,9.7639,6783.9525,9.8122,6482.2961,9.8339,6298.3888,9.8316,6227.0835,9.8162,6232.159,9.7981,6274.7958,9.7902,6322.706,9.7882,6342.8213,9.7899,6297.7066,9.7927,6188.0917,9.8044,6079.3408,9.7985,6041.5113,9.7809,6089.2645,9.7675,6185.3807,9.7663,6265.6859,9.7764,6271.4724,9.7899,6191.9084,9.7994,6082.143,9.7993,6014.5574,9.7793,6001.4773,9.757,6002.4644,9.7415,5997.0928,9.7194,5994.348,9.6974,5994.6691,9.6807,5990.2015,9.6621,5981.638,9.6392,5975.6942,9.6121,5975.4832,9.5863,5979.2856,9.5688,5985.859,9.5557,5989.3897,9.546,5980.8014,9.5334,5966.0255,9.5033,5960.4239,9.4758,5965.4535,9.4535,5967.5909,9.4379,5960.5089,9.4242,5957.5442,9.4011,5964.1005,9.3856,5965.9777,9.3779,5962.6289,9.3667,5963.5872,9.3569,5962.8104,9.3488,5956.0165,9.3341,5950.6715,9.3177,5951.3735,9.3038,5962.6207,9.2908,5988.8589,9.2829,6030.1301,9.2814,6090.7491,9.2845,6159.5503,9.2959,6185.9508,9.3134,6131.0743,9.327,6034.4788,9.3303,5971.5092,9.3163,5953.0936,9.3022,5953.7488,9.2862,6027.1465,9.2594,6242.7988,9.2551,6503.844,9.2824,6599.8804,9.3306,6456.8034,9.377,6214.6792,9.4069,6051.3868,9.3996,6005.2804,9.3793,6004.8695,9.3646,6005.1362,9.3449,6003.4852,9.3211,5983.3959,9.2984,5968.8385,9.2642,6096.0195,9.2551,6504.6979,9.2551,7156.3673,9.2551,7817.1991,9.2551,8200.3971,9.2551,8163.6552,9.2551
129,374.5703,9.2182,374.5703,9.2182,5141.3087,9.2182,5443.3199,9.2182,5791.062,9.2182,6091.8552,9.2182,6299.062,9.2182,6407.4337,9.2266,6439.0264,9.2405,6430.7158,9.2579,6392.0785,9.2777,6312.7195,9.2929,6223.3771,9.2937,6187.8787,9.283,6234.5971,9.2744,6344.1186,9.2736,6480.8813,9.282,6603.8719,9.2997,6679.5848,9.3245,6707.3313,9.3505,6708.8941,9.3783,6684.5008,9.4108,6603.5869,9.4418,6460.4725,9.4616,6329.1633,9.4661,6326.9493,9.4571,6516.7124,9.4593,6856.6129,9.4921,7213.3871,9.5531,7420.3807,9.6295,7376.6543,9.7054,7113.5871,9.7695,6763.0246,9.8186,6461.9254,9.8411,6278.2046,9.8393,6208.7227,9.8241,6218.0854,9.806,6265.8758,9.7981,6317.7882,9.7965,6339.9691,9.7983,6295.2574,9.8008,6185.2803,9.8135,6076.7919,9.8081,6041.0892,9.7906,6092.6543,9.7773,6192.9022,9.7761,6276.8791,9.7861,6286.2057,9.7996,6210.5872,9.809,6105.1101,9.8088,6041.4575,9.7887,6031.4461,9.7662,6034.798,9.7506,6031.4643,9.7283,6030.6939,9.706,6033.1083,9.6891,6030.9409,9.6704,6024.8979,9.6471,6021.7267,9.6197,6024.5878,9.5936,6031.6678,9.5758,6041.37,9.5625,6047.369,9.5526,6040.3052,9.5398,6026.3936,9.5091,6021.5682,9.4811,6027.5712,9.4584,6030.8527,9.4425,6025.2356,9.4285,6024.4397,9.4051,6033.6139,9.3892,6037.5495,9.3813,6035.5967,9.3698,6038.1514,9.3596,6038.9244,9.3512,6033.0432,9.3361,6028.4493,9.3193,6028.63,9.3053,6035.6207,9.2918,6055.0833,9.2822,6091.0524,9.2781,6149.3667,9.2779,6218.1372,9.2864,6247.1234,9.3016,6198.9429,9.3132,6111.827,9.3148,6056.5417,9.2995,6041.8413,9.2852,6041.1815,9.2692,6105.1602,9.2409,6305.7129,9.2297,6554.5008,9.2604,6645.4574,9.3074,6503.5342,9.352,6267.5092,9.3796,6112.6146,9.3701,6072.6898,9.3493,6074.67,9.3344,6076.2994,9.314,6078.3229,9.2893,6064.1102,9.2658,6050.3026,9.2318,6164.3998,9.2182,6549.0697,9.2182,7177.3364,9.2182,7822.2944,9.2182,8198.1555,9.2182,8162.1809,9.2182
130,429.6176,9.1661,429.6176,9.1661,5094.392,9.1661,5388.4321,9.1661,5725.534,9.1661,6014.7131,9.1661,6211.5035,9.1661,6313.043,9.1785,6342.3819,9.1945,6335.0914,9.214,6298.8945,9.2363,6222.5569,9.2538,6136.6159,9.2569,6104.5817,9.2484,6154.403,9.2419,6266.5408,9.243,6405.6849,9.253,6531.1572,9.2721,6609.6518,9.2984,6640.4954,9.3256,6645.3197,9.3546,6624.1935,9.3884,6546.5661,9.4208,6406.7833,9.4419,6278.5512,9.4479,6278.6422,9.4407,6469.7092,9.4446,6810.2273,9.4789,7167.6229,9.5411,7375.9562,9.6186,7334.6236,9.6954,7074.6789,9.7603,6726.9764,9.8101,6427.4727,9.8335,6244.6282,9.8321,6177.4346,9.8172,6191.2124,9.7993,6243.5811,9.7916,6298.2102,9.7902,6320.7435,9.7919,6274.4241,9.7938,6161.9729,9.808,6052.0252,9.8033,6017.6066,9.786,6073.0434,9.7727,6177.899,9.7716,6265.9712,9.7818,6279.0167,9.7955,6207.1832,9.805,6105.5774,9.8047,6045.5024,9.7846,6038.4547,9.7619,6044.2441,9.7463,6043.0913,9.7239,6044.4368,9.7016,6049.0747,9.6846,6049.3651,9.6658,6046.0327,9.6423,6045.8579,9.6147,6052.0502,9.5884,6062.6752,9.5704,6075.7506,9.5569,6084.4379,9.5468,6079.1322,9.5339,6066.3252,9.5027,6062.4509,9.4743,6069.5488,9.4513,6074.1514,9.4351,6070.281,9.4209,6071.9592,9.3972,6084.1618,9.3809,6091.0241,9.3729,6091.4954,9.3611,6095.9447,9.3507,6098.0472,9.3421,6093.1324,9.3266,6089.7589,9.3094,6091.0046,9.2953,6096.56,9.2815,6110.9798,9.2708,6141.0687,9.2645,6195.9757,9.2617,6264.4771,9.2676,6296.4407,9.2806,6255.3393,9.2906,6177.5897,9.2908,6129.2738,9.2746,6117.0459,9.2604,6114.7593,9.2441,6172.8813,9.2144,6365.6131,9.2007,6609.1905,9.229,6699.7425,9.2738,6562.3808,9.316,6335.8683,9.3405,6192.6158,9.3281,6160.8909,9.3064,6165.7716,9.2913,6168.7064,9.2701,6174.8469,9.2439,6167.4593,9.2195,6153.8373,9.1857,6250.4265,9.1661,6603.6065,9.1661,7201.1017,9.1661,7825.0097,9.1661,8191.0826,9.1661,8156.1303,9.1661
131,476.9088,9.0984,476.9088,9.0984,5032.9815,9.0984,5316.8685,9.0984,5641.6238,9.0984,5918.88,9.0984,6106.6787,9.1001,6203.682,9.1159,6232.6064,9.1338,6227.2117,9.1553,6193.5735,9.1799,6119.9617,9.1997,6037.0875,9.205,6008.4287,9.1988,6061.5534,9.1943,6176.6751,9.1974,6318.6009,9.2089,6446.8811,9.2295,6528.3422,9.257,6562.3503,9.2856,6570.4334,9.3157,6552.4465,9.3508,6477.7786,9.3846,6340.8956,9.407,6215.4677,9.4145,6218.0411,9.4095,6411.1813,9.4153,6753.4971,9.4511,7112.6086,9.5145,7322.7717,9.593,7283.513,9.6706,7025.7115,9.7361,6679.4867,9.7868,6380.0186,9.811,6196.7618,9.8102,6131.4661,9.7957,6150.1017,9.7782,6207.4709,9.7708,6264.8827,9.7697,6287.9755,9.7714,6240.5984,9.7727,6126.184,9.7882,6015.023,9.7842,5981.9984,9.7671,6041.4254,9.7537,6151.1138,9.7527,6243.616,9.763,6260.6479,9.7768,6192.6984,9.7863,6095.024,9.786,6038.6673,9.7657,6034.7748,9.7429,6043.1987,9.7273,6044.4243,9.7046,6048.0653,9.6823,6055.0809,9.6654,6057.9607,9.6465,6057.4531,9.623,6060.4304,9.5952,6070.1948,9.5685,6084.6714,9.5503,6101.4388,9.5367,6113.0375,9.5264,6109.5528,9.5132,6097.8309,9.4816,6094.9331,9.4528,6103.2389,9.4295,6109.2924,9.4129,6107.2544,9.3986,6111.5149,9.3745,6126.932,9.3578,6136.9115,9.3496,6139.9403,9.3375,6146.399,9.3268,6149.9734,9.3181,6145.985,9.3023,6143.4114,9.2846,6145.8093,9.2703,6151.4955,9.2563,6162.6683,9.2453,6187.1836,9.2376,6237.9861,9.2325,6305.7039,9.2358,6340.4833,9.2467,6306.398,9.2549,6237.9641,9.2537,6196.6145,9.2367,6186.9047,9.2224,6183.0873,9.206,6235.7165,9.1747,6421.4896,9.1584,6660.9415,9.184,6751.7524,9.2263,6618.8503,9.2659,6401.2009,9.287,6268.9903,9.2716,6245.4412,9.2491,6253.6881,9.2339,6258.431,9.2118,6269.0917,9.184,6268.7495,9.1583,6254.8759,9.1246,6332.4834,9.0984,6651.7394,9.0984,7215.4576,9.0984,7815.5364,9.0984,8170.2698,9.0984,8136.4915,9.0984
132,492.1837,9.0108,492.1837,9.0108,4943.3179,9.0108,5214.9339,9.0108,5526.3111,9.0108,5792.3153,9.0108,5973.3855,9.0172,6068.8168,9.0352,6099.8514,9.055,6097.9725,9.0788,6067.7221,9.1059,5997.1723,9.1283,5917.639,9.1362,5892.939,9.1324,5950.3395,9.1303,6069.6535,9.1356,6215.6111,9.1489,6347.8214,9.171,6433.1257,9.2,6470.9359,9.2298,6482.7296,9.2613,6468.0797,9.2977,6396.209,9.3329,6261.8249,9.3566,6138.9661,9.3659,6144.4341,9.3633,6340.9548,9.3714,6687.011,9.4091,7049.673,9.4738,7262.5799,9.5529,7225.0096,9.6312,6967.8475,9.6974,6620.8856,9.7488,6318.8909,9.7741,6132.989,9.774,6068.7347,9.7601,6092.9093,9.7432,6156.4013,9.7363,6217.6,9.7357,6242.8162,9.7376,6196.8067,9.7391,6082.8807,9.755,5972.0961,9.7515,5940.987,9.7345,6004.1868,9.7211,6118.3475,9.7199,6215.1165,9.7302,6236.0244,9.7439,6171.7868,9.7531,6077.9412,9.7527,6025.3164,9.7322,6024.6129,9.7092,6035.6861,9.6935,6039.3034,9.6706,6045.2431,9.6484,6054.6108,9.6315,6060.0001,9.6127,6062.1871,9.5891,6068.236,9.5609,6081.6356,9.534,6100.1625,9.5155,6120.8729,9.5017,6135.5377,9.4911,6133.8409,9.4777,6123.0911,9.4455,6121.166,9.4163,6130.8326,9.3927,6138.5126,9.3758,6138.4187,9.3612,6145.4308,9.3366,6164.3738,9.3194,6177.8064,9.311,6183.6735,9.2986,6192.38,9.2876,6197.5629,9.2787,6194.5095,9.2625,6192.7423,9.2444,6196.3816,9.2297,6202.22,9.2157,6209.9278,9.2043,6228.5751,9.1951,6275.2407,9.1874,6342.4854,9.188,6380.6229,9.1964,6354.3263,9.2025,6296.1167,9.1996,6262.3234,9.1817,6256.0992,9.1675,6254.6746,9.1508,6307.7526,9.1181,6488.5306,9.0997,6720.4022,9.1229,6808.017,9.1624,6679.5504,9.1987,6472.2784,9.216,6350.9854,9.1976,6333.8946,9.1743,6344.5317,9.1589,6351.4275,9.1357,6367.5415,9.1058,6375.1384,9.0787,6360.5925,9.0449,6416.3965,9.0108,6696.997,9.0108,7221.7346,9.0108,7793.6991,9.0108,8134.837,9.0108,8102.4575,9.0108
133,475.8952,8.9062,475.8952,8.9062,4836.0116,8.9062,5095.5475,8.9062,5394.3663,8.9062,5650.5495,8.9062,5826.2447,8.9171,5920.787,8.9372,5954.0247,8.9588,5955.4339,8.9848,5928.0707,9.0144,5859.8804,9.0393,5783.068,9.0498,5762.0833,9.0487,5823.9455,9.0491,5947.9172,9.0567,6098.5124,9.0718,6235.3261,9.0956,6325.0575,9.1259,6366.9019,9.1572,6382.1716,9.1902,6370.2916,9.2281,6300.498,9.2649,6167.9132,9.2899,6047.236,9.3012,6055.8679,9.3017,6256.849,9.3127,6608.2805,9.3525,6976.0288,9.4183,7192.4145,9.4982,7156.144,9.577,6898.2568,9.6438,6548.4678,9.6958,6241.2658,9.7225,6050.2002,9.7235,5986.1776,9.7102,6017.1813,9.694,6088.7053,9.6879,6155.2967,9.688,6184.6213,9.6903,6142.7675,9.6926,6032.194,9.708,5923.8989,9.7049,5895.7988,9.6879,5963.0337,9.6744,6081.6545,9.6731,6182.8766,9.6829,6208.0805,9.6962,6148.1887,9.705,6059.0556,9.7042,6011.068,9.6835,6014.2003,9.6602,6028.3232,9.6443,6034.6296,9.6211,6043.133,9.5988,6055.1009,9.582,6063.1976,9.5633,6068.2233,9.5397,6077.5695,9.511,6095.02,9.4836,6118.163,9.4648,6143.4175,9.4506,6161.5753,9.4398,6161.7611,9.4259,6151.8982,9.3929,6150.991,9.3634,6162.2858,9.3392,6171.8929,9.3219,6173.9545,9.307,6184.0115,9.2817,6206.9647,9.2639,6224.3471,9.2552,6233.4588,9.2423,6244.7564,9.2311,6251.748,9.2218,6249.7023,9.2051,6248.7501,9.1865,6253.8427,9.1714,6261.2761,9.157,6267.755,9.1454,6280.4927,9.1352,6319.9643,9.1252,6383.7318,9.1226,6424.1945,9.128,6406.2513,9.1316,6359.6151,9.1267,6334.3617,9.1078,6331.4018,9.0935,6331.6298,9.0763,6385.47,9.0424,6562.9472,9.0228,6789.0513,9.0442,6875.048,9.0805,6752.9214,9.1134,6556.4453,9.1275,6443.2452,9.1082,6429.528,9.0849,6442.2045,9.0688,6452.0731,9.0441,6473.739,9.0119,6489.0096,8.9829,6473.9349,8.9487,6507.6522,8.9062,6746.5366,8.9062,7226.4251,8.9062,7764.7977,8.9062,8089.6565,8.9062,8058.9735,8.9062
134,443.5182,8.7882,443.5182,8.7882,4718.6593,8.7882,4966.7887,8.7882,5253.8934,8.7882,5501.7089,8.7882,5673.6232,8.803,5768.1993,8.8247,5803.8931,8.8481,5808.5916,8.876,5784.0845,8.9078,5718.1544,8.935,5643.6789,8.9481,5625.714,8.9497,5691.3892,8.9526,5819.7293,8.9623,5975.0284,8.9792,6116.7419,9.0044,6211.2389,9.036,6257.206,9.0687,6275.6397,9.1032,6265.9643,9.1424,6197.6583,9.1805,6066.4469,9.2068,5947.8887,9.2199,5960.1481,9.2237,6166.6049,9.2378,6524.7846,9.2797,6898.9476,9.3465,7119.7078,9.4263,7085.1278,9.5051,6826.7393,9.5721,6474.799,9.6244,6163.7241,9.6525,5968.6158,9.655,5906.1245,9.6426,5948.6527,9.6275,6036.2482,9.6229,6112.9874,9.6251,6143.6997,9.6295,6099.9191,9.6337,5988.7456,9.648,5881.7779,9.645,5856.1069,9.628,5925.9151,9.6144,6046.9236,9.6126,6150.892,9.6216,6179.6438,9.6339,6124.4258,9.6418,6040.9849,9.6404,5998.4452,9.6192,6005.6368,9.5956,6022.5881,9.5794,6031.1615,9.5556,6041.8752,9.5333,6056.2861,9.5163,6066.8567,9.4977,6074.1491,9.4742,6086.0617,9.445,6106.9524,9.417,6134.2219,9.3977,6163.572,9.3831,6184.7915,9.372,6186.3933,9.3577,6176.9557,9.3238,6176.7772,9.2939,6189.6078,9.2692,6200.9976,9.2514,6204.776,9.2361,6217.2165,9.21,6243.4912,9.1914,6264.1616,9.1824,6275.9533,9.1691,6289.4377,9.1575,6297.8605,9.1478,6296.4098,9.1305,6295.8519,9.1115,6301.904,9.096,6310.8539,9.0812,6317.0051,9.0694,6324.7382,9.0588,6356.6249,9.0472,6415.6268,9.0418,6457.1779,9.0441,6446.5748,9.0452,6410.7764,9.0384,6393.7998,9.0186,6393.8387,9.0041,6394.6956,8.9864,6448.0584,8.9513,6622.0709,8.9309,6843.194,8.9504,6927.6148,8.9832,6809.4719,9.0126,6619.7451,9.0237,6512.2834,9.0046,6502.8483,8.9817,6519.422,8.9649,6532.4906,8.9387,6556.9033,8.9039,6576.2868,8.8725,6565.3401,8.8364,6592.542,8.7937,6802.7901,8.7882,7238.5195,8.7882,7737.9911,8.7882,8043.408,8.7882,8014.7962,8.7882
135,414.6404,8.6701,414.6404,8.6701,4513.8693,8.6701,4790.3336,8.6701,5083.529,8.6701,5316.9633,8.6701,5470.2149,8.6858,5553.9955,8.7083,5589.0266,8.7324,5600.1736,8.7615,5587.688,8.7948,5538.4068,8.8237,5479.6857,8.8385,5468.298,8.842,5527.5595,8.8463,5639.4412,8.8573,5774.5589,8.8754,5898.8421,8.9017,5983.0588,8.9345,6026.4236,8.9683,6048.1248,9.0039,6047.8085,9.0444,5997.419,9.0839,5890.7014,9.1114,5791.6199,9.1257,5802.3564,9.1305,5977.9787,9.1455,6283.333,9.1886,6603.8771,9.2569,6795.0346,9.3384,6769.6468,9.4186,6555.6168,9.4867,6264.7159,9.5401,6010.0447,9.5688,5853.3249,9.5714,5810.3899,9.5591,5861.8222,9.5445,5954.2345,9.5413,6030.9862,9.5466,6055.7725,9.5542,6007.2286,9.5601,5902.698,9.5751,5811.8992,9.572,5796.9786,9.5544,5862.1361,9.5403,5968.7184,9.5379,6061.8009,9.5462,6092.7944,9.558,6053.6952,9.5652,5992.0575,9.5632,5966.0617,9.5411,5980.5574,9.5169,5999.7086,9.5006,6009.7227,9.4764,6022.0639,9.4536,6038.4652,9.4365,6051.5935,9.4181,6061.5746,9.3949,6075.9876,9.3653,6099.0862,9.3367,6127.9343,9.317,6158.3354,9.3021,6181.0546,9.2908,6185.3502,9.2762,6178.9544,9.2417,6180.572,9.2112,6193.9234,9.186,6206.0013,9.1679,6211.362,9.1523,6225.7499,9.1253,6253.7973,9.106,6276.1133,9.0968,6289.413,9.083,6304.1057,9.0711,6313.8705,9.0613,6314.3037,9.0436,6315.5132,9.0242,6322.591,9.0082,6332.6507,8.9931,6340.3383,8.981,6346.5157,8.9703,6369.7691,8.9579,6416.6892,8.9511,6452.5986,8.9518,6448.2956,8.9513,6425.759,8.9431,6419.4279,8.9224,6424.2266,8.9077,6425.0006,8.8897,6467.1695,8.8532,6612.4177,8.8309,6800.2464,8.8493,6872.9974,8.8814,6775.4699,8.91,6622.1275,8.92,6541.3697,8.8992,6539.8578,8.8753,6554.4487,8.8581,6564.8277,8.8308,6588.5572,8.7936,6610.7306,8.7603,6602.952,8.7234,6619.1838,8.6807,6793.2596,8.6701,7180.5234,8.6701,7642.6797,8.6701,7931.5459,8.6701,7904.8347,8.6701
136,393.8043,8.5674,393.8043,8.5674,4456.5686,8.5674,4716.9074,8.5674,5001.9207,8.5674,5236.2228,8.5674,5393.5741,8.5809,5480.0998,8.6028,5515.8402,8.6265,5526.4357,8.6553,5512.5113,8.6886,5460.9588,8.7178,5399.2634,8.7331,5385.1238,8.737,5443.4441,8.7414,5556.8278,8.7528,5694.9859,8.771,5822.4296,8.7976,5908.8965,8.8308,5953.2911,8.865,5974.8973,8.901,5973.1308,8.942,5919.6879,8.982,5809.3476,9.0102,5708.4919,9.0252,5721.6982,9.0301,5904.961,9.0451,6221.5545,9.0887,6552.9042,9.1579,6749.9064,9.2406,6723.1384,9.3218,6501.5996,9.3906,6200.1638,9.4448,5935.0555,9.4734,5770.7297,9.4757,5726.6846,9.4633,5786.6559,9.449,5893.3707,9.4473,5979.2969,9.4559,6002.702,9.4669,5947.8983,9.4743,5839.2608,9.4904,5747.9395,9.4869,5734.1556,9.4687,5800.3248,9.454,5908.023,9.451,6003.1116,9.4586,6036.645,9.4699,6000.5978,9.4766,5942.64,9.4739,5919.6105,9.4511,5935.3954,9.4267,5955.1364,9.4105,5966.0167,9.3859,5979.4365,9.3628,5997.002,9.3456,6011.2833,9.3275,6022.1406,9.3047,6037.2504,9.2752,6061.3304,9.2463,6091.5483,9.2263,6123.2726,9.2112,6146.9755,9.1996,6152.0808,9.1849,6146.4155,9.1502,6148.4234,9.1193,6161.7256,9.0939,6173.8823,9.0756,6179.8415,9.0598,6194.6045,9.0333,6222.4134,9.0142,6244.7839,9.0048,6258.645,8.9907,6273.627,8.9787,6283.4172,8.9689,6284.0843,8.9511,6285.5365,8.9314,6292.5455,8.9154,6302.6851,8.9,6311.1688,8.888,6317.9575,8.8772,6340.1556,8.8644,6384.8716,8.857,6419.3555,8.8573,6415.3762,8.8564,6394.2677,8.8478,6388.9779,8.8267,6394.183,8.812,6396.1377,8.794,6440.4257,8.7566,6587.2285,8.733,6775.3726,8.7512,6847.4302,8.784,6748.7906,8.8133,6594.4272,8.8235,6511.6968,8.8013,6506.4231,8.7767,6516.7127,8.7597,6523.2309,8.7319,6543.6676,8.6932,6564.2296,8.6589,6557.0378,8.6225,6572.7176,8.5795,6740.0501,8.5674,7114.0409,8.5674,7562.1281,8.5674,7842.8867,8.5674,7816.9619,8.5674
137,379.8116,8.4919,379.8116,8.4919,4433.1864,8.4919,4681.2731,8.4919,4965.0166,8.4919,5208.0374,8.4919,5375.3961,8.5006,5467.1564,8.5202,5503.2154,8.5421,5511.3908,8.5691,5493.4654,8.6007,5436.5595,8.6284,5368.692,8.6426,5349.2262,8.6456,5405.0692,8.6491,5519.2157,8.6596,5659.9189,8.677,5789.7564,8.7028,5877.1083,8.7354,5920.6468,8.7689,5940.0969,8.8044,5934.6622,8.8449,5875.3869,8.8845,5757.9992,8.9124,5652.1985,8.9273,5666.4971,8.9322,5858.7371,8.9471,6189.9352,8.9907,6535.4204,9.0595,6739.3853,9.1417,6709.1935,9.2223,6475.5876,9.2907,6158.2574,9.3447,5878.3566,9.3731,5703.7079,9.3755,5656.8115,9.3635,5723.6515,9.3502,5842.4898,9.3501,5935.1141,9.3611,5955.1282,9.3745,5892.1937,9.3829,5776.3792,9.3992,5680.3036,9.3953,5664.2656,9.3768,5730.411,9.3617,5839.7897,9.3582,5937.1001,9.3653,5971.4453,9.376,5934.2872,9.3823,5874.7285,9.3792,5850.5312,9.3564,5865.4427,9.3324,5884.6648,9.3163,5895.4418,9.2917,5908.8356,9.2686,5926.3075,9.2515,5940.3626,9.2337,5950.5094,9.2118,5964.443,9.1829,5987.5659,9.1541,6017.4511,9.1339,6049.0488,9.1187,6072.3524,9.107,6076.8741,9.0925,6070.7211,9.0579,6072.3089,9.0272,6085.0476,9.002,6096.6577,8.9837,6102.1897,8.968,6115.901,8.9424,6141.8955,8.924,6162.9226,8.9145,6176.2925,8.9003,6190.7955,8.8883,6199.8736,8.8787,6199.891,8.8611,6200.7526,8.8416,6207.1394,8.8257,6216.6352,8.8105,6224.6071,8.7987,6231.8511,8.788,6256.3025,8.7753,6303.8543,8.7684,6338.9288,8.7694,6331.8755,8.7692,6305.6394,8.7611,6296.0901,8.7404,6298.9541,8.726,6300.1027,8.7083,6346.7662,8.6712,6501.0505,8.6481,6698.1127,8.6668,6772.5746,8.7007,6666.1065,8.7311,6498.3845,8.7427,6404.7096,8.7207,6394.1059,8.6964,6401.9081,8.6801,6405.2691,8.6525,6421.2584,8.6136,6437.3851,8.5796,6427.6264,8.5445,6445.5572,8.5014,6620.7622,8.4919,7002.9276,8.4919,7454.2668,8.4919,7734.874,8.4919,7708.8429,8.4919
138,370.8646,8.454,370.8646,8.454,4332.6162,8.454,4624.4726,8.454,4938.3434,8.454,5194.0552,8.454,5362.0537,8.4558,5448.1865,8.4713,5478.1724,8.49,5483.393,8.5137,5466.8317,8.5416,5414.9924,8.5659,5351.8123,8.5774,5330.824,8.5782,5376.0736,8.58,5472.1597,8.5881,5591.5574,8.6036,5701.6369,8.6276,5774.2901,8.6581,5809.141,8.6899,5825.2285,8.724,5821.9812,8.7628,5771.7334,8.8005,5668.2463,8.8269,5572.5067,8.8408,5581.3848,8.8462,5746.7623,8.8619,6034.9731,8.9048,6336.8078,8.9716,6514.9189,9.0508,6488.1223,9.1288,6284.8579,9.1951,6011.1735,9.2471,5772.8308,9.2759,5627.587,9.2793,5594.1729,9.2684,5660.9595,9.2565,5772.714,9.258,5856.0881,9.2705,5866.7492,9.2853,5798.2016,9.2952,5684.3526,9.3101,5594.7397,9.3067,5581.5706,9.2882,5642.5478,9.2733,5741.3281,9.2697,5829.3355,9.2762,5861.2527,9.2862,5828.6384,9.292,5775.8789,9.2889,5756.1188,9.2667,5772.0208,9.2436,5790.3774,9.2274,5799.8775,9.203,5811.7667,9.1804,5827.5445,9.1635,5840.0993,9.1459,5848.7427,9.1246,5860.4551,9.0964,5880.5467,9.0679,5907.1461,9.0479,5935.7179,9.0329,5956.7471,9.0215,5960.0909,9.0069,5953.5076,8.973,5954.6375,8.9434,5966.4816,8.9187,5976.9187,8.9007,5980.9611,8.8852,5992.1454,8.8606,6014.6027,8.8431,6032.4823,8.8335,6043.8634,8.8196,6057.0199,8.808,6064.9225,8.7985,6063.8836,8.7813,6063.9013,8.7626,6069.4664,8.7473,6077.2109,8.7325,6082.5626,8.7209,6089.0547,8.7106,6115.8946,8.6995,6165.6147,8.6946,6199.3222,8.6973,6187.0575,8.6985,6153.6975,8.692,6138.9175,8.6732,6138.7524,8.6592,6133.587,8.6418,6168.4252,8.6062,6309.8056,8.5868,6497.4765,8.6072,6568.068,8.6409,6461.0039,8.6716,6292.1502,8.6845,6199.5227,8.667,6195.0062,8.6448,6208.2563,8.629,6211.0568,8.6024,6221.9296,8.565,6230.9984,8.5327,6213.5562,8.4983,6228.009,8.4581,6410.3794,8.454,6808.4264,8.454,7274.9739,8.454,7563.3966,8.454,7536.5487,8.454
139,364.8341,8.4505,364.8341,8.4505,4391.8417,8.4505,4673.7137,8.4505,4989.4856,8.4505,5259.5753,8.4505,5445.9591,8.4505,5545.0598,8.4586,5578.9026,8.4733,5581.1145,8.4931,5557.7708,8.5169,5497.0093,8.5372,5424.4527,8.5445,5395.9293,8.5407,5437.0418,8.5384,5532.1368,8.5432,5652.0261,8.556,5762.0885,8.5777,5832.8519,8.6063,5863.7492,8.6363,5874.2898,8.6686,5863.8131,8.7057,5804.2393,8.7418,5690.582,8.7667,5587.3627,8.7784,5595.1701,8.7798,5767.1948,8.7917,6067.2815,8.8322,6380.34,8.8983,6562.4239,8.9778,6528.8634,9.0561,6309.7994,9.1225,6016.5394,9.1743,5760.2393,9.2013,5601.9927,9.2028,5561.1961,9.1907,5624.7834,9.1784,5735.0948,9.18,5816.3107,9.193,5822.9063,9.2084,5748.9123,9.2178,5629.2984,9.2335,5534.2574,9.2291,5515.995,9.2098,5572.503,9.1943,5668.4449,9.1905,5754.6464,9.1972,5783.2349,9.2077,5744.578,9.214,5684.4746,9.2111,5658.0255,9.1888,5668.7831,9.166,5683.5156,9.1501,5690.4526,9.1262,5700.122,9.1039,5713.553,9.0874,5723.6821,9.0704,5729.7352,9.0498,5738.3205,9.0225,5754.7686,8.9945,5777.4276,8.9749,5801.9351,8.9602,5819.6259,8.9492,5821.3277,8.9352,5814.2715,8.9025,5814.5714,8.8736,5824.6963,8.8495,5833.3027,8.8322,5835.6925,8.8173,5844.4022,8.7935,5863.2928,8.7768,5877.7366,8.7675,5886.3568,8.754,5897.1145,8.7428,5903.3519,8.7339,5901.6823,8.7175,5901.3949,8.6994,5905.9534,8.6846,5912.0675,8.6704,5918.3495,8.659,5931.8235,8.6495,5968.8668,8.6407,6025.0004,8.6397,6057.0637,8.6464,6034.4739,8.651,5986.4025,8.6471,5960.9111,8.6296,5957.2127,8.6159,5952.4052,8.5991,5991.8873,8.5642,6145.2631,8.5453,6347.1261,8.5685,6422.3837,8.6074,6304.6844,8.6439,6116.2656,8.662,6006.6445,8.6459,5991.9875,8.6233,5998.1298,8.6084,5993.369,8.5833,5995.2286,8.5481,5994.8259,8.5181,5974.7813,8.4858,6005.8569,8.4505,6226.7741,8.4505,6669.9867,8.4505,7169.7824,8.4505,7473.0195,8.4505,7444.5066,8.4505
140,360.6518,8.4821,360.6518,8.4821,4461.4119,8.4821,4739.2052,8.4821,5062.0862,8.4821,5349.5303,8.4821,5556.2879,8.4821,5670.6698,8.4821,5710.4708,8.4919,5710.8544,8.5071,5681.1649,8.5262,5611.5826,8.5417,5529.6637,8.5442,5493.554,8.5357,5530.1961,8.5292,5623.5039,8.5302,5742.7286,8.5399,5851.5348,8.5589,5919.3198,8.585,5945.4628,8.6126,5950.0374,8.6425,5932.3607,8.6773,5863.8069,8.7109,5740.1167,8.7339,5628.7838,8.7431,5634.0741,8.741,5810.8328,8.7498,6120.7491,8.7878,6443.2192,8.8521,6628.2402,8.9301,6588.1098,9.007,6354.5229,9.0721,6043.4005,9.1228,5770.8143,9.1479,5600.9723,9.1479,5553.7094,9.1347,5614.4387,9.1217,5723.2108,9.1228,5801.9665,9.1354,5804.2988,9.1504,5724.8583,9.159,5599.2242,9.1744,5497.9253,9.1691,5473.6892,9.1493,5525.2114,9.1337,5617.6553,9.1296,5700.92,9.1362,5725.0402,9.1467,5679.4683,9.1532,5611.3082,9.1504,5577.7803,9.1282,5583.4314,9.1058,5594.565,9.0902,5598.6143,9.0666,5605.6123,9.0446,5616.2882,9.0285,5623.4292,9.012,5626.0979,8.992,5630.6995,8.9655,5642.6831,8.938,5660.7093,8.9188,5680.6802,8.9045,5694.5248,8.8939,5693.7151,8.8804,5685.2028,8.8488,5684.1336,8.8207,5692.4733,8.7975,5699.0966,8.7807,5699.2532,8.7663,5704.7434,8.7434,5719.4056,8.7275,5729.7444,8.7185,5735.0032,8.7055,5742.9525,8.6948,5747.0568,8.6862,5744.1751,8.6706,5742.8449,8.6533,5745.6916,8.6392,5752.1844,8.6251,5765.4056,8.6144,5790.4563,8.6076,5836.7592,8.6034,5896.0611,8.6073,5923.8775,8.6182,5888.2203,8.6262,5822.2377,8.6251,5783.2386,8.609,5773.5098,8.5955,5766.4918,8.5794,5810.1056,8.5468,5979.4366,8.5307,6201.6508,8.5572,6286.1807,8.6006,6160.1781,8.6423,5950.0812,8.6673,5815.1843,8.656,5782.512,8.6347,5780.5793,8.6204,5770.6192,8.5971,5762.4883,8.5646,5748.9509,8.5369,5730.3924,8.5054,5795.759,8.4821,6074.1363,8.4821,6569.9594,8.4821,7102.6689,8.4821,7419.9637,8.4821,7389.914,8.4821
141,357.5077,8.5417,357.5077,8.5417,4537.2253,8.5417,4815.5672,8.5417,5145.8271,8.5417,5446.562,8.5417,5670.0965,8.5417,5801.5375,8.5417,5853.6591,8.5437,5858.4439,8.5537,5826.2493,8.5675,5750.073,8.578,5660.2988,8.5756,5617.5566,8.5622,5649.9859,8.5516,5741.0791,8.5486,5858.8284,8.555,5965.5757,8.5711,6029.8634,8.5943,6051.0639,8.6193,6049.7445,8.6466,6025.2949,8.6787,5948.6913,8.7095,5816.0909,8.7298,5697.1734,8.7363,5699.183,8.7309,5878.4199,8.7368,6194.9022,8.772,6523.6848,8.8336,6710.089,8.9091,6664.1553,8.9837,6418.8406,9.0468,6094.3132,9.0956,5812.0634,9.1188,5637.7366,9.1173,5586.3235,9.1031,5639.8326,9.0891,5740.9052,9.0892,5813.6854,9.1006,5810.78,9.1145,5726.0059,9.1223,5594.8413,9.1365,5487.6945,9.1304,5457.4053,9.1102,5503.1954,9.0945,5590.818,9.0904,5669.7099,9.0967,5688.3818,9.1069,5635.4096,9.1133,5558.8754,9.1106,5518.0588,9.0887,5518.5341,9.0668,5525.8984,9.0513,5526.6346,9.0281,5530.4734,9.0064,5537.9753,8.9906,5541.6788,8.9745,5540.4655,8.9551,5540.5963,8.9294,5547.6034,8.9026,5560.5386,8.8838,5575.7246,8.8699,5585.5282,8.8597,5581.7716,8.8465,5571.2495,8.816,5568.5556,8.7889,5575.1993,8.7663,5579.8405,8.7502,5577.451,8.7363,5579.4155,8.7141,5589.7463,8.6989,5595.8215,8.6902,5597.4715,8.6778,5602.563,8.6675,5604.6174,8.6593,5600.0816,8.6444,5596.6964,8.6279,5598.5895,8.6142,5609.4614,8.6008,5633.1602,8.5925,5669.3237,8.59,5722.2519,8.5911,5782.6405,8.5999,5804.7772,8.6148,5754.2451,8.626,5667.9582,8.6276,5613.423,8.6136,5597.6941,8.6003,5593.3216,8.5847,5649.292,8.5548,5837.6267,8.5438,6075.1531,8.5749,6163.0628,8.6221,6025.9716,8.6682,5791.7536,8.6992,5628.6014,8.6941,5577.1607,8.675,5569.5349,8.6612,5557.6751,8.6396,5541.7031,8.6103,5515.0097,8.5847,5496.6686,8.5529,5596.8304,8.5417,5935.8764,8.5417,6488.1409,8.5417,7056.7383,8.5417,7389.7145,8.5417,7357.9803,8.5417
142,355.1024,8.628,355.1024,8.628,4621.9293,8.628,4904.5767,8.628,5241.3065,8.628,5549.4269,8.628,5780.3518,8.628,5918.2914,8.628,5974.3906,8.628,5979.3457,8.6346,5943.7346,8.6459,5862.5704,8.6541,5769.7431,8.6497,5729.8841,8.6353,5774.0489,8.628,5884.5794,8.628,6022.5831,8.628,6142.4097,8.634,6209.8516,8.652,6226.8274,8.6726,6217.6304,8.6958,6184.0046,8.7237,6097.7605,8.7501,5955.4309,8.7665,5827.6846,8.7683,5823.1411,8.7572,5998.6444,8.7581,6313.2911,8.7886,6640.2092,8.8464,6822.8401,8.9186,6770.5352,8.9904,6517.3503,9.0509,6186.2154,9.0969,5901.4914,9.1177,5727.5494,9.1147,5672.9201,9.0999,5715.9184,9.0855,5803.3098,9.0848,5864.5574,9.0946,5853.2538,9.1068,5762.2195,9.1133,5626.2199,9.1259,5514.3071,9.1187,5477.2502,9.0981,5513.9161,9.0823,5591.9277,9.0781,5661.8757,9.0843,5671.3853,9.0942,5607.7619,9.1008,5519.3669,9.0984,5467.4708,9.077,5459.11,9.0557,5459.3907,9.0404,5453.7158,9.0179,5451.279,8.9968,5452.3258,8.9814,5449.1199,8.9658,5440.2724,8.9472,5431.5399,8.9224,5428.0386,8.8966,5429.2092,8.8786,5432.8048,8.8654,5433.1456,8.8559,5423.104,8.8436,5408.5384,8.815,5402.1507,8.7895,5404.3952,8.7683,5403.8171,8.7533,5394.6298,8.7404,5386.8537,8.7194,5386.3232,8.7054,5385.5864,8.6973,5384.4424,8.687,5383.258,8.6799,5372.1561,8.6744,5352.3128,8.6616,5339.0352,8.6456,5348.2335,8.6318,5390.489,8.628,5456.3964,8.628,5525.3809,8.628,5595.3432,8.6284,5660.8352,8.6429,5679.497,8.663,5616.8891,8.6794,5508.4086,8.6869,5424.2742,8.6791,5383.5464,8.6667,5378.684,8.6503,5471.1524,8.628,5717.8101,8.628,6003.9632,8.644,6115.2993,8.6907,5980.8564,8.7378,5736.8812,8.7712,5559.8926,8.7689,5498.6335,8.7509,5486.8667,8.7372,5471.5235,8.7164,5447.6735,8.6891,5409.4681,8.665,5388.0157,8.6326,5507.9265,8.628,5885.7448,8.628,6477.1931,8.628,7073.0944,8.628,7418.8574,8.628,7385.7883,8.628
143,352.971,8.7312,352.971,8.7312,4699.6028,8.7312,4995.0627,8.7312,5341.2297,8.7312,5654.1021,8.7312,5886.615,8.7312,6023.9247,8.7312,6077.5896,8.7312,6079.26,8.737,6040.6311,8.7478,5957.4202,8.7554,5864.8797,8.7502,5829.9562,8.7355,5885.2105,8.7312,6012.0743,8.7312,6167.4728,8.7312,6299.9655,8.7312,6372.5447,8.7436,6388.8121,8.7609,6376.2298,8.7808,6339.0082,8.8055,6250.5943,8.8285,6107.9331,8.8417,5979.2276,8.8392,5968.6062,8.8218,6131.4564,8.8169,6430.0512,8.843,6741.8544,8.8979,6913.8007,8.9683,6857.2328,9.0384,6605.9545,9.0974,6281.5455,9.1416,6006.8648,9.1596,5841.4044,9.1545,5784.9964,9.1386,5813.2315,9.1235,5881.1055,9.1221,5926.9454,9.1308,5905.6225,9.1421,5807.5617,9.1476,5665.8985,9.1599,5547.5185,9.1518,5500.8748,9.1309,5525.5382,9.1155,5591.305,9.1119,5649.2637,9.1193,5646.265,9.1306,5568.3658,9.1388,5463.9824,9.1377,5397.3168,9.1173,5377.8903,9.0968,5370.0648,9.0819,5357.487,9.0605,5348.412,9.0404,5342.6617,9.0256,5332.433,9.0107,5316.3398,8.9928,5299.674,8.969,5286.835,8.9445,5277.3082,8.9277,5270.3416,8.9154,5262.607,8.9067,5248.1927,8.8954,5231.6035,8.869,5223.1618,8.8451,5222.4652,8.8254,5218.1057,8.8117,5204.5325,8.7997,5195.9383,8.7795,5203.4717,8.7673,5214.81,8.763,5216.5948,8.7594,5200.9509,8.7601,5162.1061,8.7598,5120.9851,8.7479,5117.9351,8.7312,5173.1504,8.7312,5275.2518,8.7312,5392.1276,8.7312,5496.6617,8.7312,5588.9761,8.7312,5666.4328,8.7401,5689.9912,8.7609,5628.5378,8.7785,5519.3816,8.7876,5433.1552,8.7809,5389.4119,8.7678,5384.2693,8.7509,5483.2732,8.7312,5739.95,8.7312,6032.372,8.7425,6145.9397,8.7896,6015.0014,8.8379,5778.195,8.8721,5608.871,8.869,5550.6145,8.8498,5536.095,8.8359,5515.5933,8.8153,5486.4129,8.7888,5443.5966,8.7655,5421.1615,8.7336,5546.5521,8.7312,5936.3651,8.7312,6544.201,8.7312,7156.047,8.7312,7510.9323,8.7312,7476.9835,8.7312
144,350.9221,8.8434,350.9221,8.8434,4761.6956,8.8434,5081.5978,8.8434,5444.0061,8.8434,5763.2532,8.8434,5996.5676,8.8434,6131.788,8.8434,6181.6733,8.8434,6179.4894,8.8494,6138.5114,8.86,6054.8318,8.8672,5963.3479,8.8613,5931.012,8.8465,5991.1273,8.8434,6125.9498,8.8434,6291.622,8.8434,6433.5986,8.8434,6511.6158,8.8507,6528.8831,8.8654,6515.4117,8.883,6478.5454,8.9054,6394.6272,8.9259,6261.8332,8.9372,6141.7288,8.9327,6126.2379,8.9135,6268.6359,8.9066,6541.4686,8.93,6831.6087,8.9827,6990.4587,9.0513,6931.3136,9.1199,6686.7138,9.1776,6374.4965,9.2201,6113.2761,9.2366,5957.2427,9.2305,5900.3687,9.2139,5917.4393,9.1982,5970.2504,9.1961,6004.5643,9.2038,5976.9043,9.214,5875.7775,9.2191,5732.5934,9.2306,5612.0058,9.2222,5560.1992,9.2015,5577.0428,9.1865,5634.026,9.1835,5683.3888,9.1918,5672.7699,9.2037,5587.959,9.2128,5476.6118,9.2124,5403.6106,9.1927,5379.4139,9.1726,5367.861,9.1577,5351.7892,9.1369,5339.2727,9.1173,5330.0295,9.1027,5316.1314,9.0879,5296.2595,9.0702,5275.5622,9.0467,5257.9912,9.0229,5243.1889,9.0067,5231.2775,8.9948,5219.6305,8.9865,5202.6426,8.9756,5184.6195,8.9501,5175.1838,8.9269,5173.4661,8.9078,5167.5632,8.8947,5151.5193,8.8831,5141.8753,8.863,5153.0729,8.8516,5170.65,8.8492,5175.9635,8.8491,5159.3892,8.8538,5117.1979,8.8572,5076.5251,8.8494,5084.8559,8.8434,5160.3482,8.8434,5282.3268,8.8434,5413.7847,8.8434,5528.1225,8.8434,5626.1747,8.8434,5705.9556,8.8507,5730.3917,8.8714,5670.2729,8.8893,5562.9636,8.8986,5478.0336,8.892,5434.6919,8.8791,5430.0011,8.8621,5529.7376,8.8434,5785.0858,8.8434,6073.1149,8.8537,6183.7609,8.8999,6056.3394,8.9476,5828.1018,8.9809,5667.1752,8.9782,5614.0947,8.9594,5601.549,8.9451,5580.749,8.9246,5549.864,8.899,5505.2626,8.8762,5482.3601,8.8443,5609.0412,8.8434,6003.5842,8.8434,6622.353,8.8434,7248.5536,8.8434,7612.7887,8.8434,7577.9909,8.8434
145,348.8007,8.9533,348.8007,8.9533,4808.0682,8.9533,5155.4736,8.9533,5536.9748,8.9533,5864.0424,8.9533,6098.4607,8.9533,6231.6361,8.9533,6278.1088,8.9533,6273.0026,8.9601,6230.983,8.9705,6148.0778,8.9774,6058.4089,8.9714,6028.1781,8.9565,6090.2416,8.9533,6227.1026,8.9533,6395.1736,8.9533,6539.1989,8.9533,6617.86,8.9592,6634.445,8.9728,6620.4448,8.9894,6585.0482,9.0104,6505.0972,9.0298,6376.6357,9.04,6258.0221,9.035,6238.9849,9.0168,6371.3606,9.0107,6628.5589,9.0334,6902.7532,9.0845,7052.0376,9.1508,6993.0276,9.2175,6756.9697,9.2737,6457.3703,9.3146,6207.7238,9.3311,6058.3801,9.3255,6001.8095,9.3091,6013.4345,9.2933,6058.0932,9.2906,6086.1879,9.2969,6056.6335,9.3059,5956.4557,9.3109,5814.2604,9.3211,5692.6654,9.3131,5637.7609,9.2931,5650.6873,9.2788,5703.0577,9.2765,5746.888,9.2851,5730.932,9.2973,5641.3628,9.3065,5525.1944,9.3067,5447.9648,9.2878,5420.9889,9.2679,5407.2427,9.2531,5388.5542,9.2325,5373.1499,9.2132,5360.9328,9.1987,5343.6381,9.184,5319.8688,9.1662,5294.8431,9.1427,5272.3466,9.1196,5252.5535,9.1038,5236.3448,9.0923,5220.7772,9.0845,5200.1724,9.074,5179.5961,9.049,5168.8036,9.0265,5166.2165,9.0079,5157.9884,8.9951,5136.6383,8.9836,5123.601,8.9633,5141.3553,8.9533,5173.7349,8.9533,5192.4642,8.9533,5183.5683,8.9567,5145.6404,8.9605,5108.6021,8.9544,5121.0393,8.9533,5200.8149,8.9533,5326.3557,8.9533,5460.1777,8.9533,5575.7737,8.9533,5674.1995,8.9533,5754.0058,8.9609,5779.241,8.9811,5721.1111,8.9984,5615.5536,9.007,5531.1619,9.0002,5488.6675,8.9883,5485.7773,8.9719,5585.2542,8.9533,5835.7866,8.9533,6117.0937,8.9653,6224.7808,9.0094,6100.3218,9.0546,5876.8971,9.0857,5718.9875,9.0844,5669.6603,9.0677,5664.1172,9.0536,5650.7584,9.0333,5624.4291,9.0084,5581.1894,8.9856,5557.4737,8.9533,5682.6099,8.9533,6077.881,8.9533,6702.8875,8.9533,7339.2252,8.9533,7710.6221,8.9533,7675.205,8.9533
146,346.4834,9.0545,346.4834,9.0545,5006.0016,9.0545,5314.7752,9.0545,5675.1326,9.0545,5997.2055,9.0545,6231.859,9.0545,6365.1601,9.0545,6410.6213,9.0545,6402.8819,9.0621,6355.742,9.0732,6265.7338,9.0804,6169.6987,9.0741,6136.4256,9.0586,6199.3534,9.0545,6339.9375,9.0545,6513.417,9.0545,6664.1609,9.0545,6750.1456,9.0613,6772.7332,9.0756,6761.1139,9.0926,6722.2869,9.1142,6632.2767,9.1341,6490.636,9.1449,6363.0039,9.1401,6347.1038,9.1204,6501.6769,9.1126,6799.3196,9.135,7117.4944,9.1869,7293.354,9.2551,7230.6146,9.3236,6962.9141,9.381,6618.9602,9.4233,6330.406,9.4389,6157.4309,9.4325,6089.94,9.4155,6095.5387,9.3991,6136.14,9.3952,6165.0747,9.3995,6142.0156,9.4069,6047.5663,9.4107,5903.3792,9.422,5774.3869,9.4137,5716.1024,9.394,5735.266,9.3799,5800.0227,9.378,5853.8302,9.3876,5838.609,9.4008,5739.6765,9.411,5609.5089,9.4117,5521.1464,9.3924,5489.1,9.3721,5474.1656,9.3573,5455.3241,9.3369,5439.973,9.3174,5427.7841,9.3028,5410.1022,9.2879,5385.8828,9.2696,5361.1764,9.2456,5339.9576,9.2225,5322.0036,9.2069,5307.5939,9.1955,5293.0342,9.1877,5272.4699,9.1773,5251.5887,9.1523,5240.7068,9.1292,5238.417,9.1105,5230.808,9.0979,5210.7124,9.0865,5200.4707,9.0651,5222.058,9.0545,5256.7044,9.0545,5274.1345,9.0545,5260.483,9.0595,5215.9315,9.064,5173.0481,9.0574,5182.8735,9.0545,5263.6373,9.0545,5392.4649,9.0545,5531.032,9.0545,5653.2317,9.0545,5760.5835,9.0545,5849.6241,9.0613,5879.0233,9.0825,5816.3699,9.1005,5701.4951,9.1099,5609.7513,9.103,5563.5724,9.0896,5561.2979,9.0724,5671.122,9.0545,5944.551,9.0545,6251.6503,9.0645,6370.3749,9.1113,6234.5384,9.1589,5989.5688,9.1919,5815.7239,9.1876,5757.0636,9.1682,5743.8504,9.1541,5725.493,9.134,5697.2977,9.1097,5652.4179,9.0876,5630.4001,9.0551,5770.451,9.0545,6194.9572,9.0545,6849.263,9.0545,7502.5837,9.0545,7879.5884,9.0545,7843.4095,9.0545
147,343.9986,9.1398,343.9986,9.1398,5047.8062,9.1398,5377.8657,9.1398,5751.3999,9.1398,6078.0902,9.1398,6313.2627,9.1398,6445.2039,9.1398,6488.648,9.1403,6480.481,9.1486,6436.7258,9.1599,6353.5281,9.1673,6263.0468,9.1614,6228.2273,9.1459,6281.9774,9.1398,6410.0545,9.1398,6570.3239,9.1398,6707.7786,9.1398,6782.7287,9.1504,6799.1799,9.1662,6786.4127,9.1845,6750.0342,9.2075,6664.7511,9.2287,6528.4545,9.2404,6404.5818,9.236,6388.4103,9.2164,6536.5993,9.2087,6822.4053,9.2318,7128.3947,9.2849,7298.4321,9.3545,7239.6668,9.4242,6984.16,9.4828,6655.9031,9.526,6381.4414,9.5424,6217.3405,9.5362,6151.2276,9.5193,6149.9225,9.5024,6179.9088,9.4975,6204.1838,9.4996,6187.0057,9.5051,6103.8169,9.5084,5969.8398,9.5197,5847.857,9.5118,5793.4057,9.4925,5813.9199,9.4786,5878.4168,9.4771,5931.6233,9.4871,5917.48,9.5008,5822.208,9.5113,5696.8294,9.5122,5612.417,9.4926,5582.8631,9.4717,5569.3602,9.4567,5551.4944,9.4362,5537.0385,9.4165,5525.5929,9.4017,5508.5552,9.3863,5485.3218,9.3672,5462.0713,9.3425,5442.2791,9.3191,5425.2144,9.3034,5411.4943,9.2918,5398.1689,9.2839,5379.19,9.2733,5359.493,9.2478,5349.3127,9.2242,5347.6963,9.205,5341.4638,9.1922,5323.5447,9.1806,5313.0757,9.1588,5327.4214,9.1468,5348.9381,9.1455,5353.9189,9.147,5332.6632,9.1529,5284.4715,9.1567,5238.9586,9.1483,5245.1089,9.1398,5321.3524,9.1398,5446.0683,9.1398,5581.3862,9.1398,5700.7287,9.1398,5805.0832,9.1398,5891.5215,9.1472,5920.5236,9.1686,5860.9907,9.1868,5752.1354,9.196,5667.1263,9.1886,5625.6955,9.175,5624.0545,9.1578,5729.042,9.1398,5992.0532,9.1398,6286.9675,9.151,6399.3425,9.198,6267.8426,9.246,6035.1512,9.2786,5874.1295,9.274,5823.1163,9.2542,5812.344,9.2395,5795.2701,9.2196,5769.742,9.1959,5727.2689,9.1742,5704.2959,9.1413,5839.9368,9.1398,6261.627,9.1398,6920.351,9.1398,7583.4787,9.1398,7967.6117,9.1398,7930.8141,9.1398
148,341.3796,9.2043,341.3796,9.2043,5064.6344,9.2043,5415.4264,9.2043,5802.824,9.2043,6134.9124,9.2043,6370.8034,9.2043,6501.8301,9.2043,6544.7316,9.206,6538.0566,9.2146,6498.8802,9.2259,6422.7575,9.2336,6337.8409,9.2282,6301.2492,9.2131,6343.9705,9.2043,6455.0177,9.2043,6596.5532,9.2043,6717.4575,9.2062,6781.4623,9.2216,6793.3742,9.2395,6780.5951,9.2597,6746.7903,9.2844,6664.7102,9.3073,6529.3682,9.3201,6404.3695,9.3167,6388.4767,9.2984,6537.135,9.2925,6819.0385,9.3173,7118.4017,9.3715,7285.4653,9.4418,7230.8683,9.5123,6985.4754,9.5717,6669.1463,9.6157,6403.767,9.6339,6244.1293,9.6291,6178.8059,9.6129,6174.0825,9.5959,6197.4142,9.59,6219.354,9.5896,6209.6106,9.5929,6138.6244,9.5959,6013.9285,9.6067,5896.6273,9.5997,5845.2701,9.5812,5869.7553,9.5678,5938.3592,9.5668,5994.6167,9.5775,5983.2714,9.5917,5891.3133,9.6025,5769.5309,9.6037,5688.9037,9.5847,5663.0935,9.5637,5652.67,9.5487,5637.1335,9.5281,5624.6108,9.5084,5614.8329,9.4934,5599.5367,9.4774,5578.6629,9.4575,5558.3707,9.4325,5541.6532,9.4089,5527.3841,9.393,5516.3991,9.3813,5506.1301,9.373,5489.7496,9.3619,5471.4536,9.3357,5462.3544,9.3117,5462.2359,9.2922,5457.6649,9.2788,5441.4954,9.2669,5432.0326,9.2453,5444.9184,9.233,5463.0062,9.2307,5465.6078,9.23,5445.9674,9.2329,5403.7493,9.2333,5361.7896,9.2215,5359.1915,9.2043,5415.6245,9.2043,5520.355,9.2043,5641.2501,9.2043,5750.514,9.2043,5847.6642,9.2043,5929.9086,9.2137,5958.3731,9.2348,5901.671,9.2525,5797.2609,9.261,5716.7307,9.2529,5679.3188,9.2398,5679.279,9.223,5779.6052,9.2043,6031.5013,9.2043,6314.9513,9.2187,6422.4258,9.2649,6294.0149,9.3115,6067.9941,9.3427,5912.7877,9.339,5866.8095,9.3202,5861.9487,9.3055,5851.5886,9.2857,5832.6115,9.2624,5794.4528,9.2406,5770.7923,9.2069,5901.0711,9.2043,6317.6115,9.2043,6976.4797,9.2043,7644.5978,9.2043,8033.0598,9.2043,7995.9196,9.2043
149,338.6604,9.2443,338.6604,9.2443,5066.0834,9.2443,5432.0018,9.2443,5829.921,9.2443,6165.9304,9.2443,6401.5448,9.2443,6531.0188,9.2443,6573.4419,9.2475,6568.7047,9.2567,6534.1509,9.2682,6464.5113,9.2762,6384.5716,9.2716,6346.0175,9.2568,6376.6775,9.2453,6467.4421,9.2443,6586.7047,9.2443,6690.9425,9.2534,6747.4473,9.2716,6758.7911,9.2918,6748.7683,9.314,6719.3576,9.3406,6641.7567,9.3655,6508.0474,9.3798,6382.2876,9.3782,6367.8084,9.3629,6519.5594,9.3599,6801.2347,9.3869,7097.6267,9.4423,7264.0989,9.5131,7213.9402,9.584,6977.003,9.644,6669.937,9.6889,6411.0106,9.709,6254.3498,9.7059,6190.7166,9.6907,6186.5153,9.6735,6208.9065,9.6665,6232.9419,9.6642,6231.9384,9.6656,6172.6128,9.6684,6056.9422,9.6785,5945.1833,9.6723,5898.5424,9.6544,5928.574,9.6414,6002.5925,9.6407,6063.3763,9.6514,6056.7795,9.6655,5970.7492,9.676,5855.7038,9.677,5781.7037,9.6582,5761.6152,9.6371,5755.6701,9.6219,5743.6547,9.6009,5734.2254,9.5809,5727.4083,9.5656,5715.2827,9.5487,5698.2324,9.5278,5682.4219,9.5023,5670.5836,9.4782,5661.4167,9.4619,5655.4925,9.4497,5649.5589,9.441,5635.8706,9.4294,5618.8152,9.402,5610.9323,9.3773,5612.6356,9.3571,5610.2304,9.343,5596.5649,9.3305,5588.2904,9.3088,5598.3355,9.2956,5611.3536,9.2915,5612.6968,9.2876,5600.431,9.2864,5573.1753,9.2843,5541.0867,9.2725,5527.1001,9.2554,5552.3945,9.2443,5622.9891,9.2443,5717.2764,9.2443,5807.5728,9.2443,5891.7993,9.2443,5966.9327,9.2569,5993.8103,9.2775,5939.5298,9.2946,5839.1955,9.3019,5762.9873,9.2931,5729.7206,9.2806,5730.8672,9.2643,5825.077,9.2443,6064.7742,9.2443,6337.3453,9.2624,6440.8708,9.3075,6314.8196,9.3525,6092.9346,9.3822,5940.7082,9.3792,5898.2651,9.3617,5899.7596,9.3472,5897.6823,9.3275,5886.8884,9.3044,5854.6847,9.2822,5831.8702,9.2479,5956.9507,9.2443,6365.9571,9.2443,7020.2106,9.2443,7688.0129,9.2443,8077.5895,9.2443,8040.4063,9.2443
150,335.8721,9.2572,335.8721,9.2572,5201.8542,9.2572,5514.2746,9.2572,5880.449,9.2572,6205.9156,9.2572,6439.2474,9.2572,6568.7851,9.2572,6611.978,9.2628,6606.3514,9.2733,6566.4901,9.2859,6487.519,9.2948,6399.9768,9.2907,6360.1507,9.2763,6392.6602,9.2646,6484.9331,9.2597,6608.6105,9.264,6722.5028,9.2778,6790.1618,9.2987,6809.6912,9.3211,6802.9039,9.3453,6769.8945,9.374,6679.755,9.401,6527.1863,9.4173,6387.6885,9.4179,6380.3573,9.4048,6568.791,9.4035,6909.7798,9.4325,7266.9695,9.4899,7470.7184,9.5627,7419.1855,9.6354,7145.3136,9.6969,6783.8505,9.7433,6474.3544,9.7642,6284.7434,9.7615,6208.6803,9.7464,6207.6711,9.7289,6241.7666,9.7213,6280.4406,9.7187,6293.2735,9.7199,6242.7422,9.7224,6127.2283,9.733,6011.0441,9.7268,5965.8212,9.709,6008.2657,9.6959,6101.1239,9.695,6178.081,9.7054,6177.8298,9.7191,6088.1158,9.7292,5965.7402,9.7297,5887.2614,9.7104,5867.2636,9.6887,5863.963,9.6734,5855.0342,9.6519,5848.697,9.631,5845.1405,9.6151,5836.3105,9.5975,5822.7841,9.5757,5811.3905,9.5494,5805.3726,9.5246,5803.2071,9.5077,5804.1978,9.4951,5803.1855,9.4859,5791.4189,9.4739,5774.5413,9.4453,5767.3158,9.4193,5770.7952,9.3982,5770.8917,9.3833,5760.6284,9.3704,5754.9446,9.348,5763.436,9.3336,5772.2959,9.3273,5773.2782,9.3194,5768.3259,9.3138,5754.37,9.3084,5735.7555,9.2952,5724.5355,9.279,5730.9765,9.2652,5765.9982,9.2572,5826.7367,9.2572,5897.261,9.2572,5975.355,9.2594,6052.2204,9.2745,6079.5843,9.2951,6018.5423,9.3117,5907.5696,9.3184,5824.3485,9.3085,5789.8839,9.2954,5793.3723,9.2791,5895.2781,9.2572,6153.261,9.2572,6449.5131,9.2772,6562.8841,9.3237,6420.7695,9.3695,6168.4705,9.3997,5991.6055,9.395,5937.3185,9.3765,5935.5713,9.362,5934.8548,9.3424,5927.526,9.3192,5898.7186,9.2968,5880.8754,9.2624,6018.1504,9.2572,6446.0647,9.2572,7114.3612,9.2572,7784.2224,9.2572,8170.7951,9.2572,8133.6666,9.2572
151,332.877,9.2417,332.877,9.2417,5175.1344,9.2417,5483.2442,9.2417,5841.7242,9.2417,6156.5294,9.2417,6377.7971,9.2417,6496.4114,9.2441,6532.3031,9.2548,6523.3403,9.2688,6481.5782,9.285,6398.6772,9.2968,6305.7533,9.2943,6265.691,9.2804,6307.2251,9.2691,6412.5981,9.2655,6546.4939,9.2715,6666.7854,9.2871,6739.2284,9.3098,6763.1366,9.3338,6760.5531,9.3596,6731.724,9.3901,6645.9157,9.4189,6497.6823,9.4368,6361.9236,9.4391,6357.0208,9.4278,6546.3108,9.4281,6887.1726,9.4587,7244.5313,9.5177,7449.9602,9.5921,7401.96,9.6662,7132.8081,9.7288,6776.0705,9.7764,6470.2882,9.7979,6283.4108,9.7956,6210.3965,9.7804,6214.0673,9.7627,6254.4396,9.7549,6299.5942,9.7528,6317.8211,9.7542,6271.8421,9.7569,6161.3342,9.768,6051.0914,9.7618,6011.4983,9.7441,6057.7336,9.7308,6152.8342,9.7295,6232.3154,9.7394,6236.6348,9.7528,6154.4433,9.7623,6041.4446,9.7622,5971.1553,9.7423,5956.3864,9.7202,5956.3322,9.7046,5950.1201,9.6826,5946.5252,9.661,5945.8929,9.6446,5940.2936,9.6263,5930.3912,9.6038,5923.0161,9.5768,5921.3861,9.5512,5923.8265,9.5338,5929.1798,9.5208,5931.6573,9.5112,5922.1708,9.4988,5906.6929,9.469,5900.6173,9.4419,5905.3374,9.4199,5907.0884,9.4045,5899.1987,9.391,5895.0431,9.3681,5900.936,9.3527,5903.2895,9.345,5900.2227,9.3344,5899.9018,9.3251,5897.3183,9.3172,5889.3944,9.3026,5883.2635,9.2864,5884.3157,9.2727,5898.8864,9.26,5930.4686,9.2532,5976.1834,9.2536,6039.3116,9.2586,6109.2019,9.2717,6135.2946,9.2905,6078.0079,9.3053,5976.1782,9.3099,5906.0444,9.2975,5881.8044,9.2839,5882.4953,9.2679,5964.8908,9.2417,6195.8786,9.2417,6471.0076,9.266,6574.5215,9.3135,6431.9281,9.3596,6185.1685,9.3897,6015.6605,9.3837,5966.1013,9.3643,5965.9507,9.3497,5967.2738,9.33,5965.0797,9.3064,5943.1621,9.2837,5928.2628,9.2493,6059.2179,9.2417,6474.0695,9.2417,7130.0923,9.2417,7792.3124,9.2417,8175.6095,9.2417,8138.8347,9.2417
152,329.5762,9.1986,329.5762,9.1986,5125.122,9.1986,5425.5118,9.1986,5773.015,9.1986,6075.0191,9.1986,6284.3187,9.1986,6395.0069,9.2068,6428.4624,9.2205,6421.1507,9.2375,6382.5911,9.257,6302.6676,9.2719,6212.7503,9.2724,6177.3186,9.2613,6224.953,9.2525,6335.9803,9.2514,6474.4098,9.2595,6598.8114,9.2768,6675.4028,9.3013,6703.5021,9.327,6705.0116,9.3543,6680.059,9.3864,6597.9024,9.4169,6453.1021,9.4364,6320.4746,9.4405,6318.3101,9.4315,6509.9985,9.4338,6853.1419,9.4662,7212.9389,9.5267,7421.0965,9.6024,7375.961,9.6776,7109.3978,9.7412,6754.3489,9.7897,6448.8181,9.8123,6261.6605,9.8105,6190.4409,9.7956,6199.3267,9.7778,6246.6316,9.7702,6298.0374,9.7686,6320.9985,9.7704,6278.6241,9.7736,6171.2216,9.7849,6064.1971,9.7791,6028.2919,9.7615,6078.3534,9.7481,6176.9022,9.7467,6259.6138,9.7564,6267.676,9.7696,6190.3811,9.7787,6083.1163,9.7783,6018.0182,9.7582,6006.9817,9.7357,6009.5692,9.7201,6005.5935,9.6977,6004.1976,9.6757,6005.9097,9.6589,6002.8792,9.6403,5995.8054,9.6173,5991.5799,9.5899,5993.4773,9.5638,5999.7126,9.5461,6008.7127,9.5328,6014.0682,9.5229,6006.3298,9.5101,5991.8193,9.4795,5986.6437,9.4517,5992.5231,9.4292,5995.6237,9.4133,5989.5358,9.3994,5988.0994,9.376,5996.684,9.3601,6000.1085,9.3522,5997.725,9.3408,5999.9719,9.3306,6000.4826,9.3223,5994.1923,9.3072,5989.0377,9.2906,5989.2322,9.2766,5997.7071,9.2633,6019.6554,9.2543,6057.785,9.2509,6117.4428,9.2517,6186.8104,9.2609,6215.2456,9.2765,6164.8118,9.2884,6074.3612,9.2902,6016.4597,9.2752,6000.9155,9.2612,6001.307,9.2453,6068.6261,9.2173,6274.3472,9.2069,6527.8998,9.238,6620.9622,9.2848,6477.564,9.3293,6236.9065,9.3572,6076.6313,9.3489,6034.0923,9.3287,6037.0414,9.314,6040.825,9.2937,6044.1893,9.269,6030.3929,9.2454,6017.4111,9.2112,6134.1017,9.1986,6522.0086,9.1986,7151.6977,9.1986,7796.1026,9.1986,8171.1888,9.1986,8135.2738,9.1986
153,325.9141,9.1304,325.9141,9.1304,5052.62,9.1304,5344.1895,9.1304,5679.1392,9.1304,5966.7157,9.1304,6162.6749,9.1304,6264.5373,9.1446,6295.2519,9.1613,6289.7069,9.1815,6254.951,9.2045,6179.654,9.2229,6094.8425,9.2267,6064.5508,9.219,6116.8085,9.2131,6231.7936,9.2149,6373.8518,9.2252,6501.9912,9.2447,6582.6807,9.2711,6615.2391,9.2986,6621.362,9.3277,6600.9774,9.3617,6523.3576,9.3942,6383.0795,9.4155,6254.5777,9.4218,6255.508,9.4154,6448.9933,9.42,6793.053,9.4546,7153.7677,9.5169,7363.7218,9.5941,7321.612,9.6707,7058.8075,9.7355,6706.903,9.7854,6402.5132,9.8091,6215.3118,9.8081,6146.2629,9.7935,6161.2132,9.776,6216.059,9.7687,6273.6862,9.7678,6301.1639,9.7703,6262.2821,9.7741,6157.8505,9.7859,6053.8377,9.7804,6021.5154,9.7629,6075.5439,9.7495,6177.8491,9.7481,6264.1108,9.7577,6276.1359,9.7708,6203.7476,9.7798,6102.027,9.7793,6041.9235,9.7589,6034.5487,9.7361,6039.8299,9.7204,6038.2277,9.6978,6039.1788,9.6755,6043.3702,9.6586,6043.073,9.6398,6039.0221,9.6164,6038.1618,9.5886,6043.8254,9.5621,6054.0887,9.5441,6066.935,9.5305,6075.3588,9.5204,6069.615,9.5073,6056.3488,9.476,6052.2629,9.4476,6059.4165,9.4246,6064.0568,9.4083,6060.0099,9.3941,6061.4933,9.3702,6073.6744,9.3538,6080.57,9.3457,6081.0599,9.3338,6085.5623,9.3234,6087.6445,9.3148,6082.5288,9.2992,6078.8776,9.282,6079.9217,9.2679,6085.3675,9.254,6099.6933,9.2434,6129.7648,9.237,6184.9287,9.234,6253.9694,9.2395,6286.5725,9.2522,6246.1339,9.2618,6168.983,9.2617,6121.0306,9.2455,6108.9838,9.2314,6106.942,9.2151,6165.8262,9.1852,6360.4087,9.1713,6606.5757,9.1989,6699.0588,9.2428,6562.1568,9.2841,6335.226,9.3076,6191.9048,9.2951,6161.2973,9.2736,6168.3746,9.2586,6174.078,9.2372,6183.6314,9.2105,6179.9118,9.1855,6167.4191,9.1516,6259.5395,9.1304,6603.4016,9.1304,7190.3804,9.1304,7805.8115,9.1304,8167.4938,9.1304,8132.9808,9.1304
154,321.8793,9.0418,321.8793,9.0418,4954.6969,9.0418,5234.7618,9.0418,5555.3998,9.0418,5829.3754,9.0418,6015.9744,9.0467,6114.3121,9.0641,6146.2406,9.0833,6144.1897,9.1063,6113.3872,9.1325,6042.0974,9.1541,5961.6149,9.1611,5935.8762,9.1565,5992.3871,9.1536,6111.0511,9.1581,6256.4571,9.1707,6388.0053,9.1922,6472.3993,9.2206,6509.0136,9.2499,6519.392,9.2809,6503.2041,9.3168,6429.6714,9.3514,6293.4805,9.3745,6168.8701,9.3831,6173.0098,9.3798,6368.8061,9.3872,6714.5517,9.4242,7076.8609,9.4884,7288.8576,9.5672,7249.5008,9.6451,6989.7781,9.7111,6639.9801,9.7623,6335.3018,9.7874,6146.7261,9.7873,6079.6395,9.7732,6101.6587,9.7562,6165.0527,9.7496,6229.256,9.7495,6261.4425,9.7527,6226.3613,9.7571,6125.0622,9.7694,6024.1083,9.7644,5995.7044,9.747,6054.4683,9.7335,6161.5357,9.732,6252.374,9.7416,6269.2385,9.7546,6202.4329,9.7634,6106.8684,9.7626,6052.4116,9.7419,6049.3352,9.7189,6057.8816,9.7031,6059.1771,9.6801,6062.9591,9.6577,6070.0944,9.6407,6072.9966,9.6218,6072.4341,9.5981,6075.4671,9.5699,6085.5491,9.543,6100.5835,9.5245,6118.0004,9.5107,6130.028,9.5002,6126.5374,9.4868,6114.6097,9.4548,6111.7285,9.4257,6120.3731,9.4022,6126.8017,9.3854,6125.0159,9.3709,6129.6986,9.3464,6145.8652,9.3294,6156.6074,9.3211,6160.242,9.3088,6167.2268,9.298,6171.1279,9.2891,6167.1416,9.273,6164.5314,9.2552,6167.1567,9.2406,6172.5354,9.2266,6181.5905,9.2155,6202.8609,9.207,6251.4463,9.2005,6318.895,9.2024,6355.2721,9.2119,6324.85,9.2189,6261.2233,9.2168,6223.4721,9.1994,6215.531,9.1853,6212.9433,9.1686,6265.7527,9.1364,6449.3381,9.1187,6686.0089,9.1427,6776.1641,9.1832,6645.0599,9.2207,6431.2428,9.2396,6304.3066,9.2228,6285.6105,9.2,6297.1333,9.1847,6304.7775,9.162,6320.1357,9.133,6325.778,9.1064,6312.4119,9.0726,6377.7022,9.0418,6674.3842,9.0418,7214.9205,9.0418,7797.9571,9.0418,8144.3418,9.0418,8111.4177,9.0418
155,318.0823,8.9386,318.0823,8.9386,4846.4469,8.9386,5114.1223,8.9386,5421.1032,8.9386,5683.5067,8.9386,5862.9285,8.9483,5959.0779,8.9679,5992.5445,8.9893,5993.5933,9.0148,5965.8395,9.0439,5897.3234,9.0684,5820.001,9.0784,5798.145,9.0768,5858.8692,9.0766,5981.6122,9.0838,6130.9326,9.0986,6266.3919,9.122,6354.7362,9.1521,6395.3013,9.1831,6409.5082,9.2159,6396.786,9.2536,6326.2838,9.2901,6192.9715,9.315,6071.4018,9.326,6078.8827,9.3261,6278.4095,9.3366,6628.1734,9.3761,6994.3128,9.442,7209.4062,9.5219,7172.1781,9.6009,6913.5066,9.6679,6562.9869,9.7202,6254.9509,9.7469,6062.5193,9.7478,5996.5516,9.7343,6026.3083,9.7181,6098.9734,9.7122,6169.7989,9.713,6206.5976,9.7167,6175.3184,9.7218,6076.8457,9.7344,5978.3575,9.7299,5953.6064,9.7126,6017.4919,9.699,6130.1127,9.6974,6226.2835,9.7068,6248.3154,9.7196,6186.9038,9.728,6097.1405,9.727,6048.2255,9.706,6049.6506,9.6827,6061.7677,9.6667,6066.2287,9.6434,6073.0646,9.6209,6083.3492,9.6039,6089.6138,9.585,6092.6549,9.5611,6099.7901,9.5324,6114.7172,9.505,6135.1334,9.4861,6157.7825,9.472,6173.8888,9.4612,6172.7803,9.4474,6162.1405,9.4145,6160.5523,9.3849,6171.0115,9.3607,6179.6046,9.3435,6180.4058,9.3286,6188.7553,9.3034,6209.6177,9.2857,6224.9503,9.2771,6232.3581,9.2643,6242.336,9.2531,6248.3791,9.2439,6245.6779,9.2272,6244.1845,9.2087,6248.6569,9.1937,6255.3385,9.1794,6261.373,9.1678,6274.5496,9.1577,6314.9802,9.148,6379.1724,9.146,6418.8448,9.152,6398.7262,9.1562,6349.1852,9.1518,6321.7465,9.1331,6317.8044,9.1188,6317.3518,9.1017,6370.6235,9.0681,6548.4408,9.0488,6775.4966,9.0706,6861.5843,9.1078,6737.9698,9.1416,6539.2512,9.1564,6424.2897,9.1371,6409.4589,9.1137,6421.1598,9.0979,6430.0212,9.0735,6450.3671,9.0419,6463.912,9.0135,6448.5137,8.9796,6486.5095,8.9386,6735.2419,8.9386,7227.338,8.9386,7775.6553,8.9386,8105.4518,8.9386,8074.2512,8.9386
156,314.546,8.8279,314.546,8.8279,4739.1984,8.8279,4995.2716,8.8279,5290.3579,8.8279,5543.8015,8.8279,5718.3445,8.8411,5813.2657,8.8623,5848.0003,8.8852,5851.2275,8.9128,5825.2421,8.9441,5758.0066,8.9707,5682.4178,8.9831,5663.3977,8.984,5727.7723,8.9863,5854.3936,8.9955,6007.6515,9.0121,6147.1972,9.0371,6239.6215,9.0687,6283.8334,9.1012,6300.9502,9.1356,6290.4073,9.1748,6221.6061,9.2129,6090.012,9.2393,5970.7626,9.2523,5981.6263,9.2557,6185.8138,9.2693,6541.1341,9.3111,6912.5977,9.3782,7131.5887,9.4587,7096.4206,9.5381,6838.3033,9.6056,6486.917,9.6585,6176.0299,9.6868,5980.0765,9.6892,5915.0777,9.6768,5953.507,9.6615,6037.7657,9.6565,6116.1511,9.6585,6155.4534,9.6632,6124.6754,9.669,6026.8333,9.6814,5929.965,9.6772,5908.2704,9.6599,5976.1527,9.6463,6093.0041,9.6443,6193.623,9.6531,6220.4153,9.6653,6164.3012,9.6731,6080.5057,9.6716,6037.3399,9.6502,6043.2585,9.6265,6058.7387,9.6104,6066.0922,9.5865,6075.6981,9.5641,6088.835,9.5471,6098.0799,9.5282,6104.1677,9.5044,6114.745,9.4751,6133.8889,9.4471,6159.1161,9.4278,6186.4774,9.4132,6206.1698,9.4021,6206.9307,9.3879,6197.0964,9.3541,6196.4693,9.324,6208.5612,9.2993,6219.07,9.2815,6221.9003,9.2662,6233.0677,9.2402,6257.6779,9.2218,6276.6772,9.2128,6287.0652,9.1996,6299.4274,9.188,6307.0953,9.1785,6305.2474,9.1612,6304.3514,9.1422,6309.8623,9.1267,6318.1609,9.112,6323.9543,9.1002,6331.8689,9.0897,6364.1239,9.0782,6423.0832,9.0732,6463.8451,9.0761,6451.5978,9.0777,6413.6649,9.0712,6394.9965,9.0515,6394.255,9.037,6394.6864,9.0194,6447.3905,8.9844,6620.6035,8.964,6841.0126,8.9839,6924.7672,9.0178,6806.075,9.0482,6616.0173,9.0602,6507.9278,9.0406,6496.9275,9.0174,6511.4044,9.0008,6522.7258,8.975,6545.8918,8.9409,6563.9165,8.9102,6551.2276,8.8748,6578.8725,8.831,6795.8085,8.8279,7243.4861,8.8279,7754.0353,8.8279,8065.0675,8.8279,8035.857,8.8279
157,311.2469,8.7171,311.2469,8.7171,4532.0718,8.7171,4820.8919,8.7171,5124.7062,8.7171,5364.6645,8.7171,5520.5412,8.7316,5604.2008,8.7535,5637.7951,8.7772,5647.2916,8.8058,5633.3679,8.8384,5582.8855,8.8667,5523.2095,8.8809,5510.964,8.8837,5569.0089,8.8877,5679.0115,8.8983,5811.7562,8.916,5933.5584,8.9421,6015.4986,8.9746,6056.9643,9.0082,6077.2494,9.0437,6076.1068,9.084,6025.4416,9.1233,5918.5924,9.1507,5818.8902,9.165,5828.0084,9.1702,6000.8477,9.1856,6302.6309,9.2288,6619.7763,9.2969,6808.7793,9.3781,6782.9739,9.4582,6569.9441,9.5263,6280.6849,9.5797,6027.3541,9.6089,5870.6801,9.612,5825.8509,9.6001,5873.5367,9.5855,5962.0655,9.5821,6038.8967,9.5867,6071.0835,9.594,6035.2787,9.6012,5942.9867,9.614,5859.6636,9.6101,5846.9169,9.5926,5910.8587,9.5786,6015.1292,9.5762,6106.067,9.5844,6135.388,9.596,6094.9953,9.6031,6032.2627,9.601,6005.3049,9.5791,6018.9399,9.555,6037.2365,9.5386,6046.3793,9.5144,6057.8191,9.4916,6073.1695,9.4744,6085.145,9.4557,6094.0334,9.4322,6107.2683,9.4025,6128.8951,9.374,6156.1367,9.3544,6185.0978,9.3395,6206.6451,9.3282,6209.9778,9.3136,6202.8198,9.2792,6203.9012,9.2487,6216.7963,9.2236,6228.2552,9.2054,6232.7008,9.1898,6245.8456,9.163,6272.4219,9.1439,6293.2948,9.1347,6305.4128,9.1211,6319.2409,9.1092,6328.3211,9.0994,6328.0976,9.0818,6328.7052,9.0624,6335.2722,9.0465,6344.6939,9.0314,6351.4393,9.0194,6356.8519,9.0087,6380.1756,8.9965,6427.626,8.9899,6463.4067,8.9908,6457.7257,8.9907,6433.0948,8.9828,6425.1056,8.9623,6428.8373,8.9476,6428.1301,8.9297,6468.5322,8.8935,6613.0611,8.8719,6801.1677,8.8907,6873.6918,8.9227,6774.4252,8.9514,6618.4421,8.9616,6536.078,8.9416,6534.8313,8.918,6550.2257,8.901,6560.6876,8.874,6583.6584,8.8376,6604.1443,8.8051,6594.1831,8.7685,6610.8203,8.7258,6791.5825,8.7171,7190.5111,8.7171,7663.5651,8.7171,7958.0954,8.7171,7930.7952,8.7171
158,308.1638,8.6139,308.1638,8.6139,4471.2281,8.6139,4742.8181,8.6139,5035.5975,8.6139,5272.8673,8.6139,5430.3979,8.6274,5516.2213,8.6493,5551.1977,8.673,5561.2328,8.7017,5547.0687,8.735,5495.6456,8.7639,5434.4268,8.7789,5420.7217,8.7825,5478.707,8.7869,5590.6649,8.7981,5726.6965,8.8163,5851.9583,8.8429,5936.6621,8.8761,5979.8622,8.9102,6000.8213,8.9462,5999.0845,8.9872,5946.4747,9.0273,5837.3261,9.0554,5736.949,9.0704,5748.8145,9.0757,5928.4454,9.091,6239.796,9.1348,6566.1046,9.204,6760.2811,9.2866,6733.8654,9.3677,6515.3204,9.4367,6218.0929,9.4909,5956.8103,9.52,5794.4817,9.5228,5749.57,9.5106,5805.7083,9.4963,5907.7985,9.4943,5993.0067,9.502,6022.7776,9.5124,5979.1732,9.521,5881.3432,9.5349,5796.8092,9.5308,5785.0538,9.5128,5849.9272,9.4982,5955.098,9.4953,6047.7904,9.503,6079.5628,9.5142,6042.2895,9.5209,5983.3123,9.5182,5959.445,9.4955,5974.6275,9.4709,5993.7544,9.4545,6003.8699,9.43,6016.5047,9.4069,6033.2736,9.3896,6046.7343,9.3713,6056.8925,9.3482,6071.4061,9.3184,6094.7338,9.2895,6123.9552,9.2696,6154.6924,9.2545,6177.64,9.243,6182.1706,9.2283,6176.0305,9.1936,6177.736,9.1627,6190.9292,9.1373,6202.871,9.119,6208.2615,9.1033,6222.436,9.0763,6249.8568,9.057,6271.6478,9.0477,6284.7168,9.0337,6299.1495,9.0217,6308.6334,9.0119,6308.9705,8.9941,6310.111,8.9744,6316.9224,8.9584,6326.8007,8.943,6334.7559,8.931,6340.9394,8.9202,6362.82,8.9075,6407.4728,8.9002,6441.8221,8.9006,6437.4493,8.8997,6415.8066,8.8912,6410.1587,8.8702,6415.0641,8.8555,6416.107,8.8374,6458.7275,8.8003,6603.7617,8.7772,6790.6225,8.7954,6862.1727,8.828,6763.7016,8.8571,6609.8026,8.8672,6527.9256,8.8455,6523.9751,8.8211,6535.4711,8.8041,6542.7227,8.7764,6563.5021,8.7384,6583.7625,8.7046,6575.5887,8.6681,6591.2102,8.6251,6761.7577,8.6139,7142.244,8.6139,7597.1522,8.6139,7881.7881,8.6139,7855.4829,8.6139
159,305.2771,8.5253,305.2771,8.5253,4431.9991,8.5253,4688.0023,8.5253,4974.5454,8.5253,5215.2063,8.5253,5378.885,8.5362,5468.6035,8.5569,5504.649,8.5797,5514.0242,8.6077,5498.0272,8.6403,5443.683,8.6688,5378.7286,8.6837,5361.6921,8.6872,5418.524,8.6912,5532.0646,8.7022,5671.2934,8.7202,5799.7356,8.7465,5886.432,8.7795,5930.1488,8.8135,5950.3829,8.8495,5946.463,8.8904,5889.7886,8.9305,5775.6602,8.9588,5672.1694,8.974,5685.8674,8.9791,5873.6413,8.9942,6197.6036,9.038,6536.0854,9.1074,6736.5521,9.1903,6707.8959,9.2716,6479.988,9.3406,6170.1854,9.395,5897.0053,9.4238,5726.1777,9.4265,5679.2565,9.4145,5742.5884,9.4011,5856.9676,9.4006,5949.0103,9.4109,5975.2866,9.424,5923.2035,9.4335,5818.4506,9.4482,5730.505,9.4439,5717.96,9.4253,5783.3128,9.4103,5889.8495,9.4069,5984.5641,9.4139,6017.9502,9.4246,5981.6596,9.4308,5923.7455,9.4277,5900.7359,9.4047,5916.027,9.3804,5935.1305,9.3641,5945.6416,9.3394,5958.8071,9.3162,5976.0735,9.299,5989.9602,9.2809,6000.1616,9.2585,6014.362,9.2291,6037.6043,9.2002,6067.2465,9.18,6098.497,9.1647,6121.6906,9.1531,6126.3454,9.1384,6120.3693,9.1037,6122.0826,9.0727,6134.9574,9.0472,6146.6749,9.0289,6152.2467,9.0131,6166.2578,8.9869,6192.8757,8.9681,6214.2857,8.9587,6227.6434,8.9445,6242.1698,8.9324,6251.4642,8.9227,6251.7568,8.9049,6252.8739,8.8853,6259.4571,8.8692,6269.1747,8.8539,6277.4343,8.8419,6284.3112,8.8312,6306.8792,8.8184,6351.9167,8.811,6386.0615,8.8115,6380.7566,8.8107,6357.7974,8.8022,6350.9348,8.7812,6355.1759,8.7667,6356.8537,8.7487,6402.1819,8.7113,6551.8414,8.6877,6743.1995,8.706,6815.8473,8.7395,6713.8733,8.7694,6554.145,8.7802,6466.7731,8.7578,6458.5763,8.7331,6466.9004,8.7165,6471.3166,8.6887,6489.2653,8.6497,6507.6142,8.6154,6499.3359,8.5796,6515.8348,8.5365,6685.6253,8.5253,7061.5267,8.5253,7509.4432,8.5253,7789.2687,8.5253,7763.3837,8.5253
160,302.5695,8.4573,302.5695,8.4573,4413.0417,8.4573,4659.4274,8.4573,4944.9599,8.4573,5192.8675,8.4573,5365.5524,8.4642,5460.775,8.4827,5497.9785,8.5037,5505.7282,8.5298,5486.3823,8.5605,5427.244,8.5874,5356.6696,8.6011,5334.9041,8.6038,5389.8454,8.6071,5504.647,8.617,5646.8103,8.634,5777.9303,8.6594,5865.7119,8.6914,5908.7679,8.7246,5927.0975,8.7598,5919.7783,8.7999,5857.4676,8.839,5736.3245,8.8666,5627.7322,8.8815,5642.2823,8.887,5838.8294,8.9026,6177.2086,8.9462,6529.5554,9.0146,6736.6083,9.096,6704.141,9.1758,6463.8495,9.2437,6137.9337,9.2972,5850.3761,9.326,5671.1453,9.3292,5623.583,9.318,5693.4077,9.3057,5817.126,9.3068,5913.3443,9.3191,5934.4111,9.3341,5871.9613,9.3445,5757.2993,9.359,5662.0994,9.3546,5645.9067,9.3359,5711.2061,9.3208,5819.871,9.317,5916.8017,9.3235,5950.3616,9.3336,5911.7085,9.3393,5850.5951,9.336,5825.2732,9.3132,5839.365,9.2895,5857.8761,9.2733,5868.0126,9.2486,5880.7903,9.2256,5897.595,9.2085,5910.8739,9.1907,5920.0417,9.1689,5932.8043,9.1402,5954.8649,9.1114,5984.059,9.0911,6015.1822,9.0759,6037.8758,9.0643,6041.5421,9.0496,6034.5526,9.0152,6035.6324,8.9847,6048.1156,8.9595,6059.423,8.9412,6064.4315,8.9255,6077.2938,8.9002,6102.2384,8.8822,6122.4497,8.8726,6135.4254,8.8584,6149.6789,8.8465,6158.3169,8.8369,6157.6751,8.8194,6157.9472,8.8,6163.9915,8.7842,6173.069,8.7691,6180.2857,8.7573,6187.3017,8.7467,6213.1622,8.7343,6262.9204,8.7277,6298.7669,8.7289,6290.0349,8.7288,6260.8329,8.721,6248.9245,8.7008,6250.3614,8.6865,6250.4104,8.6688,6297.8363,8.6321,6456.8134,8.6099,6660.1412,8.6289,6736.7309,8.6625,6625.2503,8.6926,6448.4695,8.7044,6348.2561,8.6835,6336.612,8.6598,6345.8171,8.6437,6349.4982,8.6162,6364.3873,8.5773,6378.8976,8.5434,6368.0688,8.5084,6387.2784,8.466,6566.3721,8.4573,6952.1084,8.4573,7404.4763,8.4573,7684.7395,8.4573,7658.6906,8.4573
161,300.0247,8.4146,300.0247,8.4146,4311.8061,8.4146,4597.857,8.4146,4907.9462,8.4146,5163.0296,8.4146,5332.4893,8.4161,5420.6978,8.4315,5452.4662,8.4501,5458.7534,8.4737,5442.4312,8.5017,5390.1883,8.526,5326.3665,8.5374,5305.0669,8.538,5350.8653,8.5395,5448.4533,8.5474,5569.8653,8.5628,5681.8167,8.5867,5755.7294,8.6173,5791.1284,8.6491,5807.1049,8.6831,5802.9556,8.722,5750.9304,8.7598,5645.3653,8.7862,5548.4305,8.8,5558.0521,8.8047,5726.4149,8.8197,6019.063,8.8624,6324.9606,8.9297,6504.7094,9.0096,6476.0851,9.0882,6268.1326,9.1551,5988.575,9.2076,5744.8731,9.2363,5595.869,9.2395,5560.4961,9.2288,5626.6713,9.2174,5738.6426,9.2197,5822.9997,9.2331,5836.1212,9.249,5771.9665,9.2602,5663.2975,9.2743,5577.6188,9.27,5565.5826,9.251,5625.0367,9.2357,5721.7476,9.2317,5808.6945,9.2379,5840.1669,9.2477,5807.2634,9.2534,5754.4621,9.2501,5734.516,9.2275,5749.7133,9.2043,5767.2583,9.1881,5776.277,9.1636,5787.8771,9.1409,5803.3379,9.1241,5815.5815,9.1066,5823.8966,9.0854,5835.14,9.0573,5854.7003,9.0287,5880.7847,9.0086,5908.7757,8.9935,5929.3057,8.9821,5932.5319,8.9676,5926.1019,8.9338,5927.2223,8.9041,5938.7633,8.8794,5948.9158,8.8613,5952.8614,8.8459,5963.8343,8.8214,5985.829,8.804,6003.3253,8.7944,6014.4995,8.7804,6027.4318,8.7688,6035.1964,8.7594,6034.2659,8.7422,6034.4463,8.7235,6040.0691,8.7082,6047.9298,8.6934,6053.5683,8.6818,6060.4064,8.6714,6087.6053,8.6603,6137.6623,8.6555,6171.4762,8.6585,6159.0214,8.6599,6125.4223,8.6536,6110.5974,8.6347,6110.8353,8.6206,6106.9354,8.6033,6143.83,8.5674,6287.2744,8.5474,6476.3481,8.5681,6547.4766,8.6026,6440.4645,8.6343,6271.6942,8.6476,6178.5815,8.6293,6172.2634,8.6066,6183.2417,8.5908,6184.6056,8.5642,6195.2187,8.5263,6205.0364,8.4937,6188.906,8.4595,6204.0406,8.419,6385.1441,8.4146,6779.9999,8.4146,7242.9658,8.4146,7529.2588,8.4146,7502.6131,8.4146
162,297.6284,8.4,297.6284,8.4,4355.0359,8.4,4629.7868,8.4,4939.5739,8.4,5205.821,8.4,5390.377,8.4,5489.5712,8.4093,5524.927,8.4246,5529.0081,8.445,5507.0881,8.4696,5447.2106,8.4906,5375.3079,8.4987,5347.6796,8.4956,5390.3804,8.4939,5487.8444,8.4991,5610.5214,8.5123,5723.25,8.5344,5796.1733,8.5634,5828.6694,8.5937,5840.2951,8.6261,5830.2041,8.6636,5770.1386,8.7,5655.5217,8.7253,5551.8954,8.7374,5560.9245,8.739,5736.2851,8.7512,6041.1858,8.7921,6358.8001,8.8586,6543.2587,8.9385,6508.9901,9.0171,6286.6911,9.0837,5989.1269,9.136,5729.051,9.1632,5568.6558,9.165,5527.4421,9.1536,5591.7474,9.142,5703.3559,9.1443,5786.3568,9.158,5795.8376,9.1743,5726.2766,9.185,5611.6895,9.1995,5520.5597,9.1944,5503.8229,9.1746,5559.51,9.1589,5653.9423,9.1547,5739.3892,9.1609,5767.9862,9.1709,5729.9403,9.1768,5670.9893,9.1735,5645.5017,9.1508,5656.4627,9.1279,5671.0239,9.112,5677.9135,9.0879,5687.664,9.0654,5701.166,9.0489,5711.339,9.0319,5717.3757,9.0113,5725.8657,8.984,5742.3148,8.9557,5765.1662,8.9359,5789.8584,8.9212,5807.596,8.9101,5809.3226,8.8961,5802.3459,8.8632,5802.6993,8.8341,5812.8127,8.8099,5821.4731,8.7925,5824.0713,8.7775,5832.9978,8.7537,5852.0419,8.737,5866.7467,8.7277,5875.7337,8.714,5886.752,8.7027,5893.1253,8.6937,5891.5734,8.6772,5891.4138,8.659,5896.2405,8.6442,5902.7657,8.6299,5909.0024,8.6185,5921.6105,8.6086,5957.7803,8.5993,6013.9141,8.5976,6046.8551,8.6039,6025.9205,8.6081,5979.8501,8.6039,5955.4911,8.5861,5952.1176,8.5723,5948.3994,8.5553,5989.7417,8.5213,6144.5173,8.5025,6347.2649,8.5251,6423.0831,8.5638,6305.5215,8.6001,6117.5854,8.6176,6009.1876,8.6002,5995.4793,8.5772,6001.8647,8.5623,5997.6722,8.537,6001.5329,8.5007,6004.1034,8.4701,5984.6082,8.438,6010.1219,8.4,6220.1845,8.4,6651.3337,8.4,7141.2817,8.4,7439.2846,8.4,7411.2844,8.4
163,295.3673,8.4146,295.3673,8.4146,4405.568,8.4146,4675.5691,8.4146,4990.3615,8.4146,5270.5522,8.4146,5471.8525,8.4146,5583.8685,8.4167,5624.4976,8.4283,5627.3386,8.4448,5600.2023,8.4654,5532.8177,8.4824,5452.8715,8.4866,5418.8323,8.4797,5458.0575,8.4746,5554.6105,8.4768,5677.4745,8.4875,5789.8644,8.5072,5860.8358,8.534,5889.6967,8.5623,5896.5193,8.5928,5880.3999,8.6282,5812.5326,8.6626,5689.0145,8.6861,5578.2205,8.6963,5585.4004,8.6955,5765.9203,8.7055,6080.9363,8.7444,6408.2448,8.8091,6596.1138,8.8874,6556.1205,8.9645,6320.4975,9.0298,6006.4098,9.0809,5731.3818,9.1067,5560.6886,9.1076,5514.1692,9.0955,5576.5324,9.0836,5687.3205,9.0855,5768.4605,9.0988,5774.0937,9.1147,5699.2654,9.1248,5578.7661,9.1388,5481.7341,9.133,5459.8442,9.1128,5511.6584,9.097,5603.6052,9.0925,5686.9642,9.0985,5712.0538,9.1082,5668.3443,9.1141,5602.7862,9.1108,5571.6248,9.0883,5578.6356,9.0657,5590.4363,9.05,5595.0386,9.0262,5602.6687,9.004,5614.0251,8.9877,5621.8345,8.9711,5625.1057,8.9512,5630.2804,8.9248,5643.0669,8.897,5662.3181,8.8776,5683.6385,8.8631,5698.4422,8.8524,5698.0507,8.8387,5689.7027,8.8067,5688.8872,8.7783,5697.6668,8.7548,5704.8338,8.7378,5705.6351,8.7232,5712.0057,8.7002,5727.8138,8.684,5739.3366,8.675,5745.6014,8.6619,5754.3583,8.6509,5759.0228,8.6422,5756.3669,8.6264,5755.1539,8.6089,5758.3377,8.5946,5764.7385,8.5804,5776.2572,8.5696,5798.5979,8.562,5843.1957,8.5564,5902.6105,8.5587,5932.2171,8.5682,5900.2953,8.5751,5839.0047,8.573,5802.8726,8.5566,5793.8308,8.543,5787.9148,8.5265,5833.2182,8.4949,6002.8521,8.4792,6224.3289,8.5046,6308.5461,8.5465,6183.0673,8.5865,5974.9552,8.6095,5843.6615,8.5966,5814.586,8.575,5815.1087,8.5607,5807.4988,8.5367,5803.5257,8.5028,5795.4807,8.4739,5777.417,8.4424,5831.203,8.4146,6087.9694,8.4146,6560.8821,8.4146,7076.0197,8.4146,7384.4254,8.4146,7355.2707,8.4146
164,293.2293,8.4573,293.2293,8.4573,4462.1697,8.4573,4733.8424,8.4573,5056.9811,8.4573,5350.9248,8.4573,5568.1795,8.4573,5694.797,8.4573,5744.8133,8.4624,5750.1085,8.4744,5719.7675,8.4902,5645.8384,8.5027,5558.3792,8.5026,5518.075,8.4915,5553.4254,8.4829,5648.1317,8.4816,5769.9579,8.4894,5880.8078,8.5065,5948.886,8.5307,5973.4837,8.5566,5975.1265,8.5849,5952.9297,8.6179,5877.6873,8.6497,5745.9516,8.671,5628.2655,8.6788,5632.7832,8.6756,5816.2847,8.6837,6138.2588,8.7203,6472.1826,8.7826,6661.6986,8.8584,6616.1841,8.9331,6369.0858,8.9966,6040.9926,9.0458,5753.1843,9.0703,5573.372,9.0701,5521.644,9.0572,5581.4342,9.0446,5690.5336,9.0458,5769.1878,9.0581,5770.8708,9.073,5691.1187,9.0824,5565.1823,9.0952,5462.4865,9.0889,5435.2588,9.0685,5482.5874,9.0526,5571.0087,9.0481,5651.0501,9.0537,5671.636,9.0631,5621.5157,9.0688,5548.6146,9.0656,5511.1727,9.0433,5513.9036,9.0212,5522.6157,9.0055,5524.3916,8.9821,5529.3124,8.9602,5537.9809,8.9442,5542.8227,8.928,5542.6767,8.9086,5543.9267,8.8829,5552.4154,8.8557,5567.393,8.8367,5584.7917,8.8225,5596.2117,8.8121,5593.1371,8.7987,5582.8012,8.7676,5580.4862,8.7402,5587.9178,8.7174,5593.456,8.7009,5591.9394,8.6867,5595.1505,8.6643,5607.276,8.6488,5615.139,8.64,5618.191,8.6275,5624.4434,8.617,5627.2572,8.6086,5622.9901,8.5933,5619.8144,8.5766,5621.2077,8.5628,5629.4243,8.5491,5649.1107,8.5396,5682.4148,8.5352,5734.6122,8.5341,5795.8209,8.5407,5820.3844,8.5535,5774.8957,8.563,5695.15,8.5632,5644.7033,8.5485,5629.856,8.5352,5626.6605,8.5193,5684.5304,8.4904,5872.8567,8.48,6108.9108,8.5096,6196.2065,8.5543,6060.1085,8.5976,5828.7002,8.6255,5670.0532,8.6189,5623.4383,8.5999,5619.7422,8.586,5611.3676,8.5636,5600.5484,8.5324,5580.7878,8.5054,5563.2515,8.4735,5648.1024,8.4573,5957.9801,8.4573,6479.4445,8.4573,7024.919,8.4573,7346.4348,8.4573,7315.8678,8.4573
165,291.2036,8.5253,291.2036,8.5253,4529.3847,8.5253,4806.9084,8.5253,5139.581,8.5253,5445.6181,8.5253,5676.1501,8.5253,5815.4618,8.5253,5874.8413,8.5253,5884.1186,8.5324,5852.7377,8.5438,5774.948,8.5524,5683.0779,8.549,5639.5783,8.5351,5674.7634,8.5253,5772.7618,8.5253,5898.6437,8.5253,6010.7421,8.5381,6076.0223,8.5587,6094.8485,8.5815,6089.2954,8.6068,6059.2441,8.6368,5975.5179,8.6653,5835.0236,8.6838,5709.8248,8.6884,5710.1461,8.6821,5893.7051,8.6876,6218.7141,8.7212,6555.5947,8.7806,6744.7771,8.8533,6694.1245,8.9254,6438.0847,8.9866,6100.2832,9.0334,5805.331,9.0564,5621.2387,9.0553,5564.9181,9.0416,5618.2189,9.0281,5720.7608,9.0283,5793.9541,9.0391,5790.6669,9.0525,5706.1017,9.0612,5575.5581,9.0723,5468.1767,9.0655,5435.7292,9.0448,5477.4246,9.0289,5560.5295,9.0242,5635.6417,9.0296,5650.6372,9.0385,5593.3753,9.0441,5512.4367,9.041,5467.9305,9.0191,5465.5621,8.9975,5470.4128,8.9819,5468.653,8.9588,5470.1427,8.9373,5475.3391,8.9216,5476.4001,8.9057,5472.0056,8.8868,5468.3958,8.8617,5471.3749,8.8351,5480.5378,8.8165,5492.4243,8.8028,5499.1998,8.7927,5492.6048,8.7796,5479.6908,8.7496,5475.33,8.7233,5480.7804,8.7012,5483.8765,8.6853,5478.9405,8.6716,5477.4678,8.6499,5484.0135,8.6351,5486.3176,8.6267,5484.5305,8.6149,5486.9236,8.6049,5486.8388,8.5968,5479.6969,8.5823,5473.0105,8.5665,5474.1827,8.553,5490.8497,8.5405,5524.4853,8.5346,5568.5421,8.5355,5625.1403,8.5407,5685.8316,8.5531,5704.5893,8.5705,5645.2175,8.5841,5542.8041,8.5887,5466.7235,8.5786,5433.1006,8.5666,5428.2673,8.5508,5508.3643,8.5253,5734.6778,8.5253,6003.8707,8.5491,6106.2059,8.5944,5966.3391,8.6395,5716.0308,8.6705,5533.0025,8.6695,5470.9535,8.6532,5464.5276,8.6396,5456.1348,8.6184,5438.64,8.5898,5406.8857,8.5645,5388.1536,8.5322,5500.0328,8.5253,5858.4788,8.5253,6426.3953,8.5253,7002.7159,8.5253,7338.2713,8.5253,7306.227,8.5253
166,289.2803,8.6139,289.2803,8.6139,4606.1825,8.6139,4888.4883,8.6139,5226.0007,8.6139,5535.6823,8.6139,5768.412,8.6139,5908.3823,8.6139,5966.6712,8.6139,5973.3689,8.6198,5938.3719,8.6306,5856.7411,8.6385,5763.7232,8.6342,5726.0349,8.6201,5775.5651,8.6139,5893.6523,8.6139,6039.8406,8.6139,6166.8089,8.6169,6238.8655,8.6331,6257.6646,8.6522,6248.2864,8.6739,6213.1143,8.7003,6124.2023,8.725,5978.5812,8.7399,5848.0062,8.74,5842.3748,8.7274,6019.1254,8.727,6336.5512,8.756,6665.7716,8.8121,6848.2008,8.8824,6792.4582,8.9525,6533.4709,9.0117,6195.8752,9.0563,5905.5267,9.0764,5727.2573,9.0733,5669.1092,9.0586,5708.9246,9.0443,5793.3781,9.0437,5852.0454,9.0532,5839.0305,9.0654,5747.5507,9.0727,5611.5869,9.0831,5498.4131,9.075,5457.4165,9.0538,5487.9012,9.0381,5559.3083,9.0337,5623.1465,9.0397,5626.3017,9.0493,5555.1475,9.0559,5458.4323,9.0537,5399.0692,9.0326,5385.1289,9.0118,5381.1622,8.9966,5371.7162,8.9745,5365.7179,8.9539,5363.2563,8.9388,5356.3545,8.9236,5343.4493,8.9056,5330.1121,8.8816,5321.4661,8.8565,5317.3566,8.839,5316.0523,8.8262,5312.3531,8.8171,5299.4473,8.8051,5283.0086,8.7776,5275.2508,8.7531,5276.2202,8.7326,5273.8926,8.7182,5262.3809,8.7056,5254.1634,8.6852,5258.055,8.6722,5264.1259,8.6659,5265.2738,8.6588,5257.7781,8.6553,5233.6358,8.6522,5201.3663,8.6403,5187.5296,8.6236,5215.0256,8.6139,5287.537,8.6139,5381.8018,8.6139,5471.0982,8.6139,5554.6021,8.6139,5628.2973,8.6259,5650.4448,8.646,5587.3569,8.6625,5475.0722,8.6704,5385.3513,8.6633,5340.9479,8.6513,5338.0474,8.6351,5438.2955,8.6139,5695.226,8.6139,5990.1882,8.6297,6106.0752,8.6752,5970.6533,8.7214,5720.8544,8.7541,5536.8535,8.7531,5472.3435,8.7362,5461.9078,8.7226,5448.7391,8.7019,5425.2877,8.6745,5386.2439,8.6503,5364.6343,8.6178,5486.3855,8.6139,5866.8634,8.6139,6459.4872,8.6139,7054.8748,8.6139,7399.9459,8.6139,7366.9303,8.6139
167,287.4502,8.7171,287.4502,8.7171,4682.8152,8.7171,4977.4138,8.7171,5323.8436,8.7171,5637.8408,8.7171,5871.7485,8.7171,6010.5366,8.7171,6065.6755,8.7171,6068.5259,8.7226,6030.5412,8.7333,5947.5551,8.7408,5855.2286,8.7356,5821.0123,8.721,5877.8254,8.7171,6007.1695,8.7171,6165.8831,8.7171,6302.081,8.7171,6377.7598,8.7281,6395.769,8.7447,6383.6576,8.764,6346.0043,8.788,6256.9384,8.8102,6114.6287,8.8229,5986.8942,8.8196,5975.6945,8.8014,6136.6784,8.7958,6434.4917,8.8212,6746.5897,8.8754,6918.0783,8.9451,6859.5501,9.0147,6605.2292,9.0732,6277.4482,9.117,5999.7315,9.1346,5831.7884,9.1295,5773.3063,9.1136,5799.8861,9.0986,5866.666,9.0972,5912.1175,9.1061,5891.6174,9.1179,5795.8894,9.1244,5657.1193,9.1352,5540.3616,9.1261,5492.6677,9.1049,5513.8644,9.0894,5575.4619,9.0857,5629.7592,9.0929,5623.4454,9.1039,5542.0904,9.112,5434.1223,9.1109,5364.152,9.0906,5342.0023,9.0703,5331.9572,9.0554,5317.4421,9.0343,5306.5647,9.0143,5299.0327,8.9996,5286.96,8.9849,5268.8741,8.9674,5249.9193,8.9439,5234.481,8.9197,5222.2502,8.9032,5212.728,8.891,5202.8874,8.8825,5187.0664,8.8714,5169.6377,8.8455,5160.5264,8.822,5159.0932,8.8026,5153.8095,8.7892,5139.1543,8.7774,5130.3086,8.7574,5139.7012,8.7457,5154.1651,8.7421,5157.7329,8.7399,5140.4099,8.7422,5096.5076,8.743,5052.1376,8.7315,5054.563,8.7171,5122.7735,8.7171,5237.8045,8.7171,5363.8346,8.7171,5474.6883,8.7171,5571.5277,8.7171,5651.9243,8.7253,5676.8903,8.7461,5615.5025,8.7637,5505.3806,8.7729,5417.6735,8.7664,5372.9003,8.7534,5368.1957,8.7365,5469.3376,8.7171,5729.1375,8.7171,6024.4949,8.7282,6139.6438,8.7752,6008.3092,8.8234,5769.5358,8.8575,5597.9755,8.8546,5538.5092,8.8356,5523.9957,8.8217,5503.9021,8.8012,5474.9262,8.7746,5432.1894,8.7512,5410.0234,8.7193,5535.9107,8.7171,5925.8542,8.7171,6532.7517,8.7171,7142.9521,8.7171,7496.7026,8.7171,7462.8549,8.7171
